time,q_0,qd_0,sp_0,err_0,integral_0,derivative_0,delta_Kp_0,delta_Ki_0,delta_Kd_0,q_1,qd_1,sp_1,err_1,integral_1,derivative_1,delta_Kp_1,delta_Ki_1,delta_Kd_1,q_2,qd_2,sp_2,err_2,integral_2,derivative_2,delta_Kp_2,delta_Ki_2,delta_Kd_2,q_3,qd_3,sp_3,err_3,integral_3,derivative_3,delta_Kp_3,delta_Ki_3,delta_Kd_3,q_4,qd_4,sp_4,err_4,integral_4,derivative_4,delta_Kp_4,delta_Ki_4,delta_Kd_4,q_5,qd_5,sp_5,err_5,integral_5,derivative_5,delta_Kp_5,delta_Ki_5,delta_Kd_5
0.0,0.0,0.0,0.0,0.0,0.0,0.0,0.0,0.0,0.0,0.0,0.0,0.3702402448465305,0.3702402448465305,0.0037024024484653053,37.02402448465305,50.0,0.05808226515843663,10.0,0.0,0.0,0.3490658503988659,0.3490658503988659,0.003490658503988659,34.906585039886586,50.0,0.12006840625733527,10.0,0.0,0.0,0.0,0.0,0.0,0.0,0.0,0.0,0.0,0.0,0.0,0.0,0.0,0.0,0.0,0.0,0.0,0.0,0.0,0.0,0.0,0.0,0.0,0.0,0.0,0.0,0.0
0.01,0.0090720098570784,0.90720098570784,0.009869344645564222,0.000797334788485822,-8.274675068592579e-05,0.9869344645564222,0.028113558257299026,0.0,0.37239509529749687,0.05143704448518226,5.143704448518226,0.3771529234837126,0.32571587899853033,0.006445190793598786,0.691267863718209,50.0,0.1086144583274146,10.0,0.1984642823550893,19.84642823550893,0.3489556116624759,0.1504913293073866,0.003010928973511632,-0.011023873638998927,-50.0,-0.058638214479336336,0.8832823813728867,-7.731628962713334e-05,-0.007731628962713334,0.009869344645564222,0.009946660935191356,0.00010023977224818489,0.9869344645564222,7.7465843745382985,0.004303770016218629,10.0,-0.002727363501299033,-0.2727363501299033,0.009869344645564222,0.012596708146863256,0.0001532407164816229,0.9869344645564222,17.334869054563526,0.0030001845859084653,10.0,-1.8535774914645157e-06,-0.00018535774914645156,0.009869344645564222,0.009871198223055686,9.873051800547151e-05,0.9869344645564222,12.652064515484051,0.001494403403368411,10.0
0.02,0.02057703695441266,1.1505027097334257,0.01973713080719984,-0.0008399061472128197,-0.00020619608313139659,0.9867786161635618,-0.018379576182493078,0.001038371729475685,-6.71770374372456,0.11757171460935034,6.613467012416808,0.3839316014830391,0.2663598868736888,0.008447442961093992,0.6778677999326521,50.0,0.13221127417657172,10.0,0.4037049832125855,20.524070085749617,0.3486249650824547,-0.0550800181301308,0.0004077217836353617,-0.033064658002118774,50.0,-0.02911396317556134,9.331356807775201,0.013724678211886117,1.380199450151325,0.01973713080719984,0.006012452595313723,2.234435318618962e-05,0.9867786161635618,-1.4589982141397626,0.0,-8.804627004801702,0.010298471404893332,1.3025834906192366,0.01973713080719984,0.009438659402306508,0.00011736896144276432,0.9867786161635618,-0.9139726037666328,0.00030273102055336683,-3.9339327549713388,0.009718400547027793,0.9720254124519258,0.01973713080719984,0.010018730260172047,0.00010171527936199942,0.9867786161635618,1.947568190683343,0.0014504920803029607,7.897901733427345
0.03,0.033483780536790464,1.29067435823778,0.029601800247080923,-0.0038819802897095412,-0.0003740833218522701,0.9864669439881082,1.0774411829386867,0.005986486029512389,-10.0,0.1986765121474151,8.110479753806477,0.3905738704124943,0.1918973582650792,0.009555368568364137,0.6642268929455186,50.0,0.09821691423998552,10.0,0.5991825392371811,19.54775560245956,0.3480741195022691,-0.25110841973491205,-0.004058137973959715,-0.05508455801856438,50.0,0.4555145267350603,10.0,0.03132514904128875,1.7600470829402626,0.029601800247080923,-0.001723348794207824,-0.00017089384304991493,0.9864669439881082,2.5063343408774057,-0.0032125635386561534,-10.0,0.030731470154878038,2.0432998749984703,0.029601800247080923,-0.001129669907797115,-9.82577251350539e-05,0.9864669439881082,2.548426778613502,0.0016879369311311977,-10.0,0.028046507298359055,1.8328106751331261,0.029601800247080923,0.0015552929487218682,-6.601285866409452e-05,0.9864669439881082,-1.0038028408239947,0.007332087783578852,-10.0
0.04,0.046879261435222475,1.3395480898432013,0.03946179521954803,-0.007417466215674441,-0.0005822127929933347,0.9859994972467111,1.3086927157848354,-0.020256863562067365,-10.0,0.2928730645028498,9.419655235543466,0.39707737030555557,0.10420430580270579,0.009655446102836848,0.650349989306126,41.59822591521326,0.060993217519966496,10.0,0.767871916489574,16.86893772523929,0.34730342284779403,-0.42056849364177995,-0.009950716682901442,-0.07706966544750449,50.0,1.4452489844499128,10.0,0.051324373134999546,1.9999224093710795,0.03946179521954803,-0.011862577915451512,-0.000489511863141538,0.9859994972467111,37.313349361130946,0.011909480963351054,-10.0,0.05404478639005393,2.3313316235175896,0.03946179521954803,-0.014582991170505898,-0.0004772207991918718,0.9859994972467111,50.0,0.029785583496282676,-10.0,0.04543729503310154,1.7390787734742479,0.03946179521954803,-0.0059754998135535045,-0.0002996757341470544,0.9859994972467111,9.5652244986299,0.015256239367237781,-10.0
0.05,0.06053428090070111,1.3655019465478628,0.04931555871709433,-0.011218722183606776,-0.0008309502094841887,0.9853763497546297,3.8352091862490605,0.004478568229346206,-10.0,0.3963161439298645,10.344307942701468,0.403439790499678,0.007123646569813513,0.008692251774264836,0.636242019412242,-2.665141985643713,-0.023523389487302083,-8.86756790370286,0.8951281524849704,12.725623599539631,0.3463133619075551,-0.5488147905774152,-0.01671142694862956,-0.09900609402389016,50.0,2.7608126301168774,10.0,0.07244272970365379,2.1118356568654235,0.04931555871709433,-0.023127170986559455,-0.0009319671386936749,0.9853763497546297,50.0,0.030643076602581934,-10.0,0.0784254698720684,2.4380683482014467,0.04931555871709433,-0.02910991115497407,-0.0010121267455617572,0.9853763497546297,50.0,0.053434272087769755,-10.0,0.061474420957703654,1.6037125924602114,0.04931555871709433,-0.012158862240609324,-0.0005816356157991688,0.9853763497546297,25.992956814441985,0.009639623933986168,-10.0
0.06,0.07484770143466389,1.431342053396278,0.059161534716235115,-0.015686166718428776,-0.0011309460820081044,0.9845975999140784,5.300933085722248,-0.022364547485868535,-10.0,0.5039002756460466,10.758413171618209,0.40965887045726207,-0.09424140518878449,0.006673996405215171,0.6219079957584084,50.0,-0.08798865591707036,-10.0,0.9698394144427722,7.471126195780183,0.34510456202526246,-0.6247348524175098,-0.023705888092382676,-0.12087998822927215,50.0,4.02131010880952,10.0,0.09313227318163031,2.0689543477976526,0.059161534716235115,-0.033970738465395195,-0.0014785699581273922,0.9845975999140784,50.0,0.06375506001813416,-10.0,0.10190493413886198,2.3479464266793584,0.059161534716235115,-0.042743399422626865,-0.0016743553824559616,0.9845975999140784,50.0,0.10889303014073148,-10.0,0.07570617734653003,1.4231756388826367,0.059161534716235115,-0.016544642630294912,-0.0008893996059903817,0.9845975999140784,39.21408979484964,0.0021410695092609123,-10.0
0.07,0.09047363188216032,1.5625930447496421,0.06899816842322194,-0.021475463458938374,-0.0015019600210724525,0.9836633706986827,9.238987191531352,-0.0003015543409682726,-10.0,0.6107710133866149,10.68707377405683,0.4157324005688117,-0.19503861281780316,0.003654902899631456,0.6073530111549652,50.0,-0.06667938183141649,-10.0,0.9853897635927436,1.5550349149971359,0.34367778670483057,-0.6417119768879129,-0.03027851135276152,-0.14267753204317835,50.0,4.767165597924717,10.0,0.1119745416920078,1.8842268510377485,0.06899816842322194,-0.04297637326878585,-0.0020967563759190255,0.9836633706986827,50.0,0.11833912361452087,-10.0,0.12259724771437805,2.0692313575516073,0.06899816842322194,-0.05359907929115611,-0.0024172693111226833,0.9836633706986827,50.0,0.2146772705673686,-10.0,0.08773548998952793,1.20293126429979,0.06899816842322194,-0.01873732156630599,-0.0011970659480834206,0.9836633706986827,44.84960749906513,0.025012815221637907,-10.0
0.08,0.1077384848200644,1.726485293790409,0.07882390651956259,-0.028914578300501814,-0.0019637543334565114,0.9825738096340644,18.9530921927553,0.010166797152510194,-10.0,0.7125675814865194,10.179656809990457,0.42165822293799815,-0.2909093585485213,-0.00027215636685280244,0.5925822369186429,50.0,-3.087337035842432e-05,-10.0,0.9403786801794787,-4.50110834132649,0.3420339371281324,-0.5983447430513462,-0.035811847949142335,-0.16438495766981642,50.0,4.693899931231334,10.0,0.1277878327386336,1.5813291046625801,0.07882390651956259,-0.048963926219071,-0.0027445285485759936,0.9825738096340644,50.0,0.1877572643975047,-10.0,0.13896206850232273,1.6364820787944676,0.07882390651956259,-0.06013816198276015,-0.0031822991388297315,0.9825738096340644,50.0,0.2831240571585038,-10.0,0.09735110215696646,0.9615612167438536,0.07882390651956259,-0.018527195637403876,-0.0014784940261318449,0.9825738096340644,37.96844942527042,0.026694850056903297,-10.0
0.09,0.12623462550164288,1.849614068157849,0.08863719740730808,-0.037597428094334806,-0.0025246900212156443,0.981329088774549,33.550942844920975,0.017835646636992684,-10.0,0.8056340882905121,9.30665068039926,0.4274342321483502,-0.3781998561421619,-0.0049848199963143484,0.577600921035204,50.0,0.1292987358207975,-10.0,0.8389453539456397,-10.143332623383898,0.340174051585794,-0.49877130235984574,-0.039785227710402396,-0.1859885542338402,50.0,3.6307723774169323,10.0,0.13977914461162436,1.1991311872990777,0.08863719740730808,-0.05114194720431628,-0.003375861139349064,0.981329088774549,50.0,0.22376768444445833,-10.0,0.15002135455368074,1.1059286051358006,0.08863719740730808,-0.06138415714637266,-0.003906733570807038,0.981329088774549,50.0,0.31026460631513036,-10.0,0.10463484763902163,0.7283745482055172,0.08863719740730808,-0.015997650231713553,-0.001711307983269532,0.981329088774549,25.16481203278484,0.02823126041314761,-10.0
0.1,0.14474005942843168,1.8505433926788801,0.09843649145406798,-0.046303567974363705,-0.003172780040227169,0.9799294046759901,50.0,0.02342920968410475,-10.0,0.8871690158687359,8.153492757822377,0.43305837601129843,-0.45411063985743744,-0.01034127567067096,0.5624143862948239,50.0,0.33476272242642363,-10.0,0.6906181201743478,-14.832723377129193,0.3380993048213874,-0.35251881535296037,-0.041827143526219086,-0.20747467644066098,50.0,1.7501316258899007,10.0,0.14764797799626572,0.7868833384641365,0.09843649145406798,-0.049211486542197744,-0.003946664338617455,0.9799294046759901,50.0,0.22767705991363174,-10.0,0.15550273952125707,0.5481384967576327,0.09843649145406798,-0.05706624806718909,-0.004532209901154692,0.9799294046759901,50.0,0.31206648640980883,-10.0,0.10987255497683965,0.523770733781802,0.09843649145406798,-0.01143606352277167,-0.001878045691875429,0.9799294046759901,8.433985121550599,0.011409361291024541,-10.0
0.11,0.16149998046192635,1.6759921033494674,0.10822024123771527,-0.05327973922421107,-0.0038731766428042264,0.9783749783647294,50.0,0.05127688061423465,-10.0,0.9552764191650219,6.810740329628608,0.43852865629530835,-0.5167477628697136,-0.01618982733233096,0.5470280284009976,50.0,0.6162835004781555,-10.0,0.5095896169118416,-18.102850326250618,0.3358110072894379,-0.17377860962240366,-0.041754644589818056,-0.22882975319494792,-50.0,-0.49023043001637034,-10.0,0.15163039003730158,0.3982412041035864,0.10822024123771527,-0.04341014879958631,-0.004420589947023677,0.9783749783647294,50.0,0.20183214396084048,-10.0,0.15589088703418646,0.03881475129294032,0.10822024123771527,-0.04767064579647119,-0.005012797834248698,0.9783749783647294,50.0,0.2564863793871541,-10.0,0.11345760751261631,0.35850525357766694,0.10822024123771527,-0.00523736627490104,-0.001966269879982206,0.9783749783647294,1.00300912917323,0.009088360572639025,-4.000962786628773
0.12,0.17476394005189821,1.326395958997188,0.11798690179074228,-0.05677703826115593,-0.004573586621315504,0.9766660553027009,50.0,0.06179065054210019,-10.0,1.0085998004548562,5.33233812898343,0.44384312943584253,-0.5647566710190137,-0.02237062785541944,0.5314473140534126,50.0,0.9260226812291584,-10.0,0.3157808940840025,-19.380872282783905,0.3333106043277129,0.017529710243710417,-0.03964126025910256,-0.250040296172499,50.0,-2.574177505616749,-10.0,0.15247411081653747,0.08437207792358847,0.11798690179074228,-0.03448720902579519,-0.004773899245073988,0.9766660553027009,50.0,0.14822960885305533,-10.0,0.15235286374552895,-0.3538023288657503,0.11798690179074228,-0.03436596195478667,-0.0053210772209099895,0.9766660553027009,50.0,0.15048150243538477,-10.0,0.11878111880604604,0.5323511293429728,0.11798690179074228,-0.0007942170153037581,-0.002027447163069541,0.9766660553027009,0.0,0.0,-0.4879377715405392
0.13,0.18326684589701392,0.8502905845115711,0.12773493084422896,-0.05553191505278496,-0.005213934830294512,0.9748029053486679,50.0,0.07667954933481648,-10.0,1.045999856382848,3.7400055927991858,0.4489999072258997,-0.5969999491569484,-0.02871462790626884,0.5156777790057188,50.0,1.3381094685195867,-10.0,0.12643434491694266,-18.934654916705984,0.33059967524431483,0.20416533032737216,-0.03570614146415824,-0.2710929083398095,50.0,-4.01681421121286,-10.0,0.1513426105730377,-0.11315002434997956,0.12773493084422896,-0.023607679728808728,-0.004998661039927077,0.9748029053486679,34.33846010987844,0.06502736648507665,-10.0,0.14666411882823954,-0.5688744917289394,0.12773493084422896,-0.01892918798401058,-0.005453481651577201,0.9748029053486679,11.969345083397723,0.024354824702603996,-10.0,0.1278384448905098,0.9057326084463755,0.12773493084422896,-0.00010351404628083927,-0.002119055564376987,0.9748029053486679,0.0,-0.008865260269101416,-4.891856841979051
0.14,0.18640118302977648,0.31343371327625735,0.1374627890713851,-0.04893839395839139,-0.005734662141206051,0.9727858227156133,50.0,0.07088624805636544,-10.0,1.065938924149861,1.9939067767012881,0.4539971574868854,-0.6119417666629755,-0.03503343625056873,0.49972502609857417,50.0,1.702543077524372,-10.0,-0.03948824117450142,-16.59225860914441,0.32767993232015746,0.3671681734946589,-0.030375233868297217,-0.2919742924157309,50.0,-4.560436174078501,-10.0,0.14985223484592625,-0.1490375727111436,0.1374627890713851,-0.012389445774541152,-0.005107651740401374,0.9727858227156133,4.485563673445642,0.007457466330980626,-10.0,0.14132491089946803,-0.5339207928771526,0.1374627890713851,-0.0038621218280829317,-0.005438710790570315,0.9727858227156133,-0.7564583400940431,-0.006491816907141884,3.534648852179289,0.13844593947268594,1.0607494582176145,0.1374627890713851,-0.0009831504013008419,-0.002234962014211757,0.9727858227156133,-0.21785527430456686,-0.001349632792811897,-8.33276675051679
0.15,0.184257105036177,-0.21440779935994692,0.14716894033062758,-0.03708816470554943,-0.006084103008325551,0.9706151259242485,35.499862302372456,0.0638412164527103,-10.0,1.0666006499350178,0.06617257851568437,0.45883310471957717,-0.6077675452154406,-0.0411177289605747,0.4835947232691762,50.0,2.0435090386573544,-10.0,-0.16509487487386165,-12.560663369936023,0.32455321972745166,0.4896480946013133,-0.02422268658529048,-0.3126712592705805,50.0,-4.104084667116324,-10.0,0.14957015080462005,-0.028208404130619535,0.14716894033062758,-0.002401210473992471,-0.005128843004728237,0.9706151259242485,0.0,0.016416385285437127,0.4472594639488969,0.1457699223114423,0.44450114119742834,0.14716894033062758,0.0013990180191852664,-0.005469170724498205,0.9706151259242485,-0.015633967448750227,0.008540493825277938,-3.4026121327673398,0.1488303377456553,1.0384398272969355,0.14716894033062758,-0.0016613974150277155,-0.0023554199710917275,0.9706151259242485,0.14840474145108448,0.015287532625756488,-8.963919015833234
0.16,0.17757041797708067,-0.6686687059096325,0.15685185190815545,-0.02071856606892522,-0.006224421798423839,0.9682911577527875,12.999381546022644,0.07018448932584055,-10.0,1.0464463764735505,-2.0154273461467165,0.46350603073494995,-0.5829403457386007,-0.04674558968334604,0.4672926015372725,50.0,2.2135342056653684,-10.0,-0.23753856382722288,-7.244368895336121,0.3212215123648869,0.5587600761921098,-0.01791064893383577,-0.33317073625648286,50.0,-3.091518531829798,-10.0,0.1568342632708605,0.7264112466240453,0.15685185190815545,1.758863729495186e-05,-0.005201308243017692,0.9682911577527875,0.0,0.008723633071487324,-7.226943077332468,0.1565599530612986,1.0790030749856285,0.15685185190815545,0.0002918988468568473,-0.0055741520435282,0.9682911577527875,-0.0139344363621855,0.02719014579664389,-10.0,0.15863977279646926,0.9809435050813962,0.15685185190815545,-0.0017879208883138098,-0.002471393530483005,0.9682911577527875,0.5512097833684245,-0.023366482508908,-8.323492515277895
0.17,0.16757960865602034,-0.9990809321060334,0.16650999475998263,-0.0010696138960377133,-0.006135209844173613,0.9658142851827173,-0.3524659757681364,0.014181929624765773,-10.0,1.0048900164313614,-4.155636004218909,0.4680142752646414,-0.53687574116672,-0.051698783494591345,0.4508244529691563,50.0,2.151011922502738,-10.0,-0.24983079933955854,-1.2292235512335665,0.31768691461024334,0.5675177139498019,-0.012112549439214393,-0.3534597754643598,50.0,-1.9066233686974774,-10.0,0.16801351248433935,1.117924921347886,0.16650999475998263,-0.0015035177243567233,-0.005328135912396048,0.9658142851827173,1.3408772783998641,0.04335285540087724,-10.0,0.16976694883904744,1.3206995777748838,0.16650999475998263,-0.0032569540790648166,-0.005738791542096337,0.9658142851827173,4.389142273745304,0.05631328678105357,-10.0,0.16818842354917204,0.9548650752702782,0.16650999475998263,-0.0016784287891894178,-0.002583664325901927,0.9658142851827173,0.7336559658526371,0.010113430884027143,-7.859174292590893
0.18,0.15585280925552097,-1.1726799400499364,0.17614184375339215,0.020289034497871172,-0.005815051505189907,0.963184899340952,1.1950656671221365,-0.014537270774307158,1.5395933462226128,0.9427613663426014,-6.212865008875996,0.4723562365508365,-0.47040512979176496,-0.055781548291621394,0.4341961286195073,50.0,1.8438759641875886,-10.0,-0.20192797654425892,4.790282279529961,0.3139516589912213,0.5158796355354802,-0.007432781311812588,-0.3735255619021993,50.0,-0.906995740674713,-10.0,0.1815372984849089,1.3523786000569569,0.17614184375339215,-0.005395454731516758,-0.005517328319716911,0.963184899340952,7.787478449885182,0.07606167748060237,-10.0,0.18495040876997604,1.5183459930928587,0.17614184375339215,-0.008808565016583891,-0.005978711791571461,0.963184899340952,21.273285646961785,0.162102947777915,-10.0,0.17771299832535156,0.9524574776179506,0.17614184375339215,-0.0015711545719594155,-0.0026946216193833167,0.963184899340952,-0.15333823283071835,-0.04447075215025522,-7.710348944943661
0.19,0.14455512088817038,-1.1297688367350591,0.18574587790777194,0.041190757019601565,-0.005290167051320386,0.9604034154379798,12.60849338877589,-0.020197769002072395,10.0,0.8624682725985092,-8.029309374409225,0.47653037191536496,-0.38593790068314426,-0.05883799636101191,0.4174135364528486,50.0,1.3373648473358342,-10.0,-0.10072742332219559,10.120055322206333,0.31001810477532876,0.41074552809752435,-0.004337331563057978,-0.3933554215892532,50.0,-0.35800464706747437,-10.0,0.19695694607791386,1.5419647593004966,0.18574587790777194,-0.011211068170141919,-0.005783635477348381,0.9604034154379798,26.22230761655827,0.1378556334068738,-10.0,0.20138341057059778,1.6433001800621734,0.18574587790777194,-0.01563753266282583,-0.006299417136205938,0.9604034154379798,50.0,0.20865170881454828,-10.0,0.18729294893087992,0.9579950605528345,0.18574587790777194,-0.001547071023107971,-0.0028058918356696797,0.9604034154379798,0.4243639621968041,0.0060982319844575675,-7.7737842781264925
0.2,0.13565842348480464,-0.8896697403365751,0.1953205806347956,0.05966215714999096,-0.004604578505786819,0.9574702727023654,29.965470188771278,-0.02290343247764102,10.0,0.7676399956921607,-9.482827690634851,0.48053519830780755,-0.2871047973843531,-0.06076076156579196,0.40048263924425953,50.0,0.7193832265212351,-10.0,0.04101487805125997,14.174230137345555,0.30588873647971815,0.2648738584284582,-0.003106015992507951,-0.41293682956106137,50.0,-0.09733354502041527,-10.0,0.2135134644637785,1.6556518385864625,0.1953205806347956,-0.018192883828982903,-0.006131129499496855,0.9574702727023654,50.0,0.2020488328680702,-10.0,0.21798223623699325,1.6598825666395474,0.1953205806347956,-0.022661655602197656,-0.006692021948891869,0.9574702727023654,50.0,0.2840910263241715,-10.0,0.1968967411887741,0.9603792257894193,0.1953205806347956,-0.001576160553978495,-0.0029176913637884066,0.9574702727023654,0.3721405135820525,0.006381096792956375,-7.890471944424387
0.21,0.13054774447213335,-0.5110679012671275,0.204864439977909,0.07431669550577566,-0.003810304760602349,0.9543859343113414,44.819053658257594,-0.023303667526562676,10.0,0.6625721114752168,-10.506788421694392,0.4843692928324165,-0.1782028186428003,-0.061492110910050524,0.3834094524608922,28.543561681558952,0.09819303970967308,-2.450963172295004,0.20665403112773847,16.56391530764785,0.3015661623019113,0.09491213117417283,-0.0038132862115310075,-0.4322574177806848,-50.0,0.07702846124813297,10.0,0.23014133837806602,1.6627873914287512,0.204864439977909,-0.02527689840015701,-0.006550177222641301,0.9543859343113414,50.0,0.27049245494677215,-10.0,0.23381694431543057,1.5834708078437312,0.204864439977909,-0.028952504337521556,-0.007139894073051458,0.9543859343113414,50.0,0.35252611785813526,-10.0,0.20646482914638387,0.9568087957609773,0.204864439977909,-0.0016003891684748528,-0.003029376135049253,0.9543859343113414,0.3173837611494703,0.006769839209686816,-7.902371496574094
0.22,0.1301886181532458,-0.03591263188875482,0.21437594885108596,0.08418733069784015,-0.0029648401904350725,0.9511508873176949,50.0,-0.014909169210025594,10.0,0.5519789521853382,-11.059315928987857,0.4880312932536635,-0.0639476589316747,-0.06102565590646849,0.3662000421247036,-47.260322246627695,-0.447082346998482,10.0,0.3759770609080958,16.932302978035732,0.2970531124724063,-0.0789239484356895,-0.006295755993691476,-0.45130498295050114,50.0,0.4111080116679401,10.0,0.24590231994008233,1.5760981562016316,0.21437594885108596,-0.03152637108899636,-0.007023050749151428,0.9511508873176949,50.0,0.32904732496442557,-10.0,0.24811131638637934,1.4294372070948778,0.21437594885108596,-0.03373536753529338,-0.00762019146911388,0.9511508873176949,50.0,0.4045319618355321,-10.0,0.21598999327654533,0.9525164130161466,0.21437594885108596,-0.001614044425459371,-0.003140768220605461,0.9511508873176949,0.3232712361864877,0.007730579063769531,-7.891393201840483
0.23,0.13514697260853278,0.49583544552869663,0.2238536052768145,0.08870663266828172,-0.002127357408305125,0.9477656425728537,50.0,-0.003124546661825384,10.0,0.44007192187459343,-11.19070303107448,0.4915198984802362,0.051447976605642765,-0.059392105837304615,0.3488605226572683,50.0,-0.8951057691911014,10.0,0.5325311977357842,15.655413682768835,0.2923524375302056,-0.24017876020557855,-0.010263084964024146,-0.47006749422006666,50.0,1.0431809925580007,10.0,0.2599695603649886,1.4067240424906267,0.2238536052768145,-0.036115955088174084,-0.007524882704282232,0.9477656425728537,50.0,0.37667362315051084,-10.0,0.2602938611094833,1.2182544723103979,0.2238536052768145,-0.03644025583266883,-0.008106419474671608,0.9477656425728537,50.0,0.42097897951733537,-10.0,0.22547685602610862,0.9486862749563293,0.2238536052768145,-0.0016232507492941195,-0.003251869355594035,0.9477656425728537,0.08962354978265465,0.006802169855774372,-7.900780741935409
0.24,0.14553186111997707,1.0384888511444283,0.23329591262327654,0.08776405150329947,-0.0013535657783865728,0.9442307346462037,44.908937871167836,0.0019283911784740964,10.0,0.33044815171914715,-10.962377015544629,0.4948338690273088,0.16438571730816165,-0.05665201096266853,0.3313970547072609,50.0,-1.2397685051943683,10.0,0.6610689329889718,12.853773525318761,0.28746710652235413,-0.3736018264666177,-0.015284480581222198,-0.488533100785149,50.0,1.9420629717760236,10.0,0.27173198700316264,1.1762426638174044,0.23329591262327654,-0.03843607437988611,-0.008026867714462833,0.9442307346462037,50.0,0.4098027797581608,-10.0,0.2701040039433281,0.981014283384479,0.23329591262327654,-0.036808091320051584,-0.00857260181621057,0.9442307346462037,50.0,0.4452184415778851,-10.0,0.23492050812377124,0.9443652097662635,0.23329591262327654,-0.0016245955004947077,-0.003362551831575608,0.9442307346462037,0.3246639183268465,-0.00036134520240729655,-7.87872486806282
0.25,0.16114015577795537,1.5608294657978319,0.2427013798406833,0.08156122406272792,-0.0006940364843390767,0.940546721740676,31.922966193418794,0.014785241305781852,10.0,0.22661127456182398,-10.383687715732318,0.4979720274569259,0.271360752895102,-0.052900034662144275,0.3138158429617177,50.0,-1.4635165104379708,10.0,0.7494839547035168,8.8415021714545,0.2824002051286255,-0.4670837495748913,-0.020839468294116564,-0.5066901393728618,50.0,2.910792673140515,10.0,0.28087191523656957,0.9139928233406929,0.2427013798406833,-0.038170535395886274,-0.008499972350755766,0.940546721740676,50.0,0.39289251263268926,-10.0,0.2775981297716725,0.7494125828344365,0.2427013798406833,-0.03489674993098918,-0.008996510573803908,0.940546721740676,50.0,0.4040719970581733,-10.0,0.24433125745388462,0.9410749330113389,0.2427013798406833,-0.0016298776132013248,-0.003472958101008755,0.940546721740676,0.329739082609749,0.0020873562475064375,-7.868724796657901
0.26,0.18142383857138084,2.0283682793425473,0.2520685216967296,0.07064468312534877,-0.0001904264810198437,0.9367141856046313,17.355647351248454,0.0,9.130418865177464,0.1319546582237918,-9.465661633803219,0.5009332587963401,0.3689786005725483,-0.04826368249303847,0.2961231339414172,50.0,-1.5652361264143924,10.0,0.7895576878027507,4.007373309923391,0.2771549337125412,-0.5124027540902095,-0.026364233166010997,-0.524527141608433,50.0,3.6678964196605595,10.0,0.2874063782645989,0.6534463028029371,0.2520685216967296,-0.03533785656786931,-0.008918695546714752,0.9367141856046313,50.0,0.40242006812897885,-10.0,0.2831250905879403,0.5526960816267779,0.2520685216967296,-0.031056568891210667,-0.009362345870878691,0.9367141856046313,50.0,0.19136738743905446,-10.0,0.253713233028768,0.9381975574883427,0.2520685216967296,-0.0016447113320384177,-0.003583224970077973,0.9367141856046313,-0.05246289212537579,0.0781123256253499,-7.820185041115306
0.27,0.20549181885419163,2.406798028281079,0.261395859011129,0.05590404015693737,0.00012793411772142214,0.9327337314399387,3.5886372532074664,0.0,3.5757671645834157,0.04979947505987689,-8.21551831639149,0.5037165109341568,0.4539170358742799,-0.04290296030265652,0.27832521378167163,50.0,-1.570380384045927,10.0,0.7773923752643059,-1.2165312538444812,0.2717346052999514,-0.5056577699643545,-0.031299157740270096,-0.542032841258977,50.0,3.8519286517835836,10.0,0.291686422140502,0.4280043875903059,0.261395859011129,-0.030290563129373005,-0.009264401616767514,0.9327337314399387,50.0,0.27588925482922,-10.0,0.2872647065603694,0.41396159724291104,0.261395859011129,-0.025868847549240404,-0.009662430506095387,0.9327337314399387,50.0,0.26414798278778256,-10.0,0.26308857554758175,0.9375342518813727,0.261395859011129,-0.001692716536452754,-0.003693905560630638,0.9327337314399387,0.39277591310886123,-0.012953541252927265,-8.023823590037132
0.28,0.23209035729828253,2.65985384440909,0.2706819188891936,0.03859156159091104,0.0002478643491896235,0.9286059878064579,-1.0426256619304288,0.02277647790583555,-0.7877796590609668,-0.016683912026163678,-6.648338708604056,0.5063207949941443,0.523004707020308,-0.03700807936159304,0.26042840599874717,50.0,-1.4110244267702936,10.0,0.7135541610529986,-6.383821421130728,0.2661426434864577,-0.4474115175665409,-0.03513489077382243,-0.5591961813493695,50.0,3.4225622079601172,10.0,0.29435631032889886,0.2669888188396875,0.2706819188891936,-0.02367439143970529,-0.009527844413048535,0.9286059878064579,50.0,0.2074247094730139,-10.0,0.2907368865831084,0.34721800227390276,0.2706819188891936,-0.02005496769391485,-0.009897701983261927,0.9286059878064579,43.09705651224475,0.21771525533644984,-10.0,0.2723557649834403,0.9267189435858515,0.2706819188891936,-0.0016738460942467004,-0.0038033159159316906,0.9286059878064579,0.837871468828733,0.0077056929497962496,-7.881712184066477
0.29,0.2599481534486402,2.785779615035768,0.2799252349544212,0.01997708150578098,0.00016905720274385666,0.9243316065227603,-1.7421914210905534,-0.0020286948195239653,-2.999488589719076,-0.06465976720568659,-4.797585517952291,0.5087451856865766,0.5734049528922631,-0.030794271280875182,0.24243906924322767,50.0,-1.224521400793155,10.0,0.6029178202947318,-11.063634075826677,0.2603825802749963,-0.34253524001973557,-0.03745387976643712,-0.5760063211461441,50.0,2.2129043907449657,10.0,0.29627133075934975,0.1915020430450891,0.2799252349544212,-0.016346095804928573,-0.009710455575402331,0.9243316065227603,20.24280382045041,0.1314447169200069,-10.0,0.29438252919726354,0.3645642614155146,0.2799252349544212,-0.014457294242842367,-0.010078731351831903,0.9243316065227603,19.67053834159505,0.13832903677997888,-10.0,0.28158273509869447,0.9226970115254195,0.2799252349544212,-0.001657500144273294,-0.003912160618526965,0.9243316065227603,0.17929678210572328,0.0038937664213253235,-7.860378126967374
0.3,0.28803202045140414,2.8083867002763925,0.28912434758005323,0.0010923271286490954,-0.00010085819599729179,0.9199112625632055,-0.0931524774726579,0.0,-3.0209017970405014,-0.09197233743382104,-2.7312570228134447,0.5109888216369846,0.6029611590708056,-0.024491533987885783,0.2243635950407996,50.0,-0.9252165414982517,10.0,0.4541722505049732,-14.874556978975868,0.254458053844949,-0.19971419666002416,-0.03796356603513977,-0.5924526430047261,50.0,0.6317660214837518,10.0,0.2986400878462755,0.2368757086925735,0.28912434758005323,-0.009515740266222261,-0.00982930054893381,0.9199112625632055,4.962278626359031,0.04995491594301627,-10.0,0.2990626088931106,0.46800796958470703,0.28912434758005323,-0.009938261313057362,-0.010224914761920946,0.9199112625632055,10.31905957747939,0.10057386449072006,-10.0,0.2907801484002043,0.9197413301509796,0.28912434758005323,-0.0016558008201510432,-0.004020692759743574,0.9199112625632055,0.5292774900619464,0.0033953749621334984,-7.873732185496766
0.31,0.31576450633962333,2.7732485888219203,0.2982778041195666,-0.017486702220056716,-0.0005530500770800509,0.9153456539513383,0.9091602300908806,0.004437790078112662,-1.6647573670738212,-0.09762469461546859,-0.565235718164756,0.5130509056921986,0.6106756003076672,-0.018328254412992635,0.20620840552140196,50.0,-0.614255111021869,10.0,0.27907430483235907,-17.50979456726141,0.24837280625419217,-0.030701498578166897,-0.0365196015641953,-0.6085247590756848,-50.0,-1.1028436430869917,-10.0,0.30232846643582084,0.36883785895453247,0.2982778041195666,-0.004050662316254228,-0.009906690957991805,0.9153456539513383,0.6365188487947034,0.022750382974016697,-7.706309464121989,0.30524979311732137,0.6187184224210781,0.2982778041195666,-0.006971988997754752,-0.010356506494140601,0.9153456539513383,5.204809652476087,0.09567784332792503,-10.0,0.29994063965233364,0.9160491252129349,0.2982778041195666,-0.0016628355327670263,-0.004128926027592537,0.9153456539513383,0.39996332821084474,0.0034437142303361027,-7.88232657191255
0.32,0.34313806346674025,2.737355712711693,0.3073841591360636,-0.035753904330676656,-0.0011843246916579866,0.9106355016496981,-1.1030664270226715,-0.0026428251880390168,0.017606589486729697,-0.0823162643126057,1.5308430302862885,0.5149307052035726,0.5972469695161784,-0.01250886902085948,0.18797995113740695,50.0,-0.3249374495359089,10.0,0.09326081171260964,-18.581349311974943,0.24213068107553135,0.1488698693629217,-0.03317276793936859,-0.6242125178660823,50.0,-2.541219527295999,-10.0,0.30902760360811726,0.6699137172296425,0.3073841591360636,-0.0016434444720536678,-0.009990116774435308,0.9106355016496981,0.26153219534116046,0.02228491907882538,-8.965758533352476,0.31313788244375607,0.7888089326434686,0.3073841591360636,-0.005753723307692471,-0.010492924620481871,0.9106355016496981,4.788076570274757,0.08753325044790257,-10.0,0.3090589075598819,0.911826790754828,0.3073841591360636,-0.0016747484238183175,-0.004236856190906204,0.9106355016496981,0.18202323043976806,0.005025477540344594,-7.904882946989364
0.33,0.37046026963301015,2.7322206166269907,0.3164419746305227,-0.05401829500248745,-0.00199772970334556,0.9057815494459109,-0.46696137480805056,-0.012218230129158335,0.4934831085180552,-0.04838813862621408,3.3928125686391626,0.5166275522872911,0.5650156909135051,-0.0071979933685883445,0.16968470837184224,50.0,-0.12485039012804497,10.0,-0.08833879010414983,-18.159960181675945,0.23573562096901957,0.32407441107316937,-0.0281160278104693,-0.6395060106511807,50.0,-3.356208571430549,-10.0,0.3183918379955219,0.9364234387404613,0.3164419746305227,-0.0019498633649991937,-0.010103257751959345,0.9057815494459109,1.090947716071665,0.04532659195130225,-10.0,0.3227071602229781,0.9569277779221991,0.3164419746305227,-0.006265185592455369,-0.010651269254198646,0.9057815494459109,7.77570985428904,0.14631325492897934,-10.0,0.31812335789865714,0.9064450338775225,0.3164419746305227,-0.0016813832681344398,-0.0043443145269752995,0.9057815494459109,-0.0872104649818461,-0.0017740696196085818,-7.909008497128152
0.34,0.3981754005031462,2.771513087013604,0.3254498202688759,-0.07272558023427028,-0.0030021368143896233,0.9007845638353218,0.768410119156513,-0.0028142933912151035,-0.6721178109052021,0.00047230452619078517,4.886044315240486,0.5181408440616649,0.5176685395354742,-0.0025099124047576497,0.15132917743738705,50.0,-0.022089276737216564,5.52153475332946,-0.2501484769996797,-16.180968689552984,0.2291916651916878,0.47934014219136745,-0.021704529519600328,-0.65439557773318,50.0,-3.374326469791882,-10.0,0.3298993044605446,1.1507466465022709,0.3254498202688759,-0.0044494841916686845,-0.010262827258526258,0.9007845638353218,5.127517546107168,0.12660527549731249,-10.0,0.3337323355721475,1.1025175349169436,0.3254498202688759,-0.008282515303271565,-0.010844346160723056,0.9007845638353218,15.353387594046835,0.20311806465811033,-10.0,0.3271313752960718,0.9008017397414653,0.3254498202688759,-0.001681555027195858,-0.004451210251221405,0.9007845638353218,0.22320096843535073,0.003601159914333796,-7.871616563474999
0.35000000000000003,0.42667346971614134,2.849806921299513,0.3344062736078747,-0.09226719610826661,-0.004209789467602241,0.8956453338998804,9.091406247743338,0.027817319728744752,-4.082904405213416,0.059925691099808075,5.945338657361729,0.5194700428613326,0.4595443517615245,0.0014909972471214223,0.13291987996676413,50.0,-0.011692512239281593,0.6061444623124492,-0.37748493821326656,-12.733646121358687,0.22250294704626428,0.5999878852595308,-0.01443128605486915,-0.6688718145423489,50.0,-2.5943983763811858,-10.0,0.3432741675454096,1.3374863084865027,0.3344062736078747,-0.008867893937534899,-0.010485254828750257,0.8956453338998804,16.0575026222322,0.19372822585972665,-10.0,0.34580673812846,1.2074402556312516,0.3344062736078747,-0.011400464520585296,-0.011079094831492034,0.8956453338998804,25.067695999357554,0.25454321474658625,-10.0,0.3360992984247865,0.8967923128714687,0.3344062736078747,-0.0016930248169117479,-0.004557819730677669,0.8956453338998804,-0.13520138201262447,-0.0033274224192561385,-7.901210899074878
0.36,0.4561912190877475,2.951774937160615,0.34330992031971025,-0.11288129876803726,-0.005633779948998675,0.8903646711835522,27.36318622497401,0.01334775292155225,-8.791682411362903,0.1257877548478871,6.586206374807903,0.5206146764282894,0.39482692158040233,0.004780645825444655,0.11446335669568208,-50.0,-0.021556369781361204,-1.9026833943118775,-0.4581133142344639,-8.062837602119732,0.2156736912704918,0.6737870055049557,-0.00688713223960762,-0.6829255775772425,50.0,-1.267405433315698,-10.0,0.35798344903409857,1.4709281488688963,0.34330992031971025,-0.014673528714388318,-0.010779082930781031,0.8903646711835522,39.25698191759543,0.2863822880938422,-10.0,0.3583807708441669,1.2574032715706878,0.34330992031971025,-0.01507085052445667,-0.011355543663893668,0.8903646711835522,43.10567196246596,0.29244353628629266,-10.0,0.34501237853036326,0.8913080105576812,0.34330992031971025,-0.0017024582106530128,-0.004663975113839968,0.8903646711835522,0.7834925600902535,0.03449493622577346,-7.872151018067182
0.37,0.48679221097565994,3.0600991887912437,0.3521593544153525,-0.13463285656030743,-0.007286118433480874,0.8849434095642261,49.91750389244223,0.09668229941009611,-10.0,0.19381330238395605,6.802554753606896,0.5215743380796795,0.3277610356957234,0.0073780007070412,0.09596616513900535,-50.0,-0.20237950076594244,-2.796956185971881,-0.4833709830751441,-2.525766884068018,0.2087082113686924,0.6920791944438365,0.0002862363932375463,-0.696547990179941,50.0,-0.08091254390932878,-10.0,0.37317860736475916,1.5195158330660576,0.3521593544153525,-0.021019252949406653,-0.011141227043581703,0.8849434095642261,50.0,0.34752548994262616,-10.0,0.3707557008974239,1.2374930053256947,0.3521593544153525,-0.01859634648207137,-0.011665256429246953,0.8849434095642261,50.0,0.2160650181312423,-10.0,0.3538818857438399,0.8869507213476598,0.3521593544153525,-0.0017225313284873756,-0.004769895499259607,0.8849434095642261,0.12862461297197228,0.15662011545604507,-8.28365060292857
0.38,0.5185268069322826,3.173459595662267,0.36095317846657177,-0.15757362846571082,-0.009179200677704209,0.8793824051219257,50.0,0.05950501376256649,-10.0,0.262062939398579,6.824963701462292,0.5223486868522876,0.26028574745370864,0.009298361811432057,0.07743487726081799,-50.0,-0.09375010788204875,-2.309725413114337,-0.45054563090974253,3.2825352165401585,0.20161090688726582,0.6521565377970083,0.006479548249553613,-0.7097304481426536,50.0,0.9803900312451315,-10.0,0.3879265958314582,1.4747988466699034,0.36095317846657177,-0.026973417364886454,-0.011558441101897559,0.8793824051219257,50.0,0.47964267335359273,-10.0,0.38232175291581494,1.1566052018391058,0.36095317846657177,-0.02136857444924317,-0.011994602693923294,0.8793824051219257,50.0,0.4126851125437578,-10.0,0.3625187712957152,0.8636885551875325,0.36095317846657177,-0.0015655928291434251,-0.004871920283069794,0.8793824051219257,0.4984803038512815,0.008225120157234053,-7.407790156641211
0.39,0.5514036780438821,3.287687111159951,0.3696900038266092,-0.1817136742172729,-0.011325106130992933,0.8736825360037448,50.0,0.1050372234612091,-10.0,0.33001555117675174,6.795261177817277,0.522937447623682,0.19292189644693025,0.010548054658119631,0.05887607713943588,-50.0,-0.05514012756722618,-1.46335226559718,-0.3629104468455403,8.763518406420221,0.1943862606358421,0.5572967074813824,0.011176163483725415,-0.7224646251423716,50.0,1.2674536558698846,-10.0,0.4014210451879098,1.3494449356451568,0.3696900038266092,-0.03173104136130056,-0.01201069600907508,0.8736825360037448,50.0,0.5400923493910501,-10.0,0.39265939652321646,1.0337643607401514,0.3696900038266092,-0.02296939269660725,-0.012327673056963383,0.8736825360037448,50.0,0.430696191302614,-10.0,0.3713286998805816,0.8809928584866396,0.3696900038266092,-0.0016386960539723772,-0.004976406529458182,0.8736825360037448,0.3159489314808003,0.01002049589746087,-7.82721891010874
0.4,0.5850790799131048,3.3675401869222727,0.3783684508494601,-0.20671062906364474,-0.013728966440321608,0.8678447022850866,50.0,0.19653576060181452,-10.0,0.39841450949058155,6.839895831382983,0.5233404112099642,0.12492590171938267,0.011113324092175159,0.04029635862822234,-50.0,-0.05895705720466499,-0.7885610458967024,-0.22942091532333742,13.348953152220288,0.18703883585584224,0.41645975117917966,0.01400586568029518,-0.7347424779999834,50.0,0.9083270200902137,-10.0,0.41301195318434386,1.1590907996434097,0.3783684508494601,-0.03464350233488378,-0.012473040112388258,0.8678447022850866,50.0,0.5741808172095919,-10.0,0.4015413317830284,0.8881935259811944,0.3783684508494601,-0.02317288093356834,-0.012648221218897186,0.8678447022850866,50.0,0.4078251941467782,-10.0,0.3801177494596825,0.8789049579100934,0.3783684508494601,-0.0017492986102224384,-0.005081790011351416,0.8678447022850866,0.3951505227720607,0.012174335855696557,-8.033368552536373
0.41000000000000003,0.618514172171157,3.343509225805219,0.3869871491077354,-0.2315270230634216,-0.016378587593536345,0.8618698258275326,50.0,0.3073700893530894,-10.0,0.4687465347219735,7.033202523139193,0.5235574344400905,0.054810899718117034,0.01095811283704241,0.021702323012628977,-22.57944256269269,-0.04895688944672056,-0.3825998836739712,-0.06356081984215806,16.586009548117936,0.17957327333823772,0.24313409318039578,0.014778605657287346,-0.7465562517604524,50.0,0.1954311694622704,-10.0,0.42229731317957514,0.9285359995231273,0.3869871491077354,-0.035310164071839734,-0.012918995353058967,0.8618698258275326,50.0,0.5597925771442963,-10.0,0.40897094847043425,0.7429616687405849,0.3869871491077354,-0.02198379936269884,-0.012942355379398232,0.8618698258275326,50.0,0.3737458144184652,-10.0,0.38878809122287133,0.8670341763188815,0.3869871491077354,-0.0018009421151359284,-0.005186502850134665,0.8618698258275326,0.45860137391482536,0.014212372332776512,-7.997954861282855
0.42,0.6497778827417148,3.1263710570557746,0.3955447376090693,-0.2542331451326455,-0.01923355615056838,0.8557588501333868,50.0,0.4522562975329383,-10.0,0.5424103321294644,7.366379740749101,0.5235884402067409,-0.018821891922723544,0.010033255943740264,0.0031005766650382682,10.389870942752717,-0.042544535807017614,-0.05027343436623851,0.1183806331470793,18.194145298923736,0.17199428849232684,0.053613655345247535,0.01349532768084745,-0.757898484591088,-50.0,-0.4943632553437465,10.0,0.4291797502597972,0.6882437080222089,0.3955447376090693,-0.033635012650727936,-0.013324169850368467,0.8557588501333868,50.0,0.5242384900777854,-10.0,0.4151937011733115,0.6222752702877231,0.3955447376090693,-0.019648963564242228,-0.013201072542069427,0.8557588501333868,47.03811487520983,0.31187128621436094,-10.0,0.39735371940247166,0.8565628179600345,0.3955447376090693,-0.0018089817934023866,-0.005290248949864692,0.8557588501333868,0.43673357281603103,0.0073797113481438095,-7.917356702636932
0.43,0.6762622603782418,2.648437763652703,0.40403986501103467,-0.2722223953672071,-0.022220623880605722,0.8495127401965397,50.0,0.5876987820149686,-10.0,0.6198113880052003,7.740105587573581,0.5234334174937139,-0.09637797051148644,0.00829546567986804,-0.015502271302703097,50.0,-0.07561643352961253,0.524179828372362,0.2969865916107163,17.8605958463637,0.16430666836738184,-0.13267992324333444,0.010382468863777734,-0.7687620124945005,50.0,-0.8361497170434015,10.0,0.4338695938918646,0.46898436320673903,0.40403986501103467,-0.02982972888082991,-0.01366936557549744,0.8495127401965397,50.0,0.42992770106053824,-10.0,0.4207249794414065,0.5531278268095018,0.40403986501103467,-0.01668511443037185,-0.013423236469054097,0.8495127401965397,32.27479310037284,0.25874168312190177,-10.0,0.4058505977512948,0.8496878348823109,0.40403986501103467,-0.0018107327402601125,-0.005393325060755525,0.8495127401965397,0.2906562181706114,0.013991430608986557,-7.907491484004237
0.44,0.6955757866016096,1.9313526223367798,0.4124711898345362,-0.2831045967670734,-0.02524480511051013,0.8431324823501507,50.0,0.705388398424302,-10.0,0.6992525373565395,7.94411493513392,0.5230924213798414,-0.17616011597669812,0.005739453026587666,-0.034099611387250484,50.0,-0.07704133789735018,1.8724803093015454,0.4566247571352424,15.963816552452613,0.15651526862904558,-0.30010948850619684,0.005784992323470506,-0.7791399738336258,50.0,-0.6405288181890257,10.0,0.43684565667889114,0.2976062787026542,0.4124711898345362,-0.02437446684435496,-0.013942870871811255,0.8431324823501507,50.0,0.30485096802034456,-10.0,0.4262970941676389,0.5572114726232362,0.4124711898345362,-0.013825904333102712,-0.01361721665964745,0.8431324823501507,22.573967883351173,0.21141654340258684,-10.0,0.4142829306629154,0.8432332911620607,0.4124711898345362,-0.0018117408283792047,-0.005495765798155522,0.8431324823501507,0.5718835232391741,0.020570479298946235,-7.856848656157803
0.45,0.706078857846792,1.050307124518251,0.420837380675645,-0.285241477171147,-0.028202250594673427,0.8366190841108845,50.0,0.8029832689829498,-10.0,0.7776047175786958,7.835218022215631,0.5225655730194189,-0.2550391445592769,0.002405539778773335,-0.05268483604224938,50.0,0.06831156270289147,3.9678011031359626,0.5831167964908873,12.649203935564492,0.14862501049238883,-0.43449178599849847,0.00017515406992907236,-0.7890258136656725,50.0,-0.06666122718568185,10.0,0.4387789910696819,0.19333343907907508,0.420837380675645,-0.017941610394036855,-0.01414162031965953,0.8366190841108845,27.501574119256993,0.21058452981192485,-10.0,0.4325596215169506,0.6262527349311733,0.420837380675645,-0.011722240841305576,-0.01379706434155362,0.8366190841108845,16.65252486061856,0.2070540346159479,-10.0,0.4226716267135788,0.838869605066339,0.420837380675645,-0.001834246037933751,-0.005597995219041494,0.8366190841108845,0.5741254533942023,0.0660641236246114,-7.876378739217233
0.46,0.7070001192163184,0.09212613695264593,0.4291371164158435,-0.27786300280047493,-0.030990093236373438,0.8299735740198488,50.0,0.8714103217605499,-10.0,0.8508990898210813,7.3294372242385535,0.5218530595991603,-0.329046030221921,-0.001617864245869731,-0.07125134202585759,50.0,0.03232878355499279,6.789452435074539,0.6653290823727969,8.221228588190952,0.14064087761356567,-0.5246882047592312,-0.005893850836482335,-0.7984132878823158,50.0,0.8640440177125194,10.0,0.44066222807816496,0.1883237008483058,0.4291371164158435,-0.011525111662321452,-0.014275703806367576,0.8299735740198488,9.175054122118274,0.1189477204324089,-10.0,0.4399975729002723,0.7437951383321693,0.4291371164158435,-0.010860456484428793,-0.013980048420231124,0.8299735740198488,16.303586027369924,0.20547211407379828,-10.0,0.43100572363426487,0.8334096920686105,0.4291371164158435,-0.0018686072184213587,-0.005700022260432569,0.8299735740198488,0.9910590307493734,0.019332877027120873,-7.968375225841649
0.47000000000000003,0.6981699147949143,-0.8830204421404169,0.4373690864306446,-0.2608008283642697,-0.03350979947580209,0.8231970014801082,50.0,0.9057400022694563,-10.0,0.9151748289546149,6.427573913353355,0.5209551342716909,-0.39421969468292395,-0.006202818584034306,-0.0897925327469351,50.0,0.15685611015418016,9.876642788955474,0.6960288088921571,3.0699726519360295,0.1325679129420296,-0.5634608959501275,-0.011835457061177213,-0.8072964671536065,50.0,1.68533305516588,10.0,0.44331241396562066,0.2650185887455714,0.4373690864306446,-0.005943327534976062,-0.014361638940591894,0.8231970014801082,1.8694292282770195,0.0278144841635316,-9.412683198472092,0.4488538262479905,0.8856253347718186,0.4373690864306446,-0.01148473981734588,-0.014183458351881765,0.8231970014801082,20.723538574621205,0.2620880243767969,-10.0,0.4392427450210547,0.8237021386789836,0.4373690864306446,-0.00187365859041011,-0.005801129060204568,0.8231970014801082,1.4248033358363879,0.00693102426445562,-7.914320314471997
0.48,0.6797198506029927,-1.845006419192163,0.4455319907965551,-0.23418785980643758,-0.03566717743194725,0.8162904365910495,50.0,0.8849499736879148,-10.0,0.9671650724254237,5.199024347080885,0.5198721160656044,-0.44729295635981936,-0.011195650582340587,-0.10830182060865834,50.0,0.32185490988489324,10.0,0.6725386568370595,-2.3490152055097626,0.12441121553529834,-0.5481274413017612,-0.017081829953643848,-0.8156697406731306,50.0,2.096540600472878,10.0,0.4475741809029015,0.4261766937280862,0.4455319907965551,-0.002042190106346431,-0.014424678511028166,0.8162904365910495,0.8499803101673822,0.05902611934417085,-6.564156763003707,0.45909046073183724,1.0236634483846774,0.4455319907965551,-0.013558469935282147,-0.014421409396073054,0.8162904365910495,29.0290986020975,0.3148938521078266,-10.0,0.44740438741155136,0.8161642390496635,0.4455319907965551,-0.0018723966149962745,-0.0059014694502594976,0.8162904365910495,1.7294764368485753,0.0013404606799015065,-7.876902057115121
0.49,0.651919324107955,-2.780052649503773,0.453624540496348,-0.19829478361160696,-0.03737212000311294,0.8092549699792895,50.0,0.79115887651646,-10.0,1.0047186033565467,3.7553530931123116,0.518604389772112,-0.48611421358443474,-0.016432328027496165,-0.1267726293492366,50.0,0.5290874718050524,10.0,0.5970455235368597,-7.5493133300199755,0.11617593733827965,-0.48086958619858006,-0.02113559448262765,-0.8235278197018692,50.0,1.9768137421297485,10.0,0.4550484914554495,0.7474310552548015,0.453624540496348,-0.0014239509591015276,-0.01451366112614466,0.8092549699792895,0.34779838021775517,0.05049026078848547,-10.0,0.4703703995005578,1.1279938768720568,0.453624540496348,-0.01674585900420983,-0.014701667373802359,0.8092549699792895,47.99030207330711,0.4227365323515877,-10.0,0.45550545516995045,0.8101067758399073,0.453624540496348,-0.001880914673602463,-0.006001289274579513,0.8092549699792895,0.7892763826237725,0.011541061142671727,-7.89262030353099
0.5,0.6151571376107299,-3.6762186497225104,0.46164545762261416,-0.1535116799881157,-0.03853961493802185,0.802091712626618,50.0,0.674067474045053,-10.0,1.0269548852487727,2.223628189222583,0.5171524058083297,-0.509802479440443,-0.021752715640822855,-0.14519839637823218,50.0,0.7006297774216684,10.0,0.47643890628970836,-12.060661724715132,0.10786727992919261,-0.36857162636051577,-0.023615244573761296,-0.8308657409087039,50.0,1.265370476549717,10.0,0.4643480215395535,0.9299530084104001,0.46164545762261416,-0.002702563916939349,-0.014633682066155094,0.802091712626618,3.615948802014796,0.10969829786309535,-10.0,0.4819980207373486,1.1627621236790804,0.46164545762261416,-0.020352563114734434,-0.01502146921731761,0.802091712626618,50.0,0.5175184641489821,-10.0,0.4635396874937991,0.8034232323848632,0.46164545762261416,-0.001894229871184927,-0.006100573896529849,0.802091712626618,0.4126003780505897,0.013974128417828942,-7.915216796942394
0.51,0.5700355949584979,-4.512154265223203,0.4695934755795577,-0.10044211937894015,-0.039092820705288925,0.7948017956943554,50.0,0.4482116726649669,-10.0,1.0341351560793386,0.718027083056598,0.5155166800572458,-0.5186184760220928,-0.027010703109349443,-0.16357257510838386,50.0,0.8552078636269254,10.0,0.3216468243674071,-15.479208192230129,0.09949049123413975,-0.22215633313326735,-0.024288887085870958,-0.8376788695052845,50.0,0.16538098980807528,10.0,0.47535280937052843,1.1004787830974898,0.4695934755795577,-0.005759333790970711,-0.01480132328237455,0.7948017956943554,7.684804906834715,0.18568735874532893,-10.0,0.4932711249558166,1.1273104218467977,0.4695934755795577,-0.02367764937625888,-0.015370976753264879,0.7948017956943554,50.0,0.5750517744962795,-10.0,0.4714971946033479,0.7957507109548787,0.4695934755795577,-0.0019037190237901624,-0.006199186157863238,0.7948017956943554,0.579471142654533,0.022486384991410025,-7.854496759169967
0.52,0.5175720904580472,-5.24635045004507,0.47746733928300705,-0.04010475117504014,-0.03896923317203482,0.7873863703449335,18.31266292460126,0.17283094870873078,-10.0,1.0271894602589389,-0.6945695820399771,0.5136977936844311,-0.5134916665745077,-0.032076162816890526,-0.18188863728146876,50.0,1.0218394725454703,10.0,0.14658279663877116,-17.506402772863595,0.09105086221240404,-0.05553193442636713,-0.02309356615284827,-0.8439629021735714,-50.0,-0.9388028002543831,-10.0,0.48774554564222083,1.2392736271692393,0.47746733928300705,-0.010278206359213782,-0.015028032708683612,0.7873863703449335,20.614878508792497,0.31004382899416644,-10.0,0.503495649024329,1.0224524068512386,0.47746733928300705,-0.02602830974132192,-0.01573350509136322,0.7873863703449335,50.0,0.609669820831155,-10.0,0.47940206796251905,0.7904873359171186,0.47746733928300705,-0.001934728679511999,-0.00629758217825007,0.7873863703449335,0.4395701088667054,0.003922889889155554,-7.94686823405805
0.53,0.45957031984284114,-5.800177061520603,0.4852658053586066,0.025695485515765448,-0.038132260610725104,0.779846607559953,7.661863289038007,-0.09711811792671718,9.576707428266198,1.006872417155661,-2.031704310327801,0.5116963929315531,-0.4951760242241078,-0.036824752628098825,-0.20014007528780242,50.0,1.1980488831560128,10.0,-0.03062719620490917,-17.720999284368034,0.08255372351456544,0.11318091971947461,-0.02018965702721672,-0.8497138697838593,50.0,-1.7391333644010132,-10.0,0.5009760868109412,1.3230541168720384,0.4852658053586066,-0.015710281452334607,-0.015317440934894162,0.779846607559953,42.53896439214964,0.45889174222766765,-10.0,0.5120745001839101,0.8578851159581127,0.4852658053586066,-0.026808694825303514,-0.016087380551212067,0.779846607559953,50.0,0.5707943293149111,-10.0,0.48721486681068027,0.7812798848161223,0.4852658053586066,-0.001949061452073686,-0.006395200781252419,0.779846607559953,0.45588623690839375,0.04705535995157412,-7.9333254109509515
0.54,0.39933892971150164,-6.023139013133946,0.4929876423381604,0.09364871262665875,-0.036593459583145124,0.7721836979553809,50.0,-0.41392182524638477,10.0,0.9736244352576922,-3.32479818979687,0.5095131888867692,-0.46411124637092294,-0.04113338527282836,-0.2183204044783893,50.0,1.3603836352696135,10.0,-0.1945922202114174,-16.39650240065082,0.0740044421155479,0.2685966623269653,-0.015864040163881987,-0.8549281399017561,50.0,-1.945716490385938,-10.0,0.5142140618644037,1.3237975053462487,0.4929876423381604,-0.021226419526243268,-0.01566208488069122,0.7721836979553809,50.0,0.532935630878928,-10.0,0.5186803874230355,0.6605887239125366,0.4929876423381604,-0.025692745084875068,-0.016410366874452072,0.7721836979553809,50.0,0.5640429663296347,-10.0,0.494939598254947,0.7724731444266739,0.4929876423381604,-0.0019519559167865963,-0.006491967654862952,0.7721836979553809,0.30692492470369737,0.011433486940359271,-7.859632111224224
0.55,0.3406645494892012,-5.867438022230042,0.5006316308540948,0.15996708136489357,-0.03440704496727318,0.7643988515934397,50.0,-0.6310567381906931,10.0,0.927250705227718,-4.637373002997413,0.507148957232081,-0.42010174799563704,-0.044870665452484984,-0.23642316546882425,50.0,1.4537749889353868,10.0,-0.3304148336721974,-13.582261346078003,0.06540841792472336,0.3958232515969208,-0.010547581513304979,-0.8596024190824558,50.0,-1.5655741339045504,-10.0,0.5266319570515922,1.2417895187188515,0.5006316308540948,-0.02600032619749737,-0.01604626709453808,0.7643988515934397,50.0,0.6131309095382195,-10.0,0.5233028119081966,0.4622424485161154,0.5006316308540948,-0.02267118105410182,-0.016683302929844702,0.7643988515934397,50.0,0.46628976347910006,-10.0,0.5026043869737535,0.766478871880653,0.5006316308540948,-0.0019727561196587473,-0.006588343103247605,0.7643988515934397,0.35607745351948505,0.031496203274774044,-7.886840861240433
0.56,0.28758545796841783,-5.307909152078335,0.5081965638320115,0.22061110586359367,-0.03167014299342942,0.7564932977916716,50.0,-0.7320139562277332,10.0,0.8673918289138794,-5.985887631383855,0.504604537967738,-0.3627872909461415,-0.047899949598808014,-0.2544419264343012,50.0,1.3912961897090697,10.0,-0.42584483585646205,-9.543000218426464,0.056771080375212786,0.4826159162316748,-0.004767122329145583,-0.8637337549510571,50.0,-0.7643236161508044,-10.0,0.5375515335289889,1.091957647739675,0.5081965638320115,-0.029354969696977373,-0.01644901255628182,0.7564932977916716,50.0,0.6594276768828403,-10.0,0.5262756508452034,0.2972838937006797,0.5081965638320115,-0.01807908701319194,-0.01689382218934669,0.7564932977916716,35.82673071057003,0.3352304058489096,-10.0,0.5101951107036863,0.7590723729932768,0.5081965638320115,-0.001998546871674778,-0.0066842358092636805,0.7564932977916716,0.4477501059929079,0.031320963517704636,-7.884579134743811
0.5700000000000001,0.24355269269739227,-4.403276527102556,0.5156812466812977,0.2721285539839054,-0.02850852980088011,0.7484682849286162,50.0,-0.790006403206485,10.0,0.7940746500127889,-7.331717890109058,0.501880835113789,-0.29219381489899987,-0.05008871595878711,-0.27237028539489616,50.0,1.2270489667311444,10.0,-0.4727818647370273,-4.69370288805653,0.048097884994540104,0.5208797497315675,0.0009110454569757455,-0.8673195380672682,50.0,0.1435145960755391,-10.0,0.5464901818001567,0.8938648271167817,0.5156812466812977,-0.03080893511885907,-0.016846488390182088,0.7484682849286162,50.0,0.6587583037993555,-10.0,0.5283787381612931,0.21030873160896768,0.5156812466812977,-0.012697491479995437,-0.017041827977307543,0.7484682849286162,14.807219286536284,0.20717103971733583,-10.0,0.5177089255235942,0.7513814819907848,0.5156812466812977,-0.0020276788422964875,-0.006779650745885724,0.7484682849286162,0.2679689078069784,0.01797939393796515,-7.908782519332787
0.58,0.21085646135959218,-3.26962313378001,0.523084497483766,0.31222803612417377,-0.02505928712626037,0.7403250802468286,50.0,-0.7510423787987424,10.0,0.708156078198441,-8.591857181434788,0.49897881638888886,-0.2091772618095521,-0.05132130285873915,-0.2902018724900146,50.0,0.8926741076744729,10.0,-0.46837200892762876,0.4409855809398566,0.03939430995880366,0.5077663188864324,0.005944610087746083,-0.8703575035736488,50.0,0.7796876814224113,-10.0,0.5532312378779819,0.674105607782512,0.523084497483766,-0.030146740394215943,-0.017215366354902503,0.7403250802468286,50.0,0.6075796534127653,-10.0,0.5305197549637037,0.21410168024105913,0.523084497483766,-0.007435257479937785,-0.01713759072013103,0.7403250802468286,2.1522678652845504,0.0859100844950543,-10.0,0.5251332040307825,0.7424278507188334,0.523084497483766,-0.002048706547016499,-0.006874380596427772,0.7403250802468286,0.4566081418598266,0.019884090644647818,-7.904798323882437
0.59,0.19061574512717222,-2.0240716232419977,0.5304051471802939,0.33978940205312164,-0.02145898594340495,0.7320649696527903,50.0,-0.6360135050626505,10.0,0.6115352444371362,-9.662083376130465,0.4958995128664723,-0.11563573157066392,-0.05151145183683274,-0.3079303522416532,50.0,0.42550585976463534,10.0,-0.41541813151020146,5.295387741742731,0.030665852632543074,0.4460839841427445,0.009875911154999256,-0.8728457326260597,50.0,0.9924890228980515,-10.0,0.5578456222418136,0.46143843638316523,0.5304051471802939,-0.027440475061519698,-0.017535914949156014,0.7320649696527903,50.0,0.5224959611996869,-10.0,0.5334540699937446,0.2934315030040784,0.5304051471802939,-0.003048922813450705,-0.017197423098565943,0.7320649696527903,0.42315260435626195,0.03581965773157379,-7.341932858707694,0.5324668046681572,0.7333600637374775,0.5304051471802939,-0.0020616574878633553,-0.006968333177680153,0.7320649696527903,0.31458138430813126,0.011813947383024173,-7.875089955003037
0.6,0.1830943452264558,-0.7521399900716423,0.5376420397554306,0.3545476945289748,-0.01783829499910804,0.7236892575136711,50.0,-0.5025697904141223,10.0,0.507118842210497,-10.441640222663931,0.49264401860841833,-0.014474823602078635,-0.05061203605058714,-0.32554942580539925,-2.936048649701653,-0.07196988486982628,-1.910696638422945,-0.3219833119256663,9.343481958453516,0.02191802609648644,0.3439013380221528,0.012380576339375431,-0.8747826536056602,50.0,0.7519158957776135,-10.0,0.560671026332639,0.2825404090825381,0.5376420397554306,-0.02302898657720842,-0.017794458855836352,0.7236892575136711,50.0,0.40060972915112786,-10.0,0.5388922998075188,0.5438229813774287,0.5376420397554306,-0.0012502600520882812,-0.01726430799722457,0.7236892575136711,0.49623705533711865,0.05250237102813711,-8.62103308198088,0.5397196179898003,0.7252813321643106,0.5376420397554306,-0.0020775782343697147,-0.007061637093240281,0.7236892575136711,0.8433603467563929,0.014912627771826474,-7.873279043391873
0.61,0.1880440315295611,0.4949686303105296,0.5447940324199455,0.35675000089038444,-0.014320291853235249,0.7151992664514939,50.0,-0.3773777446204089,10.0,0.39868918438948253,-10.842965782101444,0.4892134902763355,0.09052430588685295,-0.048622496413508465,-0.34305283320828495,50.0,-0.55065829192776,-10.0,-0.20027364575595485,12.170966616971146,0.01315635566536945,0.21343000142132432,0.01329777969189156,-0.8761670431116975,50.0,0.225630973049049,-10.0,0.5622603374519538,0.15893111193148518,0.5447940324199455,-0.0174663050320083,-0.017985015017349584,0.7151992664514939,26.60519974922066,0.27111372721726296,-10.0,0.5465534344763613,0.7661134668842491,0.5447940324199455,-0.001759402056415782,-0.01735851336447715,0.7151992664514939,1.0675559266274255,0.10746513831134272,-10.0,0.5468904027033572,0.7170784713556936,0.5447940324199455,-0.002096370283411697,-0.007154308643209967,0.7151992664514939,0.6187732960212996,0.012690144222169443,-7.839437814438027
0.62,0.2048871250322263,1.6843093502665227,0.5518599957912886,0.34697287075906236,-0.011018994080671278,0.7065963371343131,50.0,-0.25581736561938506,10.0,0.29037267333493866,-10.831651105454384,0.4856091467206052,0.19523647338566652,-0.04558696656910636,-0.3604343555730305,50.0,-0.9181262188402198,-10.0,-0.06483678596024442,13.543685979571043,0.004386375398028624,0.06922316135827304,0.012635642707517186,-0.8769980267340827,-50.0,-0.30651514754499104,10.0,0.5635192629191463,0.1258925467192573,0.5518599957912886,-0.011659267127857698,-0.018114196943300086,0.7065963371343131,9.88860553545292,0.15179140002237315,-10.0,0.5558643106428631,0.9310876166501812,0.5518599957912886,-0.004004314851574486,-0.01749166527465791,0.7065963371343131,4.571294408972446,0.1937791090400466,-10.0,0.5539906326094817,0.7100229906124462,0.5518599957912886,-0.0021306368181930324,-0.007246617310453142,0.7065963371343131,0.6703373531000377,0.021092226490586913,-7.890823406418665
0.63,0.23273710150494795,2.7849976472721627,0.5588388140719323,0.3261017125669843,-0.008036476719728652,0.6978818280643617,50.0,-0.166445944213104,10.0,0.18649238200609447,-10.38802913288442,0.48183226854733036,0.2953398865412359,-0.04159476479040557,-0.37768781732748224,50.0,-1.164943046353092,-10.0,0.06653711636534887,13.137390232559328,-0.004386375398028538,-0.07092349176337741,0.010612668766627479,-0.877275079605716,50.0,-0.6294651641611935,10.0,0.5651919415989339,0.1672678679787578,0.5588388140719323,-0.0063531275270016785,-0.01819445500536798,0.6978818280643617,1.989333971211253,0.06946227734510338,-9.24406962035203,0.5666500536828654,1.0785743040002267,0.5588388140719323,-0.007811239610933107,-0.017677635101167266,0.6978818280643617,13.297540221220865,0.33379299453327843,-10.0,0.5609996661716109,0.700903356212927,0.5588388140719323,-0.002160852099678645,-0.007338316167071221,0.6978818280643617,0.6148573256115922,0.024750498048463822,-7.880069711601991
0.64,0.27058392284983773,3.78468213448898,0.5657293852255689,0.2951454623757312,-0.005463490309420237,0.6890571153636671,50.0,-0.058196739429948435,10.0,0.09072161786015175,-9.577076414594272,0.47788419766334184,0.3871625798031901,-0.036765431350914236,-0.3948070883988519,50.0,-1.2400646699719367,-10.0,0.18084520481637628,11.43080884510274,-0.013156355665369367,-0.19400156048174566,0.007529572277299749,-0.8769980267340854,50.0,-0.6459941932671445,10.0,0.5681197955179776,0.29278539190437003,0.5657293852255689,-0.002390410292408718,-0.018247637647482502,0.6890571153636671,0.6775396523933358,0.060568034308830135,-5.708429409295134,0.578486453887213,1.183640020434757,0.5657293852255689,-0.012757068661644055,-0.017923569789827183,0.6890571153636671,33.09749108034672,0.48513055895089763,-10.0,0.567919792769261,0.6920126597650089,0.5657293852255689,-0.002190407543692041,-0.007429421508484641,0.6890571153636671,0.7759878862880636,0.03429088551134304,-7.853274128697749
0.65,0.3171679541010086,4.658403125117092,0.5725306211511354,0.2553626670501268,-0.003375703951430679,0.6801235925566473,50.0,-0.03310463725031218,10.0,0.006354503017968582,-8.436711484218316,0.4737663367994255,0.4674118337814569,-0.031247641864677832,-0.4117860863916356,50.0,-1.1918747773529739,-10.0,0.26657181790546614,8.572661308908986,-0.02191802609648636,-0.2884898440019525,0.0037874077063893247,-0.8761670431116975,50.0,-0.3879415527203311,10.0,0.5739453583901082,0.5825562872130593,0.5725306211511354,-0.0014147372389727852,-0.018320040648593536,0.6801235925566473,0.5215707644938723,0.06616439166994523,-8.929487363517612,0.5906767376068954,1.2190283719682464,0.5725306211511354,-0.01814611645576003,-0.018226933791581607,0.6801235925566473,50.0,0.6030699307137084,-10.0,0.5747584655887931,0.6838672819532081,0.5725306211511354,-0.0022278444376576667,-0.007520086681056539,0.6801235925566473,0.3136545060112195,0.017369105719898883,-7.900494331400938
0.66,0.3709714743685171,5.380352026750845,0.5792414478546365,0.20826997348611942,-0.0018310394192445696,0.6710826703501094,50.0,-0.019215121347165014,10.0,-0.06379131968950476,-7.014582270747334,0.4694801490119388,0.5332714687014436,-0.025213468950588663,-0.4286187787486684,50.0,-1.04852551859734,-10.0,0.3151562103551694,4.858439244970324,-0.030665852632542987,-0.3458220629877124,-0.0001566568479848319,-0.8747826536056658,50.0,-0.005590058787272218,10.0,0.5815816114696772,0.7636253079569087,0.5792414478546365,-0.0023401636150407468,-0.01841980481553963,0.6710826703501094,0.442887118462873,0.09404330252949285,-10.0,0.602355182513796,1.167844490690065,0.5792414478546365,-0.023113734659159557,-0.018574855587242207,0.6710826703501094,50.0,0.7110279780322347,-10.0,0.5814976410306991,0.6739175441906097,0.5792414478546365,-0.0022561931760626264,-0.007610040367236225,0.6710826703501094,0.4664965813335364,0.027042511651535775,-7.9018688280292
0.67,0.4302180230180094,5.924654864949229,0.5858608056187415,0.15564278260073217,-0.0008670770797321711,0.6619357764105049,50.0,0.0013383745215933265,10.0,-0.11737916492439138,-5.358784523488662,0.46502715716299314,0.5824063220873845,-0.01885352727736595,-0.4452991848945653,50.0,-0.8046526947960577,-10.0,0.3214173383636651,0.6261128008495724,-0.039394309958803574,-0.36081164832246865,-0.0038273846112944756,-0.8728457326260541,50.0,0.37489318985865167,10.0,0.590533394521577,0.8951783051899784,0.5858608056187415,-0.004672588902835506,-0.018556048535086984,0.6619357764105049,5.323563215973394,0.19930805945028027,-10.0,0.6128138947671816,1.045871225338553,0.5858608056187415,-0.02695308914844008,-0.018948973601260466,0.6619357764105049,50.0,0.79681451512217,-10.0,0.5881349005336275,0.6637259502928401,0.5858608056187415,-0.002274094914885949,-0.007699153911414369,0.6619357764105049,0.5645036940790827,0.024774605467192522,-7.858895194353578
0.68,0.49293951629201016,6.2721493274000775,0.5923876491701254,0.09944813287811527,-0.0004998106836910264,0.6526843551383887,4.203847704897369,-0.007628761465769291,1.1668122473217903,-0.15260036038146935,-3.5221195457077954,0.46040894337938915,0.6130093037608585,-0.012371222285186584,-0.46182137836040527,50.0,-0.49952403321823186,-10.0,0.2837741842878096,-3.76431540758555,-0.048097884994540166,-0.33187206928234975,-0.006769673763359418,-0.8703575035736599,50.0,0.5442195734129229,10.0,0.6005378707187226,1.000447619714551,0.5923876491701254,-0.008150221548597125,-0.01873759551254441,0.6526843551383887,12.81853209084188,0.31592119695649135,-10.0,0.6214743729567265,0.8660478189544799,0.5923876491701254,-0.029086723786601043,-0.019326445621021926,0.6526843551383887,50.0,0.7890171472693552,-10.0,0.5946833484365829,0.6548447902955367,0.5923876491701254,-0.0022956992664574516,-0.007787595383108498,0.6526843551383887,0.3564579066497793,0.028578642497893925,-7.803364548731833
0.6900000000000001,0.556860574423142,6.392105813113184,0.5988209478445299,0.04196037342138792,-0.0007194175307884651,0.6433298674404453,-9.884721764505878,0.0029386571122152934,-6.202818202073371,-0.16829427547485382,-1.5693915093384483,0.45562714849049407,0.6239214239653479,-0.005975068894599261,-0.47817948888950745,50.0,-0.23523605304648262,-10.0,0.20423513019095557,-7.9539054096854,-0.056771080375212855,-0.2610062105661684,-0.008584345328052561,-0.8673195380672682,50.0,0.43960212477119204,10.0,0.6111995079897916,1.0661637271069042,0.5988209478445299,-0.01237856014526173,-0.01896799748670772,0.6433298674404453,26.91476584203162,0.40338227884694683,-10.0,0.6279695469844409,0.6495174027714377,0.5988209478445299,-0.02914859913991097,-0.019682883352698178,0.6433298674404453,50.0,0.7507757377567508,-10.0,0.6011599332516055,0.6476584815022695,0.5988209478445299,-0.0023389854070756666,-0.007875751085329482,0.6433298674404453,0.6281031206769934,0.016494481088537582,-7.87243508542479
0.7000000000000001,0.6201139581533852,6.325338373024329,0.6051596857495171,-0.014954272403868152,-0.0015014940921295793,0.633873790498718,6.381118519421045,0.012252819495211459,-10.0,-0.16412918304838633,0.4165092426467474,0.4506834714452628,0.6148126544936491,0.0001314067260725551,-0.4943677045231354,50.0,0.004305311208469061,-10.0,0.08833299851480807,-11.59021316761475,-0.06540841792472343,-0.1537414164395315,-0.0089627381756864,-0.8637337549510571,50.0,0.1603911739433438,10.0,0.6219765332009688,1.077702521117716,0.6051596857495171,-0.016816847451451733,-0.01924393621333401,0.633873790498718,45.80170469489794,0.5263727629214409,-10.0,0.6321991326610201,0.42295856765793216,0.6051596857495171,-0.027039446911503062,-0.019995573678579,0.633873790498718,50.0,0.6813994050664575,-10.0,0.6075380004145587,0.6378067162953162,0.6051596857495171,-0.002378314665041681,-0.00796331490360943,0.633873790498718,1.3750893798101598,0.02933104814382531,-7.854027144375452
0.71,0.6813570196971612,6.124306154377598,0.6114028619248907,-0.06995415777227054,-0.0028134662852900448,0.6243176175373621,43.81055655214911,-0.00043143134124109476,-10.0,-0.1408132031668726,2.3315979881513744,0.4455796687086094,0.586392871875482,0.005762175646012237,-0.5103802736653451,50.0,0.12967666840932515,-10.0,-0.05520363468359414,-14.35366331984022,-0.07400444211554781,-0.01880080743195367,-0.007715379918021916,-0.8596024190824377,-41.93058243251068,-0.2032261969327859,-10.0,0.6322003477217962,1.0223814520827468,0.6114028619248907,-0.020797485796905546,-0.01955414921651134,0.6243176175373621,50.0,0.6006005432447327,-10.0,0.6343497867316473,0.21506540706271882,0.6114028619248907,-0.02294692480675664,-0.02024654946735284,0.6243176175373621,50.0,0.482690361011147,-10.0,0.6138195288576026,0.6281528443043874,0.6114028619248907,-0.0024166669327119195,-0.008050296857366987,0.6243176175373621,0.528620511280471,0.03815547396890983,-7.820994213934035
0.72,0.7398470618566123,5.849004215945104,0.6175494905007597,-0.12229757135585262,-0.004621342420443082,0.6146628575869006,50.0,0.039400626840416744,-10.0,-0.10042292298871189,4.039028017816071,0.4403175536373442,0.5407404766260561,0.01076567761049119,-0.5262115071265172,50.0,0.21680785073152495,-10.0,-0.21280453194726417,-15.760089726367001,-0.08255372351456534,0.13025080843269882,-0.004836862861058227,-0.8549281399017561,50.0,-0.3188414557840102,-10.0,0.6413391728863678,0.9138825164571543,0.6175494905007597,-0.02378968238560808,-0.019883434292013138,0.6146628575869006,50.0,0.6574668163285728,-10.0,0.6348636508595163,0.05138641278690384,0.6175494905007597,-0.01731416035875666,-0.020424829712219098,0.6146628575869006,29.195563151207498,0.35185558885640833,-10.0,0.6200127365799917,0.6193207722389061,0.6175494905007597,-0.0024632460792319844,-0.008136861395383197,0.6146628575869006,0.667970684589662,0.02697484934374934,-7.867117795762946
0.73,0.7952805369315467,5.543347507493433,0.6235986008532176,-0.17168193607832904,-0.006892496531975717,0.604911035245792,50.0,0.09352372913215655,-10.0,-0.04602961971817767,5.439330327053422,0.43489899583589564,0.4809286155540733,0.01503103073332658,-0.5418557801448565,50.0,0.14688634407836249,-10.0,-0.3712138440561795,-15.840931210891538,-0.09105086221240397,0.2801629818437755,-0.0004511399215313184,-0.8497138697838635,50.0,-0.01970817469459168,-10.0,0.6490114707689183,0.767229788255053,0.6235986008532176,-0.025412869915700687,-0.02021428596999565,0.604911035245792,50.0,0.6584822796635563,-10.0,0.6346289182116177,-0.02347326478985856,0.6235986008532176,-0.011030317358400099,-0.020532785559324113,0.604911035245792,6.431141701207939,0.19619875391610658,-10.0,0.6260988905425037,0.6086153962511943,0.6235986008532176,-0.0025002896892860615,-0.008222725831901178,0.604911035245792,0.5730495088135633,0.02520477603235787,-7.8898236483221895
0.74,0.8476773526053657,5.239681567381907,0.6295492377576166,-0.21812811484774908,-0.009597745837191397,0.5950636904399009,50.0,0.13196972635498572,-10.0,0.01842729466943057,6.445691438760824,0.4293259204920492,0.41089862582261866,0.018495447847676684,-0.5573075343846434,40.36796656177636,0.014642739805186496,-2.2554082845754713,-0.5159283087534413,-14.47144646972618,-0.09949049123413965,0.41643781751930165,0.005160382900634315,-0.8439629021735673,50.0,0.6910841070115226,-10.0,0.6550024485840632,0.5990977815144887,0.6295492377576166,-0.02545321082644658,-0.020528727856411563,0.5950636904399009,50.0,0.625997194528517,-10.0,0.634495289075675,-0.013362913594270212,0.6295492377576166,-0.004946051318058364,-0.020580909781145268,0.5950636904399009,1.5449152715147962,0.07261859929252497,-6.196257294589765,0.632067609178249,0.5968718635745341,0.6295492377576166,-0.0025183714206323815,-0.008307596732464957,0.5950636904399009,0.3018369179864124,0.06999695792851433,-7.794926616201694
0.75,0.8971341178840816,4.945676527871587,0.6354004615394074,-0.26173365634467416,-0.012709650053425298,0.5851223781790815,50.0,0.17925196033688992,-10.0,0.08844947736553585,7.002218269610529,0.42360030769293827,0.33515083032740245,0.021146734323989655,-0.572561279911088,-50.0,-0.13432017632394397,10.0,-0.6326133563205311,-11.668504756708979,-0.10786727992919254,0.5247460763913385,0.011574694140218599,-0.8376788695052872,50.0,1.8571131700225068,-10.0,0.6592897539283549,0.4287305344291694,0.6354004615394074,-0.023889292388947436,-0.020810493833743955,0.5851223781790815,50.0,0.5627708685415889,-10.0,0.6364114859628257,0.1916196887150737,0.6354004615394074,-0.001011024423418272,-0.020610181994250958,0.5851223781790815,0.6504934425253406,0.04124147229269261,-4.009694669948038,0.6379457417609778,0.5878132582728793,0.6354004615394074,-0.0025452802215704118,-0.008391830860507949,0.5851223781790815,-0.06058397957818806,0.03818790351330336,-7.779236482907834
0.76,0.9436320530293827,4.649793514530113,0.6411513482225253,-0.3024807048068574,-0.016199436452946882,0.5750886683117851,50.0,0.2007638873302201,-10.0,0.15911048849711132,7.066101113157547,0.4177241917215269,0.25861370322441557,0.023026261244918057,-0.5876115971411355,-50.0,-0.2988541835699738,10.0,-0.7084789189719699,-7.586556265143889,-0.11617593733827958,0.5923029816336903,0.01825637958306989,-0.8308657409087039,50.0,3.0834189358799593,-10.0,0.6620457177762783,0.27559638479234305,0.6411513482225253,-0.02089436955375301,-0.02104699716776072,0.5750886683117851,44.369138318491665,0.44891620052555614,-10.0,0.6414690805499891,0.5057594587163408,0.6411513482225253,-0.0003177323274637933,-0.02066393526339723,0.5750886683117851,0.08208263201332393,0.05388241372875592,-7.976050757238624,0.6437353504669892,0.5789608706011277,0.6411513482225253,-0.0025840022444638677,-0.0084755669700127,0.5750886683117851,0.3533114683755118,-0.014408639245502048,-7.8374012122882295
0.77,0.9869863209836199,4.335426795423726,0.6468009896752966,-0.3401853313083233,-0.020034832445572488,0.5649641452771359,50.0,0.3430457371082626,-10.0,0.22719495593326455,6.808446743615322,0.4116996603338397,0.18450470440057515,0.024190463614562275,-0.6024531387687215,-50.0,-0.3955893636440261,10.0,-0.7350337345657836,-2.6554815593813617,-0.12441121553529827,0.6106225190304853,0.024628152929312877,-0.8235278197018747,50.0,4.033454162052361,-10.0,0.6636812162929707,0.1635498516692425,0.6468009896752966,-0.016880226617674077,-0.021232154419104383,0.5649641452771359,26.774095900958628,0.337735109803586,-10.0,0.6483063606055371,0.6837280055548078,0.6468009896752966,-0.0015053709302405016,-0.02074736177325512,0.5649641452771359,-0.467930209785521,0.1437399006694582,-10.0,0.6494150345558514,0.5679684088862242,0.6468009896752966,-0.0026140448805547223,-0.00855850425970687,0.5649641452771359,-0.45383955294066564,-0.0071907327293215095,-7.669290487104362
0.78,1.0268439879844862,3.985766700086627,0.6523484937538433,-0.3744954942306429,-0.024178364057887577,0.554750407854665,50.0,0.5662299381330632,-10.0,0.29055568017207034,6.336072423880577,0.4055288540171926,0.11497317384512223,0.024706588110625437,-0.6170806316647126,-50.0,-0.3975956523629539,10.0,-0.7088294941282114,2.62042404375722,-0.1325679129420295,0.5762615811861819,0.030128726336798976,-0.8156697406731195,50.0,4.200808747362434,-10.0,0.6648121585604697,0.11309422674989975,0.6523484937538433,-0.012463664806626418,-0.021368100489845637,0.554750407854665,12.946972416130356,0.2015587515156518,-10.0,0.6560441433990817,0.7737782793544585,0.6523484937538433,-0.003695649645238386,-0.02086169609764295,0.554750407854665,3.8232718469169344,0.23502043714960658,-10.0,0.6550319622087424,0.5616927652891003,0.6523484937538433,-0.002683468454899085,-0.00864150822078477,0.554750407854665,0.9276483210693438,0.03698083819946788,-7.786152041192543
0.79,1.0626435935471552,3.579960556266902,0.6577929844429626,-0.40485060910419257,-0.028584866204556192,0.5444490689119341,50.0,0.7167148043306653,-10.0,0.34827261255632697,5.771693238425663,0.3992139652296867,0.05094135267335975,0.02463883231351647,-0.6314888787505857,-50.0,-0.37036218958526934,10.0,-0.6320624533486158,7.67670407795956,-0.1406408776135656,0.4914215757350502,0.03427527168635352,-0.8072964671536065,50.0,3.52743566794542,-10.0,0.6659961729946268,0.11840144341571032,0.6577929844429626,-0.008203188551664131,-0.02146197251970385,0.5444490689119341,3.0283826572972394,0.129407998215299,-10.0,0.6643687608527418,0.8324617453660138,0.6577929844429626,-0.006575776409779133,-0.021010700036277342,0.5444490689119341,9.140156884614896,0.30998135909971625,-10.0,0.6605453564400254,0.5513394231283074,0.6577929844429626,-0.002752371997062797,-0.008724165883068229,0.5444490689119341,1.0916450036503915,0.032927367521710715,-7.865867745984428
0.8,1.0934795621763047,3.0835968629149417,0.6631336019944601,-0.43034596018184457,-0.033196685492666134,0.5340617551497506,50.0,0.9663475413454444,-10.0,0.4005993353327706,5.23267227764436,0.3927572376212388,-0.00784209771153177,0.024037144108636714,-0.6456727608447899,10.310039373196922,-0.29453881894236195,10.0,-0.5123903230443477,11.967213030426807,-0.14862501049238877,0.363765312551959,0.03671620350883043,-0.7984132878823158,50.0,2.1332186885497966,-10.0,0.6676948997684136,0.16987267737867487,0.6631336019944601,-0.004561297773953421,-0.02152457276518125,0.5340617551497506,1.5346866245795725,0.06425376278468625,-6.9308083841309465,0.6728832051625698,0.8514444309828104,0.6631336019944601,-0.009749603168109688,-0.02119334051105672,0.5340617551497506,18.548298737383103,0.3985436899662407,-10.0,0.6659284328160346,0.5383076376009241,0.6631336019944601,-0.002794830821574501,-0.008805944955044066,0.5340617551497506,0.4612180999237356,0.02158977300593954,-7.786816851140344
0.81,1.1179119322421474,2.4432370065842717,0.6683695030629142,-0.44954242917923315,-0.03793643348511689,0.5235901068454063,50.0,1.2466622009728516,-10.0,0.4486238487667468,4.802451343397624,0.38616096523642435,-0.06246288353032248,0.022932270138993727,-0.6596272384814472,50.0,-0.22880354288725951,10.0,-0.3619762668243207,15.041405622002705,-0.1565152686290455,0.20546099819527522,0.03726667292858291,-0.7890258136656725,50.0,0.31084747912357735,-10.0,0.6711018781752928,0.34069784068791786,0.6683695030629142,-0.00273237511237856,-0.021585966300373825,0.5235901068454063,1.2450022621155088,0.07053178120767924,-7.165914503270155,0.6811379647440188,0.8254759581448899,0.6683695030629142,-0.01276846168110457,-0.021403572723682256,0.5235901068454063,28.606328593488314,0.4642675152821629,-10.0,0.6712017456990992,0.5273312883064523,0.6683695030629142,-0.0028322426361849784,-0.008887000510236562,0.5235901068454063,1.2548576700276455,0.039851290467292244,-7.7258597861500515
0.8200000000000001,1.1338923234101443,1.5980391167997068,0.6734998608388496,-0.46039246257129474,-0.042700162022509806,0.5130357775935401,50.0,1.5363722936824544,-10.0,0.49354439800904215,4.492054924229531,0.3794274916994123,-0.11411690630962984,0.021341895583474473,-0.6733473537012036,50.0,-0.2112575156385003,10.0,-0.19586801776634657,16.610824905797415,-0.1643066683673819,0.03156134939896468,0.035921203931992815,-0.7791399738336396,-50.0,-1.3977346855593549,10.0,0.6762900538950044,0.5188175719711626,0.6734998608388496,-0.0027901930561547994,-0.02166574998813249,0.5130357775935401,1.5037056141939196,0.11841515624075744,-10.0,0.688704894645669,0.756692990165023,0.6734998608388496,-0.015205033806819368,-0.02163129236076695,0.5130357775935401,37.05836707977894,0.5036224876798937,-10.0,0.6763785180496488,0.5176772350549591,0.6734998608388496,-0.0028786572107991626,-0.00896755480585005,0.5130357775935401,1.7540696984040196,0.05686037074401288,-7.763478366288428
0.8300000000000001,1.1389945506343497,0.5102227224205467,0.6785238651793004,-0.4604706854550493,-0.04735589114930235,0.5024004340450805,50.0,1.8309763159886363,-10.0,0.5362686301139912,4.272423210494898,0.37255920938128806,-0.16370942073270311,0.01927755905509795,-0.6868282318124252,50.0,-0.17781765232301958,10.0,-0.03233659934033914,16.353141842600742,-0.17199428849232692,-0.13965768915198778,0.03288931285621287,-0.7687620124945033,50.0,-2.6149726176748915,10.0,0.6824406040950127,0.615055020000833,0.6785238651793004,-0.0039167389157123145,-0.021766422879289697,0.5024004340450805,2.755495393175438,0.15471894306334139,-10.0,0.6952786466252797,0.6573751979610696,0.6785238651793004,-0.016754781445979305,-0.02186457769502285,0.5024004340450805,41.37280355890545,0.5407178263596075,-10.0,0.6814453422592456,0.5066824209596774,0.6785238651793004,-0.0029214770799451673,-0.00904743781874547,0.5024004340450805,1.33701787332157,0.03299161240883751,-7.689549863408178
0.84,1.131151124690517,-0.7843425943832685,0.6834407227357412,-0.44771040195477585,-0.05175456090941179,0.4916857556440779,50.0,2.012370503588363,-10.0,0.5763367371555936,4.006810704160241,0.36555855855005553,-0.2107781786055381,0.016769096198626546,-0.7000650831232524,50.0,-0.18065160475726952,10.0,0.11366536516937467,14.60019645097138,-0.17957327333823764,-0.29323863850761234,0.028496906826039604,-0.7578984845910741,50.0,-3.1829234201839096,10.0,0.689387971201442,0.6947367106429264,0.6834407227357412,-0.005947248465700827,-0.021895369035011,0.4916857556440779,7.193257343981091,0.2399107211265264,-10.0,0.7007252789368306,0.5446632311550851,0.6834407227357412,-0.017284556201089374,-0.022091889580149255,0.4916857556440779,40.77364535526117,0.5328050339656776,-10.0,0.6864191654735543,0.49738232143086747,0.6834407227357412,-0.002978442737813114,-0.009126960478266687,0.4916857556440779,1.650087645581368,0.040186239965074574,-7.6610610056995805
0.85,1.1091422426034143,-2.2008882087102766,0.6882496570793658,-0.4208925855240485,-0.05574339794378124,0.48089343436246157,50.0,2.047360696805533,-10.0,0.6122655013118243,3.59287641562307,0.35842802650362043,-0.2538374748082039,0.013871433808982201,-0.7130532046435101,50.0,-0.19218267821152477,10.0,0.22889768905680388,11.52323238874292,-0.18703883585584216,-0.41593652491264604,0.02318521833803885,-0.7465562517604496,50.0,-3.0731496227737076,10.0,0.696841329923889,0.7453358722447008,0.6882496570793658,-0.008591672844523224,-0.022055819350680704,0.48089343436246157,13.133308754266901,0.31432655237424234,-10.0,0.7051177740810202,0.4392495144189643,0.6882496570793658,-0.01686811700165436,-0.022304495701607693,0.48089343436246157,36.81491297663289,0.47890435115906765,-10.0,0.6913023400656643,0.4883174592109921,0.6882496570793658,-0.0030526829862984606,-0.009206319054050772,0.48089343436246157,1.1494043628715425,-0.0003372498711291952,-7.743851447725935
0.86,1.072797178347656,-3.63450642557583,0.6929499088236944,-0.37984726952396153,-0.05917841999646327,0.4700251744328643,50.0,1.948157568267843,-10.0,0.6419217791360693,2.965627782424494,0.3511701466860658,-0.2907516324500035,0.010667354706239716,-0.7257879817554658,50.0,-0.14539607896787185,10.0,0.3031421628130072,7.424447375620335,-0.19438626063584202,-0.49752842344884923,0.017467489365988326,-0.7347424779999889,50.0,-2.4489394643587996,10.0,0.7044166433241207,0.7575313400231649,0.6929499088236944,-0.011466734500426234,-0.02224623982968728,0.4700251744328643,21.838165119717548,0.4187362660266505,-10.0,0.708680966883896,0.35631928028758675,0.6929499088236944,-0.015731058060201586,-0.022497438210238467,0.4700251744328643,31.415255850471546,0.4515819688273551,-10.0,0.6960698205441717,0.47674804785073416,0.6929499088236944,-0.0031199117204772087,-0.009285192976040618,0.4700251744328643,1.658721630103574,0.03536370776703941,-7.72638110777671
0.87,1.0228536043185787,-4.994357402907726,0.6975407357444897,-0.32531286857408903,-0.061932112941913385,0.45908269207952657,50.0,1.7529460692106376,-10.0,0.6631526547864101,2.123087565034078,0.34378749778753165,-0.3193651569988784,0.007261394379747524,-0.7382648898534128,50.0,-0.10667170233788001,10.0,0.32989560399186446,2.675344117885727,-0.20161090688726574,-0.5315065108791301,0.011884889845408449,-0.7224646251423605,50.0,-1.6153114233490788,10.0,0.7116766945000106,0.7260051175889848,0.6975407357444897,-0.014135958755520872,-0.02246019992900139,0.45908269207952657,29.75272805405896,0.4965520877293404,-10.0,0.7117050993893296,0.3024132505433522,0.6975407357444897,-0.014164363644839861,-0.0226693231717412,0.45908269207952657,24.418678947127958,0.40294856044261257,-10.0,0.7007202741228982,0.4650453578726503,0.6975407357444897,-0.003179538378408453,-0.009363492895611966,0.45908269207952657,0.9231868423179979,0.0072004263032227145,-7.637533317357827
0.88,0.9607116021827813,-6.214200213579742,0.7020214128969622,-0.2586901892858191,-0.0638975948134136,0.44806771524724676,50.0,1.3393685491145728,-10.0,0.6743596103162679,1.1206955529857887,0.33628270282801853,-0.33807690748824937,0.0037685557495664513,-0.7504794959513117,50.0,-0.05107487226457946,10.0,0.30682958204913124,-2.306602194273321,-0.2087082113686923,-0.5155377934178236,0.006960172130657546,-0.7097304481426647,50.0,-0.826877213651583,10.0,0.7182080379035413,0.6531343403530688,0.7020214128969622,-0.01618662500657908,-0.022687379613102486,0.44806771524724676,36.952863966452675,0.508446393864752,-10.0,0.7144786725356016,0.27735731462720453,0.7020214128969622,-0.012457259638639417,-0.022821631499590316,0.44806771524724676,18.65885724400865,0.34526796359618384,-10.0,0.7052718625308425,0.4551588407944309,0.7020214128969622,-0.0032504496338803257,-0.009441513276030213,0.44806771524724676,0.7957877566862226,0.026485909998804597,-7.640742235433044
0.89,0.8882637373730716,-7.244786480970967,0.7063912327302477,-0.1818725046428239,-0.06499184121174474,0.43698198332855487,50.0,0.8655552236567399,-10.0,0.6748451764449787,0.048556612871071714,0.3286584282254402,-0.34618674821953843,0.00030183260608395964,-0.7624274602578307,50.0,-0.01400003149516494,10.0,0.23595012466212695,-7.087945738700429,-0.21567369127049174,-0.4516238159326187,0.003152728545201402,-0.696547990179941,50.0,-0.28540017728281136,10.0,0.7236788926975863,0.5470854794045051,0.7063912327302477,-0.01728765996733861,-0.022914964760716323,0.43698198332855487,38.38608275612867,0.5125432835656115,-10.0,0.717209269318584,0.2730596782982326,0.7063912327302477,-0.010818036588336244,-0.022957117833303498,0.43698198332855487,14.100967628234905,0.3017303118173072,-10.0,0.7097186786592701,0.44468161284275287,0.7063912327302477,-0.0033274459290223435,-0.009519255896604713,0.43698198332855487,1.7824780397925584,0.03749966235396401,-7.65554635920588
0.9,0.8078865856354668,-8.03771517376048,0.7106495051991384,-0.0972370804363284,-0.06516044049873197,0.4258272468890656,48.59683140189057,0.3389955953720761,-8.828591409312867,0.6648583488100616,-0.9986827634917077,0.32091738284825927,-0.3439409659618023,-0.0030377087771848925,-0.7741045377180955,50.0,0.04142330134663308,10.0,0.12338481281179053,-11.25653118503364,-0.22250294704626433,-0.34588775985805487,0.0008195040651242172,-0.6829255775772591,50.0,-0.059013302909532654,10.0,0.7279247228293722,0.4245830131785819,0.7106495051991384,-0.017275217630233763,-0.02313017523833652,0.4258272468890656,36.3138026201076,0.4816000940837263,-10.0,0.7199989801750944,0.27897108565104467,0.7106495051991384,-0.009349474975956062,-0.023078509691628165,0.4258272468890656,10.560997343579386,0.2620597326337807,-10.0,0.7140498395369484,0.4331160877678371,0.7106495051991384,-0.0034003343378100626,-0.009596570848759598,0.4258272468890656,1.5611230461828274,0.03322224128291152,-7.6141889623645405
0.91,0.7226114055947295,-8.527518004073736,0.7147955578730475,-0.007815847721681979,-0.06438584717554141,0.41460526739091064,-2.233997514023847,-0.22677746288049616,5.802697721319436,0.6453244724696156,-1.953387634044602,0.31306231705303855,-0.332262155416577,-0.006164991567946202,-0.7855065795220717,50.0,0.10530850341296291,10.0,-0.02118385882957688,-14.456867164136742,-0.2291916651916877,-0.20800780636211083,0.00018511271791678318,-0.6688718145423378,50.0,-0.004247121648570302,10.0,0.730943835117887,0.30191122885147664,0.7147955578730475,-0.01614827724483947,-0.02332184913367006,0.41460526739091064,29.99554883044146,0.43265029125466337,-10.0,0.7228514697576495,0.28524895825549934,0.7147955578730475,-0.008055911884601974,-0.023187593706299737,0.41460526739091064,7.891213561519419,0.22749984945369012,-10.0,0.7182688275888482,0.42189880518997763,0.7147955578730475,-0.003473269715800753,-0.009673493426436603,0.41460526739091064,1.5292153701339555,0.046929688308333585,-7.581839687574691
0.92,0.6364321116559138,-8.617929393881559,0.7188287360421955,0.0823966243862817,-0.06270008799229045,0.4033178169148055,50.0,-0.7436171161764492,10.0,0.6173441792684262,-2.79802932011893,0.30509602170725186,-0.31224815756117436,-0.009007670211546052,-0.7966295345786689,50.0,0.15508421670967537,10.0,-0.18529975598278706,-16.411589715321018,-0.2357356209690195,-0.050435864986232454,0.0013219130395865607,-0.65439557773318,-50.0,0.05285275881807954,-10.0,0.7328861767557915,0.19423416379045635,0.7188287360421955,-0.014057440713595937,-0.023481846957185065,0.4033178169148055,20.563819584726176,0.3450452139435854,-10.0,0.7257072173239846,0.28557475663351106,0.7188287360421955,-0.006878481281789028,-0.02328493599478098,0.4033178169148055,6.035752671405355,0.20474258683542176,-10.0,0.7223755679724791,0.41067403836309485,0.7188287360421955,-0.0035468319302836004,-0.009750029149575748,0.4033178169148055,1.9536834432234214,0.04027372521155112,-7.53631872615651
0.93,0.5537791782694125,-8.265293338650139,0.7227484028209955,0.16896922455158303,-0.0601838664129096,0.39196667787999573,50.0,-1.1350760186803504,10.0,0.5814010032647068,-3.5943176003719386,0.2970213271977033,-0.2843796760670035,-0.011492035212178894,-0.8074694509548563,50.0,0.22408984673747806,10.0,-0.3526106532707176,-16.73108972879305,-0.24213068107553137,0.11047997219518624,0.004099821734417728,-0.6395060106511863,50.0,0.34095321554755254,-10.0,0.7340200463144,0.11338695586085384,0.7227484028209955,-0.011271643493404482,-0.023605902087705195,0.39196667787999573,11.2966061800154,0.24542683034077636,-10.0,0.728485161169418,0.2777943845433428,0.7227484028209955,-0.005736758348422466,-0.02337008301671954,0.39196667787999573,3.924266848964139,0.15658557965106024,-10.0,0.7263704962598877,0.39949282874085523,0.7227484028209955,-0.0036220934388921933,-0.009826199366838755,0.39196667787999573,1.6855801089704383,0.04710287833727248,-7.520895157703392
0.9400000000000001,0.4787721863933856,-7.500699187602685,0.7265539392486248,0.24778175285523918,-0.05695597896559694,0.38055364276292636,50.0,-1.3578287642217157,10.0,0.5374303896865937,-4.397061357811305,0.2888411024249037,-0.24858928726169005,-0.013538221949014663,-0.8180224772799616,50.0,0.25750464322141603,10.0,-0.5086602175209103,-15.604956425019262,-0.24837280625419209,0.26028741126671817,0.008263191489586836,-0.624212517866074,50.0,1.029704943772088,-10.0,0.734666884309669,0.06468379952689506,0.7265539392486248,-0.008112945061044208,-0.023693499918268326,0.38055364276292636,4.757606364311477,0.14792276371675248,-9.685792856809472,0.7311748605614612,0.2689699392043241,0.7265539392486248,-0.0046209213128364235,-0.023443189223768333,0.38055364276292636,2.6566398929986335,0.13094479867237746,-9.184935044607775,0.730247981442345,0.3877485182457345,0.7265539392486248,-0.0036940421937202705,-0.00990191464060053,0.38055364276292636,2.0638010869309005,0.05353549626929877,-7.4140707729999376
0.9500000000000001,0.4144575891796042,-6.4314597213781415,0.7302447443867662,0.31578715520716205,-0.0531549614413875,0.3690805138141462,50.0,-1.4615849795328522,10.0,0.4847312102291967,-5.269917945739704,0.2805582537837633,-0.20417295644543337,-0.015052959718895028,-0.8282848641140372,50.0,0.341047051208264,10.0,-0.6389693303751012,-13.030911285419085,-0.2544580538449491,0.3845112765301521,0.013411395383430266,-0.6085247590756959,50.0,1.9249474910239923,-10.0,0.7352399927544018,0.05731084447327531,0.7302447443867662,-0.004995248367635541,-0.02374918348639201,0.3690805138141462,0.3962785118556017,0.1009991941324324,-5.592256746665022,0.7340060943444666,0.2831233783005386,0.7302447443867662,-0.0037613499577003884,-0.02350911506117539,0.3690805138141462,0.47093090812084293,0.13549529353984224,-8.36004896436113,0.7340187941340695,0.37708126917244295,0.7302447443867662,-0.003774049747303221,-0.009977363264990807,0.3690805138141462,0.4394180486711293,0.03389117791046003,-7.374226340100078
0.96,0.36239997047455597,-5.205761870504821,0.7338202354145033,0.3714202649399473,-0.048920182604937544,0.3575491027737021,50.0,-1.42959996488954,10.0,0.4224660859265177,-6.226512430267898,0.2721757241309648,-0.15029036179555288,-0.015933212093823767,-0.8382529652798509,50.0,0.3533230994127553,10.0,-0.7312076504109681,-9.223832003586697,-0.2603825802749962,0.4708250701359719,0.019042029285148657,-0.592452643004715,50.0,2.9329822882740584,-10.0,0.7368754955883495,0.1635502833947702,0.7338202354145033,-0.003055260173846275,-0.023796091116469954,0.3575491027737021,0.22817602282560093,0.08635946938416482,-4.620370794649774,0.7372345900569014,0.32284957124348074,0.7338202354145033,-0.003414354642398143,-0.023575543564723724,0.3575491027737021,0.0976155599228203,0.126486855838498,-8.466583315785988,0.737683539385268,0.36647452511984796,0.7338202354145033,-0.003863303970764731,-0.010052643757210438,0.3575491027737021,0.5076147835774029,0.041001806594842344,-7.296230235643709
0.97,0.32296888799164436,-3.943108248291162,0.7372798477203544,0.41431095972871,-0.04438276218282133,0.3459612305851123,50.0,-1.3191748965154375,10.0,0.3502422752140348,-7.22238107124829,0.2636964917393796,-0.08654578347465519,-0.01607643182144549,-0.8479232391585212,50.0,0.2869139610005096,10.0,-0.7768629127478397,-4.565526233687153,-0.26614264348645755,0.5107202692613821,0.024605784601131192,-0.5760063211461386,50.0,3.686004954129815,-10.0,0.7399598069589441,0.30843113705945835,0.7372798477203544,-0.0026799592385897686,-0.023853733822561795,0.3459612305851123,0.7071449747708995,0.12257139521639916,-6.147343764541303,0.7408868207326138,0.3652230675712435,0.7372798477203544,-0.003606973012259429,-0.02364813560160344,0.3459612305851123,1.026288706916492,0.15764258584347163,-9.300363615421684,0.7412463853570709,0.3562845971802876,0.7372798477203544,-0.003966537636716505,-0.010127937593295633,0.3459612305851123,0.8818627280620209,0.06260810207964765,-7.279902267109521
0.98,0.2959153810847298,-2.705350690691457,0.7406230349914312,0.4447076539067014,-0.039665150574685164,0.3343187271076853,50.0,-1.1972299516238432,10.0,0.2685563392606737,-8.168593595336107,0.2551235692399013,-0.013432770020772367,-0.015393900162119601,-0.8572922499478275,14.908434744840607,0.1656305040287904,10.0,-0.7724865095145348,0.4376403233304913,-0.2717346052999513,0.5007519042145835,0.02956953961094398,-0.5591961813493751,50.0,3.810085154828099,-10.0,0.7442529902719096,0.4293183312965423,0.7406230349914312,-0.003629955280478381,-0.023932965208496235,0.3343187271076853,3.0476818253860185,0.1807524707632694,-8.877045616556915,0.744795330057329,0.39085093247152203,0.7406230349914312,-0.00417229506589778,-0.02372894364550957,0.3343187271076853,3.3090938922983373,0.20791116484300007,-10.0,0.744698990326714,0.345260496964322,0.7406230349914312,-0.0040759553352828215,-0.010203223196344894,0.3343187271076853,2.5204049531950625,0.10686924715059735,-7.207353334526947
0.99,0.28083617186587084,-1.5079209218858962,0.7438492692997084,0.46301309743383756,-0.0348842275081582,0.3226234308277176,50.0,-1.014677806871969,10.0,0.17899672578719386,-8.955961347347982,0.24646000255107275,0.0674632767638789,-0.013823671259746014,-0.8663566688828561,-19.922248744537356,0.05013436415310858,10.0,-0.7202047376658242,5.228177184871066,-0.2771549337125411,0.4430498039532831,0.0334772199319897,-0.542032841258977,50.0,3.2639633198612237,-10.0,0.7491652174558777,0.4912227183968159,0.7438492692997084,-0.0053159481561693145,-0.02403524696189761,0.3226234308277176,4.527729878010672,0.22455933779891776,-10.0,0.748784791454401,0.3989461397071963,0.7438492692997084,-0.004935522154692618,-0.023818193481027216,0.3226234308277176,3.5274538933925053,0.21275670634352478,-10.0,0.7480400186958456,0.3341028369131561,0.7438492692997084,-0.004190749396137172,-0.010278540973997581,0.3226234308277176,1.5656491247080437,0.05575468364412205,-7.186160013641912
1.0,0.27739175988347764,-0.34444119823931785,0.7469580411853889,0.46956628130191125,-0.030154120575315156,0.31087718856804836,50.0,-0.8241133879000471,10.0,0.0840686889403173,-9.492803684687656,0.23770886979688655,0.15364018085656925,-0.011337989082711556,-0.8751132754186208,50.0,-0.10124369516589407,-10.0,-0.6273228002073243,9.288193745849988,-0.2824002051286255,0.3449225950786988,0.035997626508191695,-0.524527141608444,50.0,2.049134544950256,-10.0,0.7543053617358818,0.5140144280004137,0.7469580411853889,-0.0073473205504929195,-0.02416012161020258,0.31087718856804836,7.36988583138128,0.23321681005334638,-10.0,0.7527986602924299,0.40138688380288706,0.7469580411853889,-0.005840619107041034,-0.023916738360477915,0.31087718856804836,5.616929425825647,0.20867429056249814,-10.0,0.7512647761176929,0.32247574218473946,0.7469580411853889,-0.004306734932304046,-0.010353855897539094,0.31087718856804836,1.7919462871321188,0.03525275257380363,-7.2341633620125645
1.01,0.2853700568663744,0.7978296982896784,0.7499488597373539,0.4645788028709795,-0.025588115516434327,0.29908185519650354,50.0,-0.6687723455905193,10.0,-0.012288342297919336,-9.635703123823664,0.22887328021314035,0.2411616225110597,-0.007962802545218592,-0.8835589583746195,50.0,-0.12373479791815738,-10.0,-0.5057707459173644,12.155205428995995,-0.2874671065223541,0.2183036393950103,0.03696514235924219,-0.5066901393728562,50.0,0.5438421107437703,-10.0,0.7594091606850105,0.5103798949128747,0.7499488597373539,-0.009460300947656597,-0.024305762609170434,0.29908185519650354,13.70211515742974,0.34747409471048063,-10.0,0.7567537242019571,0.3955063909527162,0.7499488597373539,-0.006804864464603155,-0.02402433764421922,0.29908185519650354,7.705519674431634,0.2761361273913784,-10.0,0.7543547814161423,0.3090005298449429,0.7499488597373539,-0.004405921678788394,-0.010428815167311471,0.29908185519650354,2.10409977290625,0.060511153355565006,-6.977841866363879
1.02,0.30454893988709264,1.9178883020718267,0.7528212526706833,0.4482723127835907,-0.021297181218805604,0.2872392933329415,50.0,-0.5090755169615363,10.0,-0.10615647679092532,-9.386813449300599,0.21995637304274115,0.3261128498336665,-0.0037629927019518666,-0.8916907170399169,50.0,-0.08888623970096754,-10.0,-0.36971413012117793,13.605661579618642,-0.2923524375302057,0.07736169259097225,0.03637819312719005,-0.4885331007851601,-50.0,-0.9626939544134105,10.0,0.764155956637823,0.47467959528124193,0.7528212526706833,-0.011334703967139648,-0.024466577608369955,0.2872392933329415,18.9810090397452,0.4075403350419162,-10.0,0.7605576512127206,0.3803927010763439,0.7528212526706833,-0.007736398542037226,-0.024139740899747224,0.2872392933329415,9.479150547669514,0.29191942905393475,-10.0,0.7573396892296878,0.29849078135454543,0.7528212526706833,-0.004518436559004413,-0.01050384861103697,0.2872392933329415,2.436276156372849,0.07008025387517469,-6.873826944618219
1.03,0.33453812456398724,2.9989184676894594,0.7555747664012354,0.4210366418372482,-0.017386706647202065,0.2753513730552104,50.0,-0.3509798718354979,10.0,-0.19335679257708005,-8.720031578615474,0.21096131642034852,0.4043181089974286,0.001152191545883966,-0.8995056622392639,50.0,0.02729868531030261,-10.0,-0.23608147312995656,13.363265699122136,-0.2970531124724064,-0.06097163934244984,0.03443215016385334,-0.4700674942200722,50.0,-2.113595932814434,10.0,0.7682258872137825,0.40699305759595245,0.7555747664012354,-0.012651120812547045,-0.02463378812225502,0.2753513730552104,21.826495261045842,0.42536976265923027,-10.0,0.7641361514978215,0.3578500285100956,0.7555747664012354,-0.008561385096586105,-0.024261139753564098,0.2753513730552104,10.073050976110894,0.3189715688438643,-10.0,0.760223093775976,0.2883404546288201,0.7555747664012354,-0.004648327374740524,-0.010579165930247257,0.2753513730552104,2.5465520214401316,0.07088846304602217,-6.757092242944548
1.04,0.37472530477539795,4.018718021141072,0.7582089661172721,0.3834836613418741,-0.013953741835897433,0.26341997160366226,50.0,-0.24031000601432898,10.0,-0.2703969892699356,-7.704019669285554,0.20189130624674892,0.4722882955166845,0.006645476467979367,-0.9070010173599652,50.0,0.26119910123517914,-10.0,-0.11782322949241245,11.82582436375441,-0.3015661623019112,-0.18374293280949874,0.03141213839938291,-0.45130498295047894,50.0,-2.7838412964439283,10.0,0.7713763377070858,0.3150450493303312,0.7582089661172721,-0.013167371589813737,-0.024796966343086188,0.26341997160366226,21.736067840386415,0.42852130951318795,-10.0,0.7674165898485954,0.328043835077382,0.7582089661172721,-0.009207623731323333,-0.02438602037438507,0.26341997160366226,12.223034962759176,0.29799164443768483,-10.0,0.763008464168633,0.27853703926569895,0.7582089661172721,-0.004799498051360929,-0.010655014614687437,0.26341997160366226,3.1355668390400075,0.06494431972701024,-6.696196079644912
1.05,0.42407405531216075,4.934875053676281,0.7607234358481215,0.3366493805359608,-0.011080735535905453,0.25144697308494557,50.0,-0.11919640941194805,10.0,-0.33425336386233023,-6.385637459239462,0.1927495650533687,0.527002928915699,0.012554069503060303,-0.9141741193380182,50.0,0.4980111427258957,-10.0,-0.0266638578699,9.115937162251244,-0.30588873647971815,-0.27922487860981815,0.027708295897059605,-0.43225741778069593,50.0,-2.9145980268654377,10.0,0.7734794620048052,0.2103124297719456,0.7607234358481215,-0.012756026156683697,-0.024945557847630216,0.25144697308494557,19.088557551941264,0.36354383907469484,-10.0,0.7703398944754586,0.2923304626863179,0.7607234358481215,-0.009616458627337066,-0.02451141800692707,0.25144697308494557,12.585605693250383,0.3082707105299861,-10.0,0.7656879396626034,0.2679475493970395,0.7607234358481215,-0.00496450381448188,-0.01073145440777196,0.25144697308494557,3.3269970278069856,0.06742946652280424,-6.697347925289153
1.06,0.4810794621392447,5.700540682708393,0.7631177785298648,0.28203831639062016,-0.00883040644027009,0.23943426817433222,50.0,-0.08212469620715751,8.802647501334572,-0.3825592600241599,-4.830589616182966,0.18353934085732526,0.5660986008814852,0.01869811447349345,-0.9210224196043448,50.0,0.7932385842406466,-10.0,0.02854477366074605,5.520863153064605,-0.31001810477532865,-0.3385628784360747,0.023770580797392395,-0.41293682956105027,50.0,-2.6145250414655132,10.0,0.7745485802992171,0.10691182944119329,0.7631177785298648,-0.011430801769352295,-0.02507055704826786,0.23943426817433222,13.77946444186795,0.3007233003340475,-10.0,0.7728728879626775,0.2532993487218916,0.7631177785298648,-0.009755109432812659,-0.024634299036127388,0.23943426817433222,12.495686943695697,0.3294709634816638,-10.0,0.768244797954745,0.2556858292141588,0.7631177785298648,-0.0051270194248801415,-0.010808293184942178,0.23943426817433222,4.351666696443017,0.08151394491352902,-6.49854380263349
1.07,0.5438078823570504,6.2728420217805665,0.7653916160680364,0.22158373371098605,-0.007241853305338287,0.22738375381715636,50.0,-0.05000722745639738,4.66359033923335,-0.4136191034434539,-3.1059843419293953,0.17426390600741923,0.5878830094508731,0.024887543002195124,-0.9275434849906006,50.0,1.0882842272474684,-10.0,0.04229690807557768,1.3752134414831625,-0.3139516589912212,-0.35624856706679886,0.02007057378257609,-0.3933554215892532,50.0,-2.018322235045876,10.0,0.7747360010733736,0.018742077415648248,0.7653916160680364,-0.009344385005337186,-0.025165875106062795,0.22738375381715636,8.19350448899522,0.27327956156481814,-8.400606217453419,0.7749989515891446,0.21260636264670485,0.7653916160680364,-0.009607335521108151,-0.02475163302760314,0.22738375381715636,11.798759625300004,0.39806551986939687,-10.0,0.7706845413932424,0.24397434384974384,0.7653916160680364,-0.005292925325205977,-0.010885619872579211,0.22738375381715636,3.465431705675121,0.09319867702614854,-6.447214110758165
1.08,0.6100521255326267,6.624424317557633,0.7675445893973297,0.15749246386470306,-0.006329371098447021,0.21529733292933173,27.188350469589928,-0.014040489173393742,1.4804653988550682,-0.4264228839330743,-1.2803780489620422,0.16492655602148715,0.5913494399545615,0.03092907520663694,-0.9337349985932053,50.0,1.2287348864423802,-10.0,0.012716755099183706,-2.958015297639397,-0.3176869146102433,-0.330403669709427,0.01706233861524576,-0.3735255619022104,50.0,-1.4634813013951458,10.0,0.7744810363427999,-0.025496473057370607,0.7675445893973297,-0.006936446945470132,-0.025232689928211757,0.21529733292933173,2.592251820063451,0.1517552821399512,-5.521375787006891,0.7767133734384937,0.17144218493490848,0.7675445893973297,-0.009168784041163947,-0.02486046508650827,0.21529733292933173,10.163377815287586,0.302566399289251,-10.0,0.7729974405784874,0.23128991852450487,0.7675445893973297,-0.005452851181157681,-0.010963277376243238,0.21529733292933173,3.9045931588803606,0.08344357925915967,-6.271827894584581
1.09,0.6775222152267191,6.747008969409238,0.769576358538298,0.0920541433115789,-0.006083530562272155,0.20317691409682537,-10.460164467562299,-0.0034893203081202535,-1.0319298547974496,-0.4207056590763875,0.5717224856686813,0.1555306084155177,0.5762362674919053,0.036634265632989126,-0.9395947605969401,50.0,1.293785515883077,-10.0,-0.05833154531013112,-7.104830040931483,-0.3212215123648869,-0.26288996705475576,0.015143921948791354,-0.3534597754643598,50.0,-0.8536713624719099,10.0,0.774387458225626,-0.00935781171738453,0.769576358538298,-0.004811099687328069,-0.025279865143913303,0.20317691409682537,2.108036077899764,0.1141804861483992,-3.6204663238677712,0.7780224448871134,0.13090714486196506,0.769576358538298,-0.008446086348815385,-0.02495801666448262,0.20317691409682537,9.449013833915725,0.2683960058718978,-8.741084539017992,0.7751834160324191,0.21859754539316972,0.769576358538298,-0.005607057494121159,-0.011041207705723767,0.20317691409682537,4.129546476685295,0.07851712551098486,-6.027510103120908
1.1,0.7442631781425655,6.674096291584636,0.771486602651041,0.02722342450847548,-0.006478705946345865,0.1910244112742987,-9.838348367317906,0.013575422944752885,-2.7614718437679584,-0.39706814633055926,2.363751274582824,0.14607940152495552,0.5431475478555148,0.04182936598408599,-0.9451206890562114,50.0,1.2253899208689265,-10.0,-0.16526972373807602,-10.693817842794491,-0.32455321972745166,-0.15928349598937563,0.014620468773177048,-0.3331707362564773,50.0,-0.30962175035605555,10.0,0.7748731500691574,0.04856918435313205,0.771486602651041,-0.0033865474181163924,-0.02531858753652978,0.1910244112742987,1.1046551562252982,0.09520152972753776,-2.810909836969509,0.7790771788900342,0.10547340029208921,0.771486602651041,-0.007590576238993285,-0.025044469766901764,0.1910244112742987,7.461900913290925,0.24916135212616594,-7.44216704860346,0.7772479457800332,0.20645297476140542,0.771486602651041,-0.005761343128992236,-0.01111946643448983,0.1910244112742987,4.389572857280013,0.08768033460264896,-5.801625329694255
1.11,0.80897712967591,6.47139515333445,0.7732750200858688,-0.035702109590041164,-0.0074828665575797215,0.1788417434827827,20.128130221566394,0.051849039423076684,-3.924359795067418,-0.3571070474105319,3.9961098920027336,0.13657629331860605,0.49368334072913794,0.0463665884021771,-0.950310820634942,50.0,0.9789452433696997,-10.0,-0.2990290234953298,-13.375929975725372,-0.3276799323201575,-0.028650908824827737,0.015671552682501307,-0.31267125927058603,-50.0,0.3345976175253746,-10.0,0.7761515357650073,0.12783856958499817,0.7732750200858688,-0.0028765156791384916,-0.025360136550279664,0.1788417434827827,1.1049739912342498,0.13127133351588888,-2.9233996868941734,0.7800081422631531,0.09309633731187802,0.7732750200858688,-0.006733122177284279,-0.025121110622405796,0.1788417434827827,6.685098307767939,0.22024292155257535,-6.354683391767912,0.7791911119572372,0.19431661772039888,0.7732750200858688,-0.005916091871368434,-0.011198059014975554,0.1788417434827827,5.222971910891875,0.10100747282312135,-5.606136716683409
1.12,0.8709312460778961,6.195411640198608,0.7749413284309367,-0.09598991764695941,-0.009062306898069177,0.16663083450678684,50.0,0.06647442287544565,-4.928647137037072,-0.30357437703224455,5.353267037828737,0.12702466020556444,0.430599037237809,0.05013725207077231,-0.955163311304158,50.0,0.5921037107979288,-10.0,-0.44650492270844516,-14.747589921311537,-0.33059967524431494,0.11590524746413022,0.018305364149273765,-0.291974292415742,50.0,1.133373831594413,-10.0,0.7782395195886579,0.2087983823650592,0.7749413284309367,-0.003298191157721231,-0.02541399830009338,0.16663083450678684,1.9447053678324078,0.13947675802349785,-3.701360144438118,0.7808739636852237,0.08658214220705816,0.7749413284309367,-0.005932635254287,-0.02518909518916937,0.16663083450678684,4.187359627872954,0.20084336857326102,-5.415432209613591,0.7810051703293314,0.18140583720941336,0.7749413284309367,-0.006063841898394706,-0.011276838017680441,0.16663083450678684,4.496639957001899,0.08988260236161612,-5.339329253408107
1.1300000000000001,0.9297236263173528,5.87923802394568,0.7764852645568405,-0.1532383617605123,-0.011182614318068869,0.15439361259038664,50.0,0.10218438885382135,-5.711590753145941,-0.24003454695430387,6.353983007794067,0.11742789583559467,0.3574624427898985,0.053076478197891894,-0.9596764369969757,50.0,0.11770073703407641,-8.282735822808029,-0.5938208497363954,-14.731592702795023,-0.33331060432771287,0.2605102454086825,0.02238362587364009,-0.2710929083397928,50.0,2.2806304852477446,-10.0,0.7809839458809625,0.2744426292304645,0.7764852645568405,-0.004498681324122011,-0.02548642937625765,0.15439361259038664,1.480823016776954,0.2036062138212841,-4.748157887886142,0.7817053947005261,0.08314310153025278,0.7764852645568405,-0.0052201301436856085,-0.025249610800759253,0.15439361259038664,3.1896395832486073,0.18679854715079908,-4.562753552390744,0.7826912279234514,0.1686057594119953,0.7764852645568405,-0.006205963366610834,-0.01135575822728775,0.15439361259038664,4.037312350454636,0.09372993421068519,-5.033089786310208
1.1400000000000001,0.9852208854457333,5.549725912838046,0.777906584658168,-0.2073143007875653,-0.013810729917228325,0.142132010132745,50.0,0.14858425085357252,-6.4453472786851576,-0.1707572410833047,6.9277305870999175,0.10778940989338152,0.27854665097668624,0.055169171648948766,-0.9638485942213115,-50.0,-0.3835145610513741,10.0,-0.7257220616419355,-13.190121190554018,-0.33581100728943797,0.38991105435249757,0.02760174853622047,-0.2500402961725101,50.0,3.7015780872336363,-10.0,0.7841270240337876,0.314307815282509,0.777906584658168,-0.0062204393756196685,-0.0255800645515421,0.142132010132745,5.743805767908858,0.25740052808032293,-5.769868766457729,0.7825034173524904,0.07980226519642367,0.777906584658168,-0.004596832694322428,-0.025303559354222117,0.142132010132745,2.835926508739642,0.1628485617600534,-3.9021644629849885,0.7842494389152478,0.15582109917964132,0.777906584658168,-0.006342854257079811,-0.011434768879776512,0.142132010132745,5.295222918477045,0.09703767657057645,-4.730089256061574
1.1500000000000001,1.0373222391307495,5.2101353685016205,0.7792050642919989,-0.25811717483875063,-0.016912915202465992,0.12984796338308957,50.0,0.23398728448674594,-6.995957786915568,-0.10113304755753415,6.962419352577055,0.09811262688708504,0.1992456744446192,0.05646538645813725,-0.9676783006296485,-50.0,-0.818946621341893,10.0,-0.8269142077912331,-10.119214614929756,-0.3380993048213874,0.48881490296984575,0.03350181902741191,-0.22882975319494236,50.0,5.0,-10.0,0.7873389539553654,0.3211929921577678,0.7792050642919989,-0.008133889663366478,-0.02569352274739154,0.12984796338308957,9.006630392527395,0.2895404669180622,-6.389359159167876,0.783249334404327,0.07459170518365464,0.7792050642919989,-0.004044270112328108,-0.025351461225863767,0.12984796338308957,2.105417004350024,0.13752407615663367,-3.339809950687538,0.7856705816615931,0.14211427463453585,0.7792050642919989,-0.00646551736959422,-0.011513635480935907,0.12984796338308957,5.358548751846185,0.052556818733989145,-4.472197245609889
1.16,1.0857780298940516,4.8455790763302184,0.7803804984133462,-0.30539753148070536,-0.020451448424906066,0.11754341213473518,50.0,0.3318544597504784,-7.423434612005896,-0.03495527902133583,6.617776853619832,0.08840098493163065,0.12335626395296648,0.05703717141230494,-0.9711641955454403,-50.0,-1.070432173544379,10.0,-0.8854137585976887,-5.849955080645549,-0.34017405158579395,0.5452397070118947,0.03953921160559541,-0.20747467644065543,50.0,5.0,-10.0,0.7902951751865191,0.2956221231153844,0.7803804984133462,-0.009914676773172926,-0.02582223172743481,0.11754341213473518,13.865558909665651,0.3586228042017225,-6.725708735920525,0.7839224539824292,0.06731195781022162,0.7803804984133462,-0.0035419555690829885,-0.025393611977335615,0.11754341213473518,1.8637368668706513,0.11172537306321206,-2.673710320958945,0.7869435373673501,0.12729557057570284,0.7803804984133462,-0.006563038954003897,-0.011591995427533518,0.11754341213473518,5.801060943921801,0.11315683172211606,-4.050333112295207
1.17,1.1302278706000717,4.4449840706020165,0.7814327014075365,-0.34879516919253517,-0.02438389852389162,0.10522029941902877,50.0,0.40306496173448647,-7.77973389397883,0.02483003611646177,5.978531513779759,0.07865793452716155,0.05382789841069978,0.05697759724503396,-0.97430504044691,-50.0,-1.159354486419152,10.0,-0.8935441400150557,-0.8130381417366976,-0.3420339371281324,0.5515102028869232,0.04513561744863831,-0.1859885542338513,50.0,5.0,-10.0,0.7926826968176233,0.2387521631104166,0.7814327014075365,-0.011249995410086755,-0.02595860689784672,0.10522029941902877,16.774627439142176,0.3781183774143316,-6.357459558245518,0.7845108408895081,0.05883869070788922,0.7814327014075365,-0.0030781394819715535,-0.02543027724122612,0.10522029941902877,0.8737963683796469,0.1466772987262039,-2.054975606087728,0.7880636088425732,0.1120071475223074,0.7814327014075365,-0.0066309074350366926,-0.011669505216636115,0.10522029941902877,6.003038395897413,0.09732175896670468,-3.5971844343202397
1.18,1.170247685525667,4.001981492559517,0.7823615071195192,-0.3878861784061477,-0.02866295845720905,0.09288057119827275,50.0,0.588296927794057,-7.783436618855964,0.07641060172567003,5.158056560920826,0.0688869373330942,-0.007523664392575832,0.05638655494501612,-0.9770997194067349,13.828691487663198,-1.1232605076870321,10.0,-0.8490470569091342,4.449708310592149,-0.34367778670483057,0.5053692702043036,0.049744339319622126,-0.16438495766981642,50.0,5.0,-10.0,0.794274682414548,0.1591985596924764,0.7823615071195192,-0.011913175295028777,-0.026093658506766256,0.09288057119827275,18.41283929898976,0.3808772745778073,-5.564951422116383,0.784994794407901,0.048395351839291244,0.7823615071195192,-0.002633287288381747,-0.025461449649293866,0.09288057119827275,0.9307270231352806,0.10902500754575842,-1.5287212023441863,0.7890257425932253,0.09621337506521782,0.7823615071195192,-0.006664235473706093,-0.011745768908879699,0.09288057119827275,7.211512938559424,0.1009218816680166,-3.1838767116329136
1.19,1.205349433941652,3.5101748415984924,0.7831667688801055,-0.42218266506154645,-0.033235802591984366,0.08052617605862622,50.0,0.7865101531799019,-7.686253450741088,0.11922226434189304,4.2811662616223,0.05909146493820548,-0.060130799403687554,0.05535713032481701,-0.9795472394888718,50.0,-0.9194066897802545,10.0,-0.7554498218517052,9.359723505742899,-0.34510456202526246,0.4103452598264427,0.052911819567312265,-0.14267753204318945,50.0,4.296318680381554,-10.0,0.794934300557262,0.0659618142713989,0.7831667688801055,-0.011767531677156495,-0.026217930004964963,0.08052617605862622,16.117827086830193,0.36894068939271113,-4.42305056999282,0.7853426590485254,0.03478646406244333,0.7831667688801055,-0.002175890168419903,-0.025486687197384308,0.08052617605862622,0.9340538626758367,0.09590202949254828,-0.965168501638692,0.789816056710695,0.07903141174696508,0.7831667688801055,-0.00664928783058949,-0.01182016492836029,0.08052617605862622,5.576769011588067,0.11156072169498031,-2.7010400281751874
1.2,1.2348638337762785,2.95143998346265,0.7838483595291283,-0.45101547424715016,-0.038041101332802134,0.06815906490228452,50.0,1.0196283704378508,-7.447722537098017,0.15377955187964634,3.45572875377533,0.04927499762719519,-0.10450455425245114,0.05396651190691497,-0.9816467311010282,50.0,-0.6851194038742744,10.0,-0.6216098024080127,13.384001944369249,-0.346313361907555,0.27529644050045765,0.05432638377787992,-0.1208799882292555,50.0,1.8913276658561822,-10.0,0.7946429053286104,-0.029139522865163026,0.7838483595291283,-0.010794545799482025,-0.026322961510673266,0.06815906490228452,12.650122051719864,0.31632223128873993,-3.188802753529703,0.7855282477397902,0.018558869126486487,0.7838483595291283,-0.001679888210661895,-0.025505341966403573,0.06815906490228452,0.10575198593898955,0.052026781771579135,-0.6145902617627508,0.7904311815923609,0.06151248816658983,0.7838483595291283,-0.006582822063232574,-0.011892144397809275,0.06815906490228452,5.521197518650533,0.09389842214487201,-2.281247937820497
1.21,1.2577465424196632,2.2882708643384637,0.7844061714355232,-0.47334037098414006,-0.04300333212907738,0.05578119063948117,50.0,1.3223711733261432,-6.817731285461424,0.181472034081144,2.7692482201497666,0.03944102314415691,-0.1420310109369871,0.052269276975530125,-0.9833974483038299,50.0,-0.491122368975496,10.0,-0.46069932240734235,16.09104800006703,-0.34730342284779403,0.11339589955954832,0.053851237973468705,-0.09900609402390126,-50.0,-0.7967184724015967,5.789164229144266,0.7934731889061568,-0.1169716422453549,0.7844061714355232,-0.009067017470633654,-0.02640193452115507,0.05578119063948117,7.21265219967857,0.23899071077068287,-1.9595770595854092,0.7855374452191815,0.0009197479391238467,0.7844061714355232,-0.0011312737836582931,-0.02551674667903407,0.05578119063948117,0.041513335842381816,0.015233717289976526,-0.1984139794358378,0.79085736961685,0.04261880244891442,0.7844061714355232,-0.006451198181326889,-0.011960918259867436,0.05578119063948117,4.743481857154576,0.09148234448466876,-1.811683350182177
1.22,1.2724153015540183,1.4668759134355152,0.7848401165143234,-0.4875751850396949,-0.04802577157081788,0.043394507880023525,50.0,1.6382312379874788,-5.877192944085658,0.2040988828829958,2.262684880185178,0.029593035453398354,-0.17450584742959743,0.05029795001321563,-0.9847987690758536,50.0,-0.3646032260914251,10.0,-0.2899768871579247,17.072243524941765,-0.3480741195022691,-0.058097232344344385,0.05156304129753108,-0.07706966544750449,50.0,-3.1542559348562875,10.0,0.7915733358418704,-0.18998530642864594,0.7848401165143234,-0.006733219327547002,-0.02645026818378767,0.043394507880023525,3.8118937270789988,0.1549322984597875,-0.8915239877130574,0.7854044422800747,-0.013300293910679556,0.7848401165143234,-0.0005643257657512724,-0.025521059907300515,0.043394507880023525,-0.04110745231895715,-0.006085450864163086,-0.08143162446108529,0.7910831667147638,0.022579709791373706,0.7848401165143234,-0.006243050200440359,-0.012025606732850976,0.043394507880023525,4.726251144651456,0.09277353555244872,-1.3823421006702874
1.23,1.2769797566006835,0.45644550466652456,0.7851501262405708,-0.49182963036011274,-0.052989712424885656,0.031000972624739553,50.0,1.9158806604058252,-4.469859158444403,0.22261430976895477,1.8515426885958979,0.019734533498053944,-0.2028797762709008,0.04808399798164703,-0.9858501955344406,50.0,-0.27434698465526874,10.0,-0.12445937739821819,16.55175097597065,-0.3486249650824547,-0.22416558768423653,0.04766621032309165,-0.05508455801856438,50.0,-4.833895785602795,10.0,0.7891344061924126,-0.24389296494578253,0.7851501262405708,-0.003984279951841807,-0.026465721686811515,0.031000972624739553,0.715540009886072,0.043380511160020556,-0.16384150896738198,0.7851857061704424,-0.02187361096322531,0.7851501262405708,-3.557992987157643e-05,-0.025519228345502906,0.031000972624739553,0.0,-0.02934894274309721,0.14445790597594965,0.7910914171080607,0.0008250393297029208,0.7851501262405708,-0.005941290867489957,-0.012085102145458845,0.031000972624739553,2.9984643582866215,0.08400592882246599,-0.8588713753268967
1.24,1.2695848057606574,-0.7394950840026084,0.7853361516601358,-0.48424865410052154,-0.057758249457490606,0.018602541956502794,50.0,2.1185366662892986,-2.7996729634920556,0.23721119054904252,1.4596880780087762,0.009869019956926217,-0.2273421705921163,0.045664607467924986,-0.9865513541127746,50.0,-0.28762146890482276,10.0,0.020570629706728766,14.503000710494696,-0.3489556116624759,-0.36952624136920464,0.042520647838350134,-0.03306465800211322,50.0,-5.0,10.0,0.7863597628790043,-0.2774643313408252,0.7853361516601358,-0.0010236112188685142,-0.026448211365866118,0.018602541956502794,0.1850629508258213,-0.09313977478236521,0.09014306012663595,0.7849786304870026,-0.02070756834397859,0.7853361516601358,0.00035752117313325726,-0.025513582376937176,0.018602541956502794,0.34862901495813003,-0.03985740835373474,0.0997578668312149,0.79087113684122,-0.022028026684078196,0.7853361516601358,-0.0055349851810841955,-0.01213824919460128,0.018602541956502794,2.31698962545256,0.06394964094585782,-0.5553559930328692
1.25,1.248949786118832,-2.0635019641825467,0.7853981633974483,-0.4635516227213836,-0.06218741548828619,0.006201173731246179,50.0,2.213740986219263,-0.8784067269174023,0.24713672875924858,0.9925538210206056,6.412235645739299e-17,-0.24713672875924853,0.04309398479823044,-0.9869019956926156,50.0,-0.27215922691585376,10.0,0.13213585071834388,11.15652210116151,-0.3490658503988659,-0.4812017011172098,0.03659297861706188,-0.011023873638998927,50.0,-5.0,6.523119690489022,0.7834455754014454,-0.2914187477558855,0.7853981633974483,0.0019525879960028414,-0.0263995436111305,0.006201173731246179,0.693443609365986,-0.14388151242935288,0.15818446555681462,0.7848772166287885,-0.010141385821402215,0.7853981633974483,0.0005209467686597691,-0.02550735877066844,0.006201173731246179,0.0,-0.02326341790465714,0.06381238366526822,0.7904041336568355,-0.046700318438454375,0.7853981633974483,-0.005005970259387205,-0.012183638865351306,0.006201173731246179,1.6706279405807105,0.0781182141636224,-0.13495787270314688
1.26,1.2146910793393535,-3.425870677947848,0.7853361516601358,-0.4293549276792177,-0.06613837769728359,-0.006201173731246179,50.0,2.19705866436024,0.8432678647942683,0.2511042927627976,0.3967564003549029,-0.009869019956926088,-0.2609733127197237,0.04044457603099772,-0.9869019956926128,50.0,-0.296842743077377,10.0,0.20050943754980266,6.837358683145878,-0.3489556116624759,-0.5494650492122786,0.03041459225662451,0.011023873639004478,50.0,-4.6785975189573294,-6.767185528548233,0.7805792074504988,-0.2866367950946582,0.7853361516601358,0.004756944209637015,-0.026323310489524663,-0.006201173731246179,4.87271902594197,-0.25738651739370844,-0.22783091520806364,0.7849350886318066,0.005787200301806848,0.7853361516601358,0.00040106302832920715,-0.025503926860415325,-0.006201173731246179,0.0,-0.06829453189637798,-0.05615583162796772,0.7896742031411509,-0.07299305156846123,0.7853361516601358,-0.0043380514810150705,-0.01221972007500461,-0.006201173731246179,0.22048386788317698,0.07892656011100274,0.08072595902478344
1.27,1.1673480058691184,-4.7343073470235035,0.7851501262405708,-0.38219787962854757,-0.06948692575886671,-0.018602541956502794,50.0,1.8728568074231386,2.0904945791798433,0.2478865342860613,-0.3217758476736309,-0.019734533498053815,-0.2676210677841151,0.03780054293792393,-0.9865513541127691,50.0,-0.2832581843392214,10.0,0.21985144336905355,1.9342005819250891,-0.3486249650824547,-0.5684764084515083,0.02453640811391692,0.03306465800211322,50.0,-3.547089802608443,-10.0,0.7779438756071811,-0.26353318433176137,0.7851501262405708,0.007206250633389644,-0.02622489466475759,-0.018602541956502794,6.689500760861531,-0.3269647882734864,-0.7241961538587784,0.7851283524391814,0.019326380737482253,0.7851501262405708,2.177380138934648e-05,-0.025505641760475182,-0.018602541956502794,0.0,0.04525325368522498,-0.041251113108971955,0.7886689805959628,-0.1005222545188036,0.7851501262405708,-0.0035188543553920093,-0.01224485639310665,-0.018602541956502794,0.8531697913053229,0.07118989307611866,0.35284736539981704
1.28,1.108256983943835,-5.909102192528328,0.7848401165143234,-0.3234168674295116,-0.072130184213909,-0.031000972624739553,50.0,1.6517428415007056,2.853032683300152,0.23681485521032075,-1.1071679075740546,-0.029593035453398225,-0.26640789066371895,0.035247180822044144,-0.9858501955344379,50.0,-0.28753041823619574,10.0,0.18860131285578557,-3.125013051326798,-0.3480741195022691,-0.5366754323580547,0.01948215509546905,0.05508455801855883,50.0,-2.3714328053258282,-10.0,0.7757006010791081,-0.22432745280730657,0.7848401165143234,0.009139515435215295,-0.026111066765124705,-0.031000972624739553,11.935239689105734,-0.34309448282743144,-1.7134033060713192,0.7853300350404562,0.020168260127467936,0.7848401165143234,-0.0004899185261327821,-0.025512557771749256,-0.031000972624739553,0.20463481603191364,0.014985055578721287,0.08403940096493977,0.7873756547699965,-0.1293325825966362,0.7848401165143234,-0.0025355382556730977,-0.012257278517403717,-0.031000972624739553,0.9332056174891965,0.01596384654680883,0.18203208105020405
1.29,1.0394606013158394,-6.879638262799552,0.7844061714355232,-0.25505442988031624,-0.0739927646864322,-0.043394507880023525,50.0,1.1989268561074535,2.7741329749725243,0.2180181813106018,-1.8796673899718952,-0.039441023144156775,-0.25745920445475856,0.03286055551649374,-0.9847987690758536,50.0,-0.28981332483689554,10.0,0.10956894907339797,-7.90323637823876,-0.34730342284779403,-0.456872371921192,0.015703755014081007,0.07706966544750449,50.0,-1.399722347358868,-10.0,0.7739955919985038,-0.17050090806043475,0.7844061714355232,0.010410579437019396,-0.025989910879948466,-0.043394507880023525,14.350539548355952,-0.3773788521934025,-2.404003904658665,0.7853161930360185,-0.0013842004437663834,0.7844061714355232,-0.0009100216004953587,-0.025521519567709837,-0.043394507880023525,0.18537182764523644,0.02618087240947586,0.12259529198252875,0.7857949571793748,-0.15806975906217838,0.7844061714355232,-0.001388785743851595,-0.012255359398936017,-0.043394507880023525,-0.00491703040614427,0.0013628185696692077,0.00798296276867228
1.3,0.9637056733779987,-7.575492793784065,0.7838483595291283,-0.17985731384887038,-0.0750337885455425,-0.05578119063948117,50.0,0.684226760031141,2.032516400328353,0.19233603246114128,-2.5682148849460527,-0.04927499762719506,-0.24161103008833634,0.03070126670410499,-0.9833974483038299,50.0,-0.2746506103545322,10.0,-0.010344080833495056,-11.991302990689302,-0.3463133619075551,-0.33596928107406,0.013543192502409335,0.09900609402390126,50.0,-0.6335225205424767,-10.0,0.7729011761603444,-0.10944158381593705,0.7838483595291283,0.010947183368783975,-0.025869494887879034,-0.05578119063948117,15.133679903017313,-0.3655456417574795,-3.089437220899313,0.7847995587072876,-0.051663432873095674,0.7838483595291283,-0.0009511991781592233,-0.02552586521620412,-0.05578119063948117,-0.003095192003102258,0.008750505538118165,0.04063462369944451,0.7839385697101963,-0.18563874691784654,0.7838483595291283,-9.02101810679179e-05,-0.01223769762605491,-0.05578119063948117,0.0,-0.015675140125982714,-0.3800409010286833
1.31,0.8843813184836433,-7.932435489435536,0.7831667688801055,-0.10121454960353782,-0.07525269049263432,-0.06815906490228452,21.660882290624738,0.17040091915537384,0.5906648058353836,0.16091189111131818,-3.14241413498231,-0.05909146493820536,-0.22000335604952354,0.028815474557107985,-0.9816467311010296,50.0,-0.32161913681080007,10.0,-0.16066969822611435,-15.03256173926193,-0.34510456202526246,-0.1844348637991481,0.013202100038344046,0.12087998822926105,-2.4524006692394766,-0.018508515443204414,0.05691586667412506,0.7724030510050836,-0.04981251552608015,0.7831667688801055,0.01076371787502195,-0.025756876457576208,-0.06815906490228452,14.800823083846577,-0.328718258268261,-3.5399090523464203,0.7834941228420315,-0.13054358652561227,0.7831667688801055,-0.000327353961925958,-0.02551608439717082,-0.06815906490228452,0.3794960786464658,-0.041575399462289823,-0.4628202628226058,0.7818325662584081,-0.2106003451788092,0.7831667688801055,0.0013342026216973668,-0.012203295565320054,-0.06815906490228452,-0.39501322412630674,-0.008145035738941389,-0.9805954552026674
1.32,0.8052683419985239,-7.911297648511934,0.7823615071195192,-0.02290683487900469,-0.07469062907657319,-0.08052617605862622,-9.161348642839258,-0.2935359172840964,-1.2618210253868287,0.12448895220746653,-3.642293890385164,-0.06888693733309409,-0.19337588954056062,0.02724594505074089,-0.9795472394888732,50.0,-0.3603121465630055,10.0,-0.32680323215140944,-16.613353392529508,-0.34367778670483057,-0.01687455455342113,0.014694689832062787,0.14267753204318945,-50.0,0.7112668703481104,10.0,0.7724034286766175,3.776715339882247e-05,0.7823615071195192,0.009958078442901752,-0.02565729944986253,-0.08052617605862622,11.3900333457722,-0.29085907604912475,-3.6661043680589445,0.7811966998056682,-0.22974230363632686,0.7823615071195192,0.0011648073138510462,-0.025481462093668673,-0.08052617605862622,0.33438951781149084,-0.11907417079719354,-1.5727383019087862,0.7795206522409924,-0.23119140174157005,0.7823615071195192,0.0028408548785268106,-0.012151767876360629,-0.08052617605862622,1.4579290497345079,-0.06939880690424402,-1.8076298236474058
1.33,0.7295423403578212,-7.572600164070281,0.7814327014075365,0.05189036104971534,-0.073414465449669,-0.09288057119827275,46.34650662078127,-0.6495389675407861,-3.2863885741615535,0.08315911444394739,-4.132983776351915,-0.07865793452716141,-0.1618170489711088,0.026041072938665,-0.9770997194067321,50.0,-0.43666660340361346,10.0,-0.49407139815103807,-16.726816599962866,-0.34203393712813246,0.1520374610229056,0.01788774610228813,0.16438495766981087,50.0,1.6590746874274083,10.0,0.7727237334133208,0.032030473670331475,0.7814327014075365,0.008708967994215722,-0.025573412817287405,-0.09288057119827275,8.491383675275687,-0.24535504438332437,-3.5391547051052674,0.7778911047000235,-0.3305595105644603,0.7814327014075365,0.003541596707512973,-0.0254129901755371,-0.09288057119827275,3.2509887549269543,-0.2307365752069392,-3.402074115563356,0.7770706082287616,-0.24500440122307876,0.7814327014075365,0.004362093178774895,-0.012083646504450572,-0.09288057119827275,3.4004671473545254,-0.09030979136038422,-2.7706413821711697
1.34,0.6594011450397373,-7.014119531808381,0.7803804984133462,0.12097935337360888,-0.07150325996275207,-0.10522029941902877,50.0,-0.8995187466655535,-5.337841721712654,0.03608694743688033,-4.707216700706705,-0.08840098493163051,-0.12448793236851084,0.02526691528505056,-0.97430504044691,50.0,-0.4982770938486854,10.0,-0.6463518369910246,-15.22804388399865,-0.34017405158579395,0.30617778540523066,0.022472328344740302,0.1859885542338513,50.0,2.894908007412545,10.0,0.7731630944785051,0.04393610651842897,0.7803804984133462,0.00721740393484116,-0.025505632388590837,-0.10522029941902877,5.253928777665733,-0.2002376154827277,-3.1933030016692263,0.7737794789103108,-0.4111625789712686,0.7803804984133462,0.006601019503035377,-0.025305863722609616,-0.10522029941902877,9.543162015429123,-0.360334500171531,-5.800012460004518,0.7745707392029825,-0.2499869025779172,0.7803804984133462,0.005809759210363752,-0.012000550222089143,-0.10522029941902877,5.468992993156106,-0.11703977845791545,-3.8297843452946623
1.35,0.5959519528500583,-6.3449192189679025,0.7792050642919988,0.18325311144194045,-0.06903623692643587,-0.11754341213474628,50.0,-1.086437051026141,-7.224815848421036,-0.018113191328818633,-5.420013876569897,-0.09811262688708514,-0.0799994355582665,0.025008922317124885,-0.9711641955454625,50.0,-0.48794671481237534,10.0,-0.7681039191971586,-12.175208220613394,-0.33809930482138734,0.43000461437577125,0.027989895310559353,0.20747467644066098,50.0,4.2330925231252925,10.0,0.7735130606898007,0.0349966211295676,0.7792050642919988,0.005692003602198015,-0.025452212014681813,-0.11754341213474628,2.8919224578423046,-0.15758290351031595,-2.8202169910142665,0.7692890669184801,-0.4490411991830702,0.7792050642919988,0.00991599737351867,-0.025161799628956122,-0.11754341213474628,17.45907934972962,-0.4639171915347896,-8.546035976468703,0.7721266970940707,-0.24440421089118,0.7792050642919988,0.007078367197928093,-0.011905326129020743,-0.11754341213474628,7.278440755919057,-0.10785175814442655,-4.869216923990977
1.36,0.5394883191197205,-5.646363373033781,0.777906584658168,0.23841826553844747,-0.06608741793374802,-0.12984796338307847,50.0,-1.1437489844713447,-9.145927409388673,-0.08069807805641394,-6.2584886727595315,-0.1077894098933814,-0.027091331836967464,0.025363857866031164,-0.9676783006296263,50.0,-0.4617659070183984,10.0,-0.8465698324830513,-7.8465913285892634,-0.3358110072894379,0.5107588251936134,0.03388214269535442,0.22882975319494792,50.0,5.0,10.0,0.7735785367512333,0.006547606143254777,0.777906584658168,0.00432804790693464,-0.02540958629622679,-0.12984796338307847,1.8183405251878624,-0.08361239466955679,-2.5778709781666382,0.7650178246038529,-0.42712423146271894,0.777906584658168,0.012888760054315052,-0.0249901996052667,-0.12984796338307847,27.51591832469808,-0.44110338304470204,-10.0,0.7698491476442919,-0.22775494497787174,0.777906584658168,0.008057437013876068,-0.011801976264384196,-0.12984796338307847,9.851471019447752,-0.14661367444685272,-5.881284717643862
1.37,0.4899721932328806,-4.95161258868399,0.7764852645568404,0.2865130713239598,-0.06272712596164003,-0.14213201013275611,50.0,-1.2166042624831237,-10.0,-0.15216024351038732,-7.14621654539734,-0.11742789583559476,0.03473234767479255,0.026425802997318823,-0.9638485942213365,-50.0,-0.3970154076025209,10.0,-0.8735829948199751,-2.701316233692391,-0.3333106043277128,0.5402723904922624,0.039554998223646276,0.25004029617251566,50.0,5.0,10.0,0.773189975460434,-0.03885612907993041,0.7764852645568404,0.0032952890964064174,-0.02537274779235473,-0.14213201013275611,-1.6862662803126385,-0.10585135941812396,-2.3319532917987833,0.7615343174198398,-0.34835071840131526,0.7764852645568404,0.014950947137000625,-0.024805855062056563,-0.14213201013275611,32.898064352873035,-0.5544318699490765,-10.0,0.7678504714466687,-0.19986761976231884,0.7764852645568404,0.008634793110171679,-0.011695641571306247,-0.14213201013275611,10.146586953179018,-0.15182440771923125,-6.458012338514995
1.3800000000000001,0.44737873100731496,-4.259346222556564,0.7749413284309367,0.3275625974236217,-0.05902556536514816,-0.15439361259037554,50.0,-1.2451695193433852,-10.0,-0.23193322979627762,-7.977298628589028,-0.12702466020556452,0.1049085695907131,0.028272618556084858,-0.9596764369969757,-50.0,-0.1936225371064992,10.0,-0.8466502009649951,2.6932793854980046,-0.3305996752443149,0.5160505257206802,0.044446175542303276,0.2710929083397984,50.0,5.0,10.0,0.7721932290095663,-0.09967464508676739,0.7749413284309367,0.0027480994213703314,-0.025335299333632353,-0.15439361259037554,1.9481962992944228,-0.09470530568856761,-2.417817142539209,0.7591892171037421,-0.23451003160976558,0.7749413284309367,0.015752111327194562,-0.02462488294562364,-0.15439361259037554,33.06487887949738,-0.5421702560926441,-10.0,0.7661936770866609,-0.16567943600078378,0.7749413284309367,0.008747651344275797,-0.01159159711426341,-0.15439361259037554,10.716226474197883,-0.11826182944353802,-6.692091273919833
1.3900000000000001,0.4118438033746389,-3.553492763267605,0.7732750200858688,0.3614312167112299,-0.0550559039217091,-0.16663083450678684,50.0,-1.1961005975235184,-10.0,-0.3183067262215087,-8.637349642523104,-0.13657629331860593,0.18173043290290275,0.030953657849366194,-0.9551633113041413,24.51587889846629,0.04815032800130698,-5.289472906459516,-0.7692393244622497,7.74108765027454,-0.32767993232015746,0.4415593921420923,0.048087660698696744,0.291974292415742,50.0,4.19022093028705,10.0,0.7704988057364796,-0.16944232730867925,0.7732750200858688,0.002776214349389239,-0.025290592957407595,-0.16663083450678684,1.4731415652175905,-0.13107667852580315,-3.1774818418938975,0.7581229346042807,-0.10662824994613582,0.7732750200858688,0.015152085481588085,-0.024462699265813143,-0.16663083450678684,28.878128977234717,-0.47035970083079703,-10.0,0.7648970840361193,-0.12965930505414963,0.7732750200858688,0.008377936049749457,-0.011494851823260502,-0.16663083450678684,8.56179591370247,-0.10681604207292231,-6.4935077219701345
1.4000000000000001,0.3836358211109466,-2.8207982263692295,0.7714866026510409,0.3878507815400943,-0.050895316283671235,-0.1788417434827938,50.0,-1.129298122186526,-10.0,-0.40786098144983995,-8.955425522833128,-0.1460794015249556,0.2617815799248844,0.03446701620089835,-0.9503108206349642,50.0,0.37687486335891046,-10.0,-0.6507096750479878,11.85296494142619,-0.32455321972745155,0.3261564553205363,0.05016392875775949,0.3126712592705916,50.0,2.1726618028986424,10.0,0.7681085078273248,-0.23902979091547588,0.7714866026510409,0.0033780948237160935,-0.025232909030078885,-0.1788417434827938,1.8629796895266473,-0.16099703346594016,-4.274340399176656,0.7582450259953306,0.012209139104992467,0.7714866026510409,0.013241576655710241,-0.02433150441316654,-0.1788417434827938,19.899746484919312,-0.35624049998797874,-10.0,0.7639059274785486,-0.09911565575707328,0.7714866026510409,0.007580675172492279,-0.01140913350595987,-0.1788417434827938,5.7344841720420625,-0.11682607458561317,-5.967826101071481
1.41,0.3630815349229818,-2.055428618796481,0.769576358538298,0.4064948236153162,-0.04662482518563843,-0.1910244112742876,50.0,-1.0413668876903344,-10.0,-0.49661189277971796,-8.875091132987802,-0.15553060841551755,0.3410812843642004,0.038765338157839134,-0.9451206890562003,50.0,0.7939819202612188,-10.0,-0.5043093384483407,14.640033659964713,-0.32122151236488694,0.18308782608345375,0.05053080365259755,0.33317073625646065,-45.74074560628124,-0.14041164123397104,-3.3426779123767556,0.7651010089381264,-0.3007498889198412,0.769576358538298,0.0044753496001715964,-0.025158080545185185,-0.1910244112742876,3.2529868641585544,-0.19838465740909655,-5.98287183773414,0.7592629913064092,0.10179653110785189,0.769576358538298,0.010313367231888804,-0.02423855039395844,-0.1910244112742876,10.616708053429425,-0.25031874970470064,-7.949003627658981,0.7631078786052051,-0.07980488733434554,0.769576358538298,0.006468479933092852,-0.011336468217895508,-0.1910244112742876,4.221690496242278,-0.07179045603508652,-5.142247626672397
1.42,0.35041662980109756,-1.2664905121884238,0.7675445893973297,0.41712795959623217,-0.04232689653845726,-0.20317691409682537,50.0,-0.9171539786826914,-10.0,-0.5800986637482222,-8.348677096850427,-0.16492655602148704,0.41517210772673513,0.043751926944791526,-0.9395947605969457,50.0,1.332548739640091,-10.0,-0.3478673187355922,15.644201971274853,-0.31768691461024334,0.030180404125348836,0.049268187496723556,0.3534597754643598,-50.0,-2.1732654361409063,-10.0,0.7616541704969776,-0.34468384411488157,0.7675445893973297,0.0058904189003521346,-0.025064707971770177,-0.20317691409682537,5.637735998628866,-0.25777378496538783,-7.742724595139412,0.7605708432464549,0.13078519400457306,0.7675445893973297,0.006973746150874871,-0.024181891451850148,-0.20317691409682537,3.2387078964477203,-0.13968889760717235,-5.066490937321065,0.762344468742209,-0.076340986299615,0.7675445893973297,0.005200120655120766,-0.011276832912714339,-0.20317691409682537,2.938568772396714,-0.05064559474923786,-4.139434478262072
1.43,0.345822213939603,-0.4594415861494553,0.7653916160680365,0.4195694021284335,-0.03808525835855798,-0.21529733292932063,50.0,-0.8248729352092585,-10.0,-0.6544968381702917,-7.439817442206953,-0.17426390600741912,0.48023293216287255,0.04929823801064095,-0.9337349985932109,50.0,1.7314650476232751,-10.0,-0.1952909766629949,15.257634207259729,-0.3139516589912212,-0.1186606823282263,0.04655581725271532,0.373525561902216,50.0,-3.786333912047107,-10.0,0.7580067902297414,-0.36473802672361777,0.7653916160680365,0.007384825838295139,-0.02495438591071486,-0.21529733292932063,7.111034026453299,-0.28813779891085967,-9.589628705431524,0.7614119451456254,0.08411018991705466,0.7653916160680365,0.003979670922411138,-0.02415050576161774,-0.21529733292932063,1.8323757373803715,-0.10352356933133867,-2.9818248338445903,0.7614221835259793,-0.09222852162295733,0.7653916160680365,0.003969432542057172,-0.011227915735131471,-0.21529733292932063,1.8269808912028855,-0.05706795401937805,-3.288469867935026
1.44,0.3492475835523422,0.34253696127392286,0.763117778529865,0.41387019497752275,-0.03398081010491014,-0.22738375381715636,50.0,-0.6737588062579665,-10.0,-0.7163870600419535,-6.189022187166187,-0.18353934085732515,0.5328477191846284,0.055245617421203846,-0.9275434849906006,50.0,2.195387623253553,-10.0,-0.06017518684863493,13.511578981435994,-0.3100181047753287,-0.24984291792669377,0.04270623017530478,0.39335542158924763,50.0,-4.635680902283436,-10.0,0.7544282823162342,-0.35785079135071773,0.763117778529865,0.008689496213630798,-0.024831705869443478,-0.22738375381715636,10.695398127844083,-0.3202737195825242,-10.0,0.7611788527231261,-0.023309242249920828,0.763117778529865,0.0019389258067388226,-0.02412878557932536,-0.22738375381715636,1.0240756241478968,-0.0694799059233489,-2.3178897796137283,0.7601560486020265,-0.12661349239528558,0.763117778529865,0.0029617299278384968,-0.011185637086613558,-0.22738375381715636,0.7525510988955606,-0.039834974656622585,-2.7239905497436703
1.45,0.3603589093959743,1.1111325843632136,0.7607234358481216,0.4003645264521473,-0.030088278098824986,-0.23943426817433222,50.0,-0.5357253962674405,-10.0,-0.7630903027671668,-4.670324272521331,-0.1927495650533688,0.570340737713798,0.06141605722559396,-0.921022419604367,50.0,2.6002888947484917,-10.0,0.04592193539538919,10.609712224402411,-0.3058887364797182,-0.3518106718751074,0.03812715223411347,0.41293682956105027,50.0,-4.7423875578543875,-10.0,0.7510358971256746,-0.3392385190559539,0.7607234358481216,0.009687538722446987,-0.024700906630313414,-0.23943426817433222,12.278038823179463,-0.30674193096890695,-10.0,0.7595353218880979,-0.16435308350282346,0.7607234358481216,0.0011881139600237178,-0.02410046913137484,-0.23943426817433222,0.9814593287541754,-0.0839177625951667,-3.2060214117540564,0.7583969674309673,-0.17590811710591947,0.7607234358481216,0.002326468417154337,-0.011144781590731423,-0.23943426817433222,0.14315337974177875,-0.03069467139369222,-2.6341627248897255
1.46,0.37852362747209284,1.8164718076118507,0.7582089661172721,0.3796853386451792,-0.02647307189313438,-0.25144697308495667,50.0,-0.45056382966226327,-10.0,-0.7927749674145291,-2.9684664647362338,-0.2018913062467486,0.5908836611677806,0.06762174048374539,-0.9141741193379738,50.0,2.8655372279793823,-10.0,0.11441694618564764,6.8495010790258455,-0.3015661623019113,-0.41598310848755893,0.033282371041335294,0.4322574177806904,50.0,-4.305518187399494,-10.0,0.747874978782111,-0.31609183435637395,0.7582089661172721,0.01033398733516111,-0.024565957573526167,-0.25144697308495667,14.051246198227934,-0.32260167122670064,-10.0,0.756491843702284,-0.3043478185813929,0.7582089661172721,0.0017171224149881148,-0.02405286312536682,-0.25144697308495667,0.297825397134145,-0.1417365798927696,-5.545864978233406,0.7560681874305462,-0.23287800004211545,0.7582089661172721,0.002140778686725908,-0.011100086003859951,-0.25144697308495667,-0.00016681866166769964,-0.022790170461012612,-3.0950683927520752
1.47,0.40284780676341136,2.4324179291318533,0.7555747664012354,0.3527269596378241,-0.023189044089669323,-0.26341997160366226,50.0,-0.3688047661919837,-10.0,-0.8044163440201431,-1.1641376605613953,-0.2109613164203484,0.5934550275997946,0.07367270452579948,-0.9070010173599874,50.0,2.9619229171480312,-10.0,0.1400625416382641,2.5645595452616465,-0.29705311247240646,-0.43711565411067055,0.028654758545702427,0.4513049829504845,50.0,-3.5563473089728026,-10.0,0.7449752617241349,-0.2899717057976144,0.7555747664012354,0.01059950467710058,-0.0244309653561754,-0.26341997160366226,14.454666678625065,-0.31815013673041304,-10.0,0.752413382368603,-0.40784613336809755,0.7555747664012354,0.0031613840326324416,-0.023980464671703686,-0.26341997160366226,2.426301938859678,-0.3201715287713818,-8.495393277878032,0.7531870780820306,-0.2881109348515628,0.7555747664012354,0.0023876883192048837,-0.011047398027182747,-0.26341997160366226,0.5304419280823649,-0.04315454177808891,-4.010215758010199
1.48,0.43227513106078386,2.942732429737252,0.7528212526706834,0.3205461216098996,-0.020277856116544053,-0.2753513730551993,50.0,-0.2339596806327087,-10.0,-0.7977328677855405,0.6683476234602543,-0.21995637304274124,0.5777764947427992,0.07938363471088145,-0.8995056622392861,50.0,2.9912231940595313,-10.0,0.12117851857030502,-1.888402306795907,-0.29235243753020573,-0.41353095610051077,0.024708289215376912,0.4700674942200722,50.0,-2.5677139543734264,-10.0,0.7423395875641058,-0.26356741600291134,0.7528212526706834,0.010481665106577664,-0.02429979196350933,-0.2753513730551993,12.77777781457077,-0.315195231419495,-10.0,0.7478780980708316,-0.45352842977713637,0.7528212526706834,0.00494315459985184,-0.023885680282727452,-0.2753513730551993,5.783195855572677,-0.24998514477415176,-10.0,0.7498614963388165,-0.33255817432140733,0.7528212526706834,0.0029597563318669584,-0.010984544646431936,-0.2753513730551993,1.162797231366635,-0.04203613575483623,-5.232678141255556
1.49,0.46572355718142416,3.3448426120640318,0.749948859737354,0.28422530255592987,-0.017770087352191155,-0.2872392933329415,50.0,-0.1754466090926677,-10.0,-0.7731571268097411,2.457574097579938,-0.22887328021314005,0.5442838465966011,0.08458071576708946,-0.8916907170398725,50.0,2.7977331900437297,-10.0,0.05974572435922666,-6.143279421107836,-0.28746710652235413,-0.3472128308815808,0.021850488848671887,0.4885331007851601,50.0,-1.660204269005846,-10.0,0.7399373181645295,-0.2402269399576288,0.749948859737354,0.010011541572824578,-0.024175653853785322,-0.2872392933329415,12.137334334240133,-0.27560138647958304,-10.0,0.7432868416074634,-0.4591256463368241,0.749948859737354,0.006662018129890646,-0.023773147536794863,-0.2872392933329415,8.306688300269967,-0.3115142892275801,-10.0,0.7462711028853932,-0.35903934534232274,0.749948859737354,0.0036777568519608117,-0.010911863143378095,-0.2872392933329415,2.3029283487331353,-0.047933327565401876,-6.478461644690331
1.5,0.5022230287988205,3.6499471617396306,0.746958041185389,0.24473501238656847,-0.015687731944499433,-0.29908185519650354,50.0,-0.1541346042142091,-10.0,-0.7318627887818319,4.129433802790923,-0.2377088697968864,0.49415391898494543,0.08910931157665983,-0.8835589583746417,50.0,2.3697279139391942,-10.0,-0.038669656200435276,-9.841538055966193,-0.28240020512862557,-0.2437305489281903,0.020397337164986602,0.5066901393728562,50.0,-0.8179918421402371,-10.0,0.7377201922707911,-0.22171258937383548,0.746958041185389,0.00923784891459789,-0.02406110410570196,-0.29908185519650354,9.840561756154294,-0.2557971833071036,-10.0,0.7387756432066517,-0.45111984008117106,0.746958041185389,0.008182397978737321,-0.02364621157299937,-0.29908185519650354,11.631459199072665,-0.3320503494996316,-10.0,0.7426228604024581,-0.3648242482935165,0.746958041185389,0.004335180782930936,-0.010832028910719434,-0.29908185519650354,2.759093864987922,-0.06752156327021096,-7.386204843177492
1.51,0.5410152870582625,3.879225825944202,0.7438492692997084,0.2028339822414459,-0.014047314704679396,-0.31087718856805946,50.0,-0.11549784211416497,-10.0,-0.6758303285634181,5.603246021841376,-0.24646000255107284,0.42937032601234526,0.09284269023459914,-0.8751132754186375,50.0,1.715576195474435,-10.0,-0.16516371028618276,-12.649405408574747,-0.2771549337125412,-0.11199122342635842,0.020542365471580493,0.5245271416084385,-16.563214268043048,0.028065363345623883,3.02349623735337,0.7356088848738922,-0.2111307396898937,0.7438492692997084,0.008240384425816205,-0.02395758718747481,-0.31087718856805946,7.435425525025172,-0.23296664082056276,-10.0,0.7344358470745369,-0.4339796132114779,0.7438492692997084,0.009413422225171497,-0.02350867938942651,-0.31087718856805946,13.81762506498108,-0.35802537010739627,-10.0,0.7390828569214102,-0.3540003481047874,0.7438492692997084,0.004766412378298224,-0.010748964752125974,-0.31087718856805946,2.7274377649419024,-0.07534410126946903,-7.822431449919885
1.52,0.5816327178914543,4.061743083319181,0.7406230349914313,0.15899031709997702,-0.012863585842011546,-0.3226234308277065,50.0,-0.09065331079067332,-9.108542383594026,-0.6080529566032168,6.777737196020128,-0.25512356923990104,0.35292938736331575,0.09569421038863028,-0.8663566688828228,50.0,0.8929554180299818,-10.0,-0.3063157378061355,-14.115202751995275,-0.27173460529995136,0.034581132506184165,0.022299697071841863,0.5420328412589825,50.0,0.9914384822166133,10.0,0.7335086566136441,-0.21002282602481617,0.7406230349914313,0.007114378377787278,-0.023865441121094455,-0.3226234308277065,5.660269824610471,-0.18494167936751083,-10.0,0.73029159634541,-0.41442507291269276,0.7406230349914313,0.010331438646021374,-0.023363922495675028,-0.3226234308277065,16.283848126183752,-0.3693526815957959,-10.0,0.7357394148631703,-0.3343442058239889,0.7406230349914313,0.004883620128261046,-0.010666694130260964,-0.3226234308277065,2.9156035868229493,-0.06000328426303797,-7.792925335101259
1.53,0.623724401134222,4.209168324276763,0.7372798477203544,0.11355544658613237,-0.0121489482085779,-0.3343187271076964,50.0,-0.05563556867993046,-7.143945001658979,-0.5321478427218375,7.590511388137936,-0.2636964917393795,0.268451350982458,0.09761967275964108,-0.8572922499478441,-10.371504250073434,-0.0387502875360069,1.2941123225507054,-0.44855807032622297,-14.224233252008743,-0.2661426434864576,0.18241542683976536,0.02554627466544039,0.5591961813493751,50.0,2.1735567843814083,10.0,0.731304843309042,-0.2203813304602053,0.7372798477203544,0.005975004411312379,-0.02378365294393531,-0.3343187271076964,4.157761336420036,-0.16022660102478395,-9.20025777081751,0.7263367113570922,-0.39548849883177795,0.7372798477203544,0.010943136363262163,-0.02321494228215923,-0.3343187271076964,17.639969468059572,-0.3681011213806093,-10.0,0.732592577412669,-0.31468374505012847,0.7372798477203544,0.004687270307685343,-0.010588353052679099,-0.3343187271076964,2.6496750509170037,-0.05940193239206027,-7.322820309239901
1.54,0.6670653375436627,4.334093640944068,0.7338202354145033,0.06675489787084055,-0.011914808593963901,-0.3459612305851123,22.72334272305675,-0.04428095974932944,-4.571545437935237,-0.45291736866147886,7.92304740603586,-0.2721757241309649,0.18074164453051395,0.09863478446434264,-0.8479232391585434,-50.0,-0.8832007455239315,10.0,-0.5764628806761135,-12.790481034989055,-0.2603825802749963,0.31608030040111723,0.02998612577295047,0.576006321146133,50.0,3.558282774922009,10.0,0.7287353205609738,-0.2569522748068197,0.7338202354145033,0.005084914853529465,-0.023707108567919334,-0.3459612305851123,3.372184106582536,-0.1458558041190116,-8.79503908960438,0.7225238498319322,-0.381286152516006,0.7338202354145033,0.011296385582571067,-0.023063849811081918,-0.3459612305851123,18.40875348874287,-0.3826874581370314,-10.0,0.729548418064509,-0.3044159348160089,0.7338202354145033,0.004271817349994267,-0.010515193285697557,-0.3459612305851123,2.0197821074509332,-0.038063283785583824,-6.68165103556252
1.55,0.711321791888369,4.425645434470629,0.7302447443867662,0.01892295249839726,-0.01216814361242699,-0.3575491027737021,1.487356970798368,-0.020910427307165545,-1.5034482972336705,-0.3749188137488064,7.799855491267241,-0.2805582537837632,0.09436055996504322,0.09879840451486634,-0.8382529652798287,-50.0,-1.65570643050301,10.0,-0.6752125526172437,-9.87496719411301,-0.2544580538449491,0.4207544987722946,0.035181167480084714,0.5924526430047206,50.0,4.922455840750344,10.0,0.7256154748089064,-0.31198457520673906,0.7302447443867662,0.004629269577859807,-0.023629617414620063,-0.3575491027737021,2.6556971218597427,-0.15615743940399893,-9.093800478874513,0.7187852011029607,-0.3738648728971418,0.7302447443867662,0.011459543283805496,-0.022911867890954146,-0.3575491027737021,18.59674554596968,-0.35857828259836066,-10.0,0.7264644594478777,-0.30839586166312677,0.7302447443867662,0.0037802849388884896,-0.010446550850142358,-0.3575491027737021,1.2872267403161053,-0.04472910275605363,-6.159413319096317
1.56,0.7561241442845371,4.4802352396168095,0.7265539392486248,-0.029570205035912345,-0.012911869186747794,-0.3690805138141462,5.2408952299465055,-0.015382771900467045,2.2115401098257417,-0.3019600487392714,7.295876500953504,-0.2888411024249036,0.01311894631436783,0.09820000632791467,-0.8282848641140372,-27.590167776661517,-2.125384636215879,10.0,-0.7325210921188273,-5.730853950158366,-0.24837280625419228,0.48414828586463504,0.0405957357337469,0.6085247590756793,50.0,5.0,10.0,0.7219178704740572,-0.3697604334849202,0.7265539392486248,0.00463606877456757,-0.023546280683525895,-0.3690805138141462,3.055476505327583,-0.18340196356290828,-10.0,0.7150448993928641,-0.37403017100966274,0.7265539392486248,0.011509039855760683,-0.022759374475295576,-0.3690805138141462,19.037360326903887,-0.31159674587015235,-10.0,0.7232088303354263,-0.32556291124514514,0.7265539392486248,0.0033451089131985023,-0.010380543469885858,-0.3690805138141462,1.404575862406575,-0.04386678244846504,-5.812768924338125
1.57,0.8010839104879187,4.49597662033816,0.7227484028209955,-0.07833550766692321,-0.014144821925450843,-0.38055364276292636,32.8480789911399,0.046846075329702516,6.400280311249355,-0.23704625431353865,6.491379442573275,-0.29702132719770336,-0.059975072884164704,0.09695111765481569,-0.8180224772799782,50.0,-2.2694511998739353,10.0,-0.7401687799805047,-0.7647687861677337,-0.24213068107553148,0.4980380989049732,0.0456525936014134,0.6242125178660796,50.0,5.0,10.0,0.717770389722081,-0.4147480751976255,0.7227484028209955,0.004978013098914547,-0.023455025745016986,-0.38055364276292636,3.9980608386816736,-0.19386652366769158,-10.0,0.7112317559382512,-0.3813143454612961,0.7227484028209955,0.011516646882744341,-0.022606076571922002,-0.38055364276292636,18.66948748098128,-0.3662696073085902,-10.0,0.7196818375544143,-0.35269927810120183,0.7227484028209955,0.0030665652665812226,-0.010314607889409926,-0.38055364276292636,1.1333700048488669,-0.03942537612632952,-5.824914532999606
1.58,0.8457742193812272,4.469030889330844,0.7188287360421955,-0.12694548333903166,-0.015861179847774243,-0.39196667787999573,50.0,0.121223882801568,10.0,-0.18220242894454122,5.484382536899743,-0.30509602170725175,-0.12289359276271053,0.09517374347349862,-0.8074694509548397,50.0,-2.1905531919698884,10.0,-0.6951445433157158,4.502423666478881,-0.23573562096901957,0.4594089223466963,0.04979644045823248,0.6395060106511918,50.0,5.0,10.0,0.7131541465561033,-0.4616243165977604,0.7188287360421955,0.00567458948609223,-0.02335211741849629,-0.39196667787999573,4.697471543585657,-0.2282489072123128,-10.0,0.7072768711543658,-0.39548847838854206,0.7188287360421955,0.011551864887829777,-0.02245100907520485,-0.39196667787999573,18.422306386813478,-0.3775016626329993,-10.0,0.7158580233658399,-0.3823814188574358,0.7188287360421955,0.0029707126763556246,-0.010246662620760627,-0.39196667787999573,1.004001872913389,-0.032587035858615325,-6.08900658451383
1.59,0.8897535502958122,4.397933091458495,0.7147955578730475,-0.17495799242276466,-0.018050553081147742,-0.4033178169148055,50.0,0.1950379173518503,10.0,-0.13817156288566895,4.403086605887227,-0.31306231705303844,-0.1748907541673695,0.0929845272712362,-0.7966295345786689,50.0,-1.8842753717425809,10.0,-0.6002491914709328,9.4895351844783,-0.22919166519168782,0.371057526279245,0.0525580622025771,0.6543955777331745,50.0,3.9872219666798645,10.0,0.7080770240371612,-0.5077122518942137,0.7147955578730475,0.006718533835886276,-0.023234160854948005,-0.4033178169148055,7.145597076390701,-0.23934938398014233,-10.0,0.7031241112267878,-0.4152759927578075,0.7147955578730475,0.011671446646259742,-0.02229276700946647,-0.4033178169148055,19.499962712280677,-0.37053761042213756,-10.0,0.7117732771569419,-0.40847462088980174,0.7147955578730475,0.003022280716105552,-0.010175592351510592,-0.4033178169148055,1.3569045292452617,-0.0561704444438715,-6.507701182566928
1.6,0.9325375435423332,4.2783993246521055,0.7106495051991383,-0.22188803834319493,-0.020697273397044903,-0.41460526739092174,50.0,0.2994213163748706,10.0,-0.10445648538668292,3.371507749898602,-0.3209173828482594,-0.21646089746157646,0.09048276752163058,-0.7855065795220939,50.0,-1.501740255076964,10.0,-0.4638026989854098,13.644649248552295,-0.22250294704626433,0.2412997519391455,0.05360659479711332,0.6688718145423489,50.0,1.6014306736423662,10.0,0.7025851828881509,-0.549184114901033,0.7106495051991383,0.008064322310987415,-0.02309859922034803,-0.41460526739092174,10.382359108818008,-0.2877067033717489,-10.0,0.6987506025323131,-0.4373508694474657,0.7106495051991383,0.01189890266682514,-0.022130042895853474,-0.41460526739092174,20.69532790417683,-0.38796559417351656,-10.0,0.7075078610995432,-0.426541605739871,0.7106495051991383,0.0031416440995950534,-0.010101521749940653,-0.41460526739092174,1.2420288584043684,-0.02977924422649242,-6.905592221693243
1.61,0.9733152171300345,4.077767358770134,0.7063912327302477,-0.2669239843997868,-0.023774289976919785,-0.4258272468890545,50.0,0.4428858278909881,10.0,-0.07967931222662823,2.4777173160054695,-0.3286584282254401,-0.2489791159988119,0.0877452046300419,-0.7741045377180733,50.0,-1.148572498372415,10.0,-0.29855799881733613,16.524470016807367,-0.21567369127049174,0.0828843075468444,0.052782990870901034,0.6829255775772591,-50.0,-0.9774263720034984,-10.0,0.6967664095648036,-0.5818773323347237,0.7063912327302477,0.009624823165444107,-0.02294416325546011,-0.4258272468890545,14.149253387555376,-0.33910121625624895,-10.0,0.6941724321659012,-0.4578170366411979,0.7063912327302477,0.012218800564346544,-0.021962073186545885,-0.4258272468890545,22.28818377969914,-0.4076880308551917,-10.0,0.7031455612576981,-0.4362299841845092,0.7063912327302477,0.003245671472549616,-0.010025442036796707,-0.4258272468890545,1.4743690684049457,-0.04297453364965612,-7.1774431730235575
1.62,1.0106471582491083,3.733194111907384,0.7020214128969622,-0.30862574535214615,-0.027233866841631985,-0.43698198332855487,50.0,0.6440521163611943,10.0,-0.061968942545209266,1.7710369681418963,-0.3362827028280185,-0.2743137602828092,0.08482496333039963,-0.7624274602578307,50.0,-0.9212879744119048,10.0,-0.1224956814722438,17.606231734509233,-0.20870821136869244,-0.08621252989644865,0.05016024239848563,0.6965479901799299,50.0,-3.273357514731626,-10.0,0.6907438140601383,-0.6022595504665377,0.7020214128969622,0.011277598836823888,-0.022771161312045218,-0.43698198332855487,18.65430744451181,-0.372223281027518,-10.0,0.6894738221902402,-0.46986099756610045,0.7020214128969622,0.012547590706721956,-0.021789611179722057,-0.43698198332855487,23.95684720091118,-0.4190345002612803,-10.0,0.698747691042076,-0.4397870215622131,0.7020214128969622,0.003273721854886169,-0.009948726116091626,-0.43698198332855487,1.644509042850395,-0.04238365777505465,-7.2520051126676
1.6300000000000001,1.0425666052300748,3.1919446980966466,0.6975407357444897,-0.3450258694855851,-0.0310033200062975,-0.44806771524724676,50.0,0.8412370029432905,10.0,-0.05040190539082936,1.1567037154379909,-0.3437874977875317,-0.29338559239670237,0.08177543703488879,-0.7504794959513228,50.0,-0.8010716954813075,10.0,0.04919778107445852,17.16934625467023,-0.20161090688726585,-0.2508086879617244,0.04593522089340135,0.7097304481426536,50.0,-4.869913533209579,-10.0,0.6846863202050989,-0.6057493855039354,0.6975407357444897,0.012854415539390818,-0.02258204221810092,-0.44806771524724676,23.039706788023484,-0.39894935584776353,-10.0,0.6847702761426991,-0.470354604754112,0.6975407357444897,0.012770459601790574,-0.02161487112322874,-0.44806771524724676,24.97119183614094,-0.4082509578813386,-10.0,0.6943299772639592,-0.44177137781168546,0.6975407357444897,0.00321075848053054,-0.009872441393505151,-0.44806771524724676,1.3160845389747409,-0.04675563879885467,-7.145043718958445
1.6400000000000001,1.0667969299684865,2.4230324738411624,0.6929499088236944,-0.37384702114479207,-0.03498409346512954,-0.45908269207952657,50.0,1.0666750268898242,10.0,-0.04483809102817581,0.5563814362653547,-0.35117014668606567,-0.30633205565788985,0.07865647833468335,-0.7382648898533961,50.0,-0.7666326258101078,10.0,0.2012526877378932,15.205490666343469,-0.19438626063584202,-0.39563894837373526,0.04045828234302965,0.7224646251423827,50.0,-5.0,-10.0,0.6787710405416433,-0.5915279663455616,0.6929499088236944,0.014178868282051171,-0.02238110073864585,-0.45908269207952657,27.235101998463186,-0.4198335114371929,-10.0,0.6802057250407715,-0.45645511019277046,0.6929499088236944,0.012744183782922969,-0.021441783774380233,-0.45908269207952657,25.09636287940976,-0.39586682267684514,-10.0,0.6898613966861726,-0.44685805777865156,0.6929499088236944,0.003088512137521815,-0.009796870466352067,-0.45908269207952657,0.7074274548879093,-0.028250085208381414,-7.002532664433283
1.6500000000000001,1.0812680568525976,1.447112688411118,0.6882496570793657,-0.39301839977323194,-0.039058988731702965,-0.4700251744328754,50.0,1.2281874733048568,10.0,-0.04597525042597233,-0.11371593977965166,-0.3584280265036204,-0.31245277607764804,0.07554332216788484,-0.7257879817554713,50.0,-0.7552876213652068,10.0,0.32051432559630877,11.926163785841554,-0.1870388358558421,-0.5075531614521509,0.03419013434992399,0.7347424779999834,50.0,-5.0,-10.0,0.6731559891277819,-0.5615051413861373,0.6882496570793657,0.015093667951583845,-0.0221740135449914,-0.4700251744328754,29.469712554149257,-0.4691669710004173,-10.0,0.6759088658790005,-0.42968591617709967,0.6882496570793657,0.012340791200365242,-0.02127540727075887,-0.4700251744328754,22.012688774705868,-0.3850872785341684,-10.0,0.6852972381880957,-0.45641584980768996,0.6882496570793657,0.002952418891269959,-0.009721704692458599,-0.4700251744328754,1.0130110278023123,-0.028183784859382298,-6.892009332951333
1.6600000000000001,1.0845358110440835,0.3267754191485923,0.683440722735741,-0.4010950883083425,-0.04310261715670125,-0.48089343436247267,50.0,1.3954229989246087,10.0,-0.05487304666892914,-0.8897796242956811,-0.36555855855005565,-0.3106855118811265,0.07252544501150315,-0.7130532046435212,50.0,-0.7514724088461606,10.0,0.39690575135947964,7.639142576317089,-0.17957327333823747,-0.5764790246977172,0.02766142984531511,0.7465562517604551,50.0,-4.460013662511451,-10.0,0.667939239839472,-0.5216749288309886,0.683440722735741,0.015501482896268959,-0.02196683122314561,-0.48089343436247267,30.146797234947915,-0.4343377501104385,-10.0,0.6719282136417287,-0.39806522372716907,0.683440722735741,0.011512509094012247,-0.021120475657446028,-0.48089343436247267,17.69027354212026,-0.3338810608713058,-10.0,0.6805993094429834,-0.4697928745112319,0.683440722735741,0.0028414132927575553,-0.0096463112720799,-0.48089343436247267,-0.0771373803810178,-0.02569179307058173,-6.848229429160216
1.67,1.0759267293094177,-0.8609081734665882,0.6785238651793004,-0.3974028641301173,-0.04699055498065577,-0.4916857556440557,50.0,1.4134846429450567,10.0,-0.07234436483279774,-1.7471318163868594,-0.3725592093812881,-0.30021484454849034,0.06969800974765693,-0.7000650831232469,50.0,-0.7263671390397972,10.0,0.4241818948792747,2.7276143519795095,-0.17199428849232687,-0.5961761833716016,0.021426906576401145,0.7578984845910575,50.0,-3.2885874052185415,-10.0,0.6631449199834422,-0.47943198560298417,0.6785238651793004,0.015378945195858251,-0.021765098572626727,-0.4916857556440557,30.746050877560442,-0.43739828341085907,-10.0,0.6682081921814857,-0.3720021460242972,0.6785238651793004,0.010315672997814662,-0.020980118712865453,-0.4916857556440557,14.523852144573228,-0.37140579522733186,-10.0,0.67574359699509,-0.48557124478933933,0.6785238651793004,0.0027802681842103993,-0.009569951465758862,-0.4916857556440557,1.7888964234015685,0.034639482815266576,-6.972392024039481
1.68,1.0554826208257544,-2.0444108483663355,0.6734998608388495,-0.3819827599869049,-0.05060594149568818,-0.5024004340450916,50.0,1.4678912613820003,10.0,-0.09848417462461262,-2.6139809791814876,-0.3794274916994121,-0.28094331707479947,0.06714997467482708,-0.6868282318123975,50.0,-0.5865779515381057,10.0,0.4004164976737347,-2.3765397205540006,-0.1643066683673819,-0.5647231660411166,0.016017328888045378,0.7687620124944949,50.0,-2.127970707770623,-10.0,0.6587353282415047,-0.44095917419374697,0.6734998608388495,0.014764532597344782,-0.021573357329233905,-0.5024004340450916,25.861269512600455,-0.34584883189044185,-10.0,0.6645894527048081,-0.36187394766776787,0.6734998608388495,0.008910408134041425,-0.020854827236758265,-0.5024004340450916,10.394191604224565,-0.27492978446666355,-10.0,0.6707545767518197,-0.4989020243270326,0.6734998608388495,0.0027452840870297868,-0.009492608422455862,-0.5024004340450916,0.49476545371375513,-0.007122132905604552,-7.045289586845345
1.69,1.0239030231931832,-3.1579597632571343,0.6683695030629143,-0.35553352013026884,-0.05384548072066516,-0.5130357775935179,50.0,1.3369315432433857,10.0,-0.13247383686140674,-3.3989662236794116,-0.38616096523642424,-0.2536871283750175,0.06495300001344485,-0.6733473537012147,50.0,-0.4943259035938974,10.0,0.3281343360219079,-7.228216165182682,-0.15651526862904575,-0.48464960465095364,0.01189365445805411,0.7791399738336147,50.0,-1.170354083634874,-10.0,0.6545724377792059,-0.4162890462298832,0.6683695030629143,0.013797065283708387,-0.021393757771773835,-0.5130357775935179,22.63947816268521,-0.3515887815645025,-10.0,0.6608016407540588,-0.37878119507492347,0.6683695030629143,0.007567862308855533,-0.020741270494162217,-0.5130357775935179,8.39402444339568,-0.21586594788675004,-10.0,0.6656420202642533,-0.5112556487566351,0.6683695030629143,0.002727482798660974,-0.009414208029593587,-0.5130357775935179,0.6694717769263032,-0.037906684543555204,-7.151646064515241
1.7,0.982582909020759,-4.132011417242417,0.6631336019944603,-0.3194493070262987,-0.056626772649203905,-0.5235901068454063,50.0,1.1287651380981354,10.0,-0.17270150759323724,-4.022767073183051,-0.3927572376212389,-0.22005573002800163,0.06315471942048315,-0.6596272384814639,50.0,-0.44768573889970603,10.0,0.21406105765993205,-11.407327836197585,-0.14862501049238888,-0.36268606815232096,0.009407526560150658,0.7890258136656836,50.0,-0.53230961240108,-10.0,0.6504910972206122,-0.40813405585937723,0.6631336019944603,0.012642504773848096,-0.02122651931844942,-0.5235901068454063,18.82077333244989,-0.31517257990793995,-10.0,0.6565212733119223,-0.4280367442136421,0.6631336019944603,0.006612328682537916,-0.020632343532915473,-0.5235901068454063,6.260529781850419,-0.19682800006125112,-10.0,0.6604280462208805,-0.5213974043372822,0.6631336019944603,0.002705555773579782,-0.00933501273142406,-0.5235901068454063,0.8825264633405284,-0.015200841528205448,-7.1999598694839735
1.71,0.9336299824720111,-4.895292654874786,0.6577929844429626,-0.2758369980290485,-0.05889561336400691,-0.5340617551497617,50.0,0.8595864878438993,10.0,-0.21719774988287643,-4.449624228963921,-0.3992139652296863,-0.18201621534680984,0.06177951968991144,-0.6456727608447399,50.0,-0.45604065298486207,10.0,0.06855309430479398,-14.550796335513807,-0.14064087761356572,-0.2091939719183597,0.008770666474518442,0.7984132878823158,50.0,-0.08106712212118324,-10.0,0.6462960708035308,-0.4195026417081396,0.6577929844429626,0.011496913639431838,-0.021069599917884284,-0.5340617551497617,15.756991385843245,-0.2887651397742737,-10.0,0.6514219418887357,-0.5099331423186638,0.6577929844429626,0.0063710425542269356,-0.020517639793141338,-0.5340617551497617,6.734526552299194,-0.20643619125659224,-10.0,0.6551194361249226,-0.5308610095957879,0.6577929844429626,0.002673548318040009,-0.009255191147284082,-0.5340617551497617,0.7976238885264761,-0.03133408120051228,-7.233015341607331
1.72,0.8796265098840889,-5.400347258792227,0.6523484937538434,-0.22727801613024545,-0.06062835879943014,-0.544449068911923,50.0,0.564237273692587,10.0,-0.2642847180322556,-4.70869681493792,-0.4055288540171925,-0.1412441359849369,0.06083794801155586,-0.6314888787506245,50.0,-0.5389622329416117,10.0,-0.0951666437651903,-16.371973806998426,-0.13256791294202963,-0.037401269176839336,0.010033851163449892,0.8072964671536093,-50.0,0.38553943387720846,10.0,0.6417977191517481,-0.44983516517826694,0.6523484937538434,0.010550774602095303,-0.020919108655345502,-0.544449068911923,13.728495687650588,-0.27078999981278007,-10.0,0.6452595923995108,-0.6162349489224884,0.6523484937538434,0.0070889013543326,-0.020385127284705762,-0.544449068911923,9.316667412466403,-0.25805732389541236,-10.0,0.6497179975251435,-0.5401438599779191,0.6523484937538434,0.00263049622869993,-0.009174871798999291,-0.544449068911923,0.8680793981736289,-0.030118544306511695,-7.23554438302337
1.73,0.8231460814892537,-5.6480428394835105,0.6468009896752968,-0.17634509181395697,-0.061827005433621365,-0.554750407854665,50.0,0.29186278032713375,10.0,-0.3133683814612751,-4.908366342901951,-0.41169966033383987,-0.09833127887256476,0.06034547185712041,-0.6170806316647348,50.0,-0.6702702215755064,10.0,-0.25967678841199415,-16.451014464680384,-0.12441121553529852,0.13526557287669563,0.013031608338684886,0.8156697406731112,50.0,1.0935016534795945,10.0,0.6368505860634329,-0.49471330883151765,0.6468009896752968,0.009950403611863834,-0.020770133288343713,-0.554750407854665,12.837212454876639,-0.26773365961869044,-10.0,0.6379220654691298,-0.7337526930380999,0.6468009896752968,0.008878924206166983,-0.020222962773340285,-0.554750407854665,14.650593583209233,-0.32871474116545224,-10.0,0.6442162974886624,-0.5501700036481116,0.6468009896752968,0.002584692186634374,-0.009094007876768138,-0.554750407854665,0.8618749773302891,-0.022880714392185326,-7.241495658289012
1.74,0.7659781395338129,-5.716794195544087,0.6411513482225254,-0.12482679131128749,-0.06250359392717983,-0.5649641452771359,14.5971229861371,0.0909086138936809,2.632866846971958,-0.3647802220787912,-5.141184061751609,-0.4177241917215266,-0.0529439696427354,0.06033015056686822,-0.6024531387686716,50.0,-0.8084969079247102,10.0,-0.4094527019188629,-14.977591350686875,-0.11617593733827969,0.2932767645805832,0.017462135119559408,0.8235278197018803,50.0,2.080354068298232,10.0,0.6313706661446601,-0.5479919918772809,0.6411513482225254,0.00978068207786531,-0.020617527268377334,-0.5649641452771359,12.94719275123636,-0.27301165031705144,-10.0,0.6295166958425712,-0.8405369626558626,0.6411513482225254,0.011634652379954202,-0.020022562553275156,-0.5649641452771359,24.512540641647654,-0.4226894393763008,-10.0,0.6386078085030872,-0.5608488985575218,0.6411513482225254,0.0025435397194382148,-0.009012487589718003,-0.5649641452771359,0.8824023515412774,-0.026910682741863673,-7.270210860866085
1.75,0.7092761142747718,-5.670202525904114,0.6354004615394074,-0.07387565273536434,-0.06267533020194306,-0.5750886683117962,-13.053929011890668,-0.11508520519764072,-4.0969879520974875,-0.41961908603664355,-5.483886395785239,-0.4236003076929382,-0.0039812216562946645,0.060838726989883796,-0.5876115971411633,5.642210554235632,-0.8752141025095226,10.0,-0.5292987314093727,-11.984602949050977,-0.10786727992919266,0.42143145148018,0.0228749099292663,0.8308657409087039,50.0,3.2818472533693694,10.0,0.6253482106894125,-0.6022455455247642,0.6354004615394074,0.010052250849994948,-0.020456780205324907,-0.5750886683117962,14.040409965450852,-0.2972304634369244,-10.0,0.6203669162696533,-0.914977957291785,0.6354004615394074,0.01503354526975409,-0.019780729304848435,-0.5750886683117962,39.091711421990816,-0.5218809801993552,-10.0,0.6328933255630418,-0.57144829400454,0.6354004615394074,0.0025071359763656487,-0.008930271400553894,-0.5750886683117962,0.7703142254575941,-0.024104327503807796,-7.327294420189995
1.76,0.6534291041574567,-5.584701011731511,0.6295492377576166,-0.023879866399840077,-0.06235565876476832,-0.5851223781790815,-9.304225435556493,-0.2658755126241903,-9.83712778104509,-0.4790563148900099,-5.94372288533663,-0.42932592049204943,0.04973039439796045,0.06193040322239707,-0.5725612799111213,-50.0,-0.8110231765075816,10.0,-0.6065745069617987,-7.727577555242609,-0.09949049123413979,0.5070840157276589,0.02871850784206715,0.8376788695052872,50.0,4.382360459672442,10.0,0.6188407675703169,-0.6507443119095575,0.6295492377576166,0.010708470187299701,-0.020284621072260953,-0.5851223781790815,18.18211284331853,-0.3060613480321252,-10.0,0.6110016679778434,-0.9365248291809956,0.6295492377576166,0.018547569779773232,-0.0195016011241326,-0.5851223781790815,50.0,-0.5873591672418769,-10.0,0.6270830250633865,-0.581030049965528,0.6295492377576166,0.0024662126942300855,-0.008847506268615041,-0.5851223781790815,0.6281728843512396,-0.025146411155103153,-7.311223335328177
1.77,0.5984450744681382,-5.4984029689318525,0.6235986008532176,0.025153526385079394,-0.06155428320402434,-0.5950636904399009,16.19623409259452,-0.3961791050968774,-10.0,-0.5437788147261042,-6.472249983609436,-0.4348989958358953,0.10887981889020892,0.0636664264096601,-0.5573075343845879,-50.0,-0.5877338972393333,10.0,-0.6328311814746864,-2.62566745128877,-0.09105086221240394,0.5417803192622825,0.03439887777981886,0.8439629021735895,50.0,5.0,10.0,0.6119676479222311,-0.6873119648085799,0.6235986008532176,0.011630952930986482,-0.02009958034647023,-0.5950636904399009,19.49780908742371,-0.34514032945231693,-10.0,0.6020164104746145,-0.8985257503228824,0.6235986008532176,0.021582190378603094,-0.019195926645314283,-0.5950636904399009,50.0,-0.648259016079587,-10.0,0.6211660431308678,-0.5916981932518801,0.6235986008532176,0.0024325577223498485,-0.008764010872066354,-0.5950636904399009,0.7437407752623926,-0.030451387360473148,-7.336311273393371
1.78,0.5442784003040563,-5.4166674164081945,0.6175494905007597,0.07327109019670341,-0.060279905560416486,-0.604911035245792,50.0,-0.5308920027536121,-10.0,-0.613431683050595,-6.965286832449084,-0.44031755363734415,0.17311412941325088,0.06609409638703752,-0.5418557801448842,-50.0,-0.19073653709004246,6.6160597007108635,-0.6050763399539457,2.7754841520740685,-0.08255372351456547,0.5225226164393802,0.039346555529005255,0.8497138697838413,50.0,4.815395859573818,10.0,0.6048590567771669,-0.7108591145064285,0.6175494905007597,0.012690433723592798,-0.01990159009778366,-0.604911035245792,21.35586180853673,-0.37013442039849154,-10.0,0.5938609114766368,-0.8155498997977758,0.6175494905007597,0.023688579024122913,-0.018877485865093274,-0.604911035245792,50.0,-0.667221686443327,-10.0,0.6151452840744293,-0.6020759056438539,0.6175494905007597,0.0024042064263304352,-0.008679761217238664,-0.604911035245792,0.44650429965815674,-0.02483145307186452,-7.381104351277335
1.79,0.49108513502191853,-5.319326528213774,0.6114028619248908,0.12031772690297227,-0.058544795638565385,-0.6146628575868895,50.0,-0.6120215476750495,-10.0,-0.6864143213477154,-7.298263829712041,-0.44557966870860954,0.24083465263910586,0.06923226929639978,-0.5262115071265394,50.0,0.33818599249103276,-10.0,-0.5261975899995975,7.887874995434814,-0.07400444211554794,0.45219314788404963,0.04307969950830227,0.8549281399017561,50.0,3.792185848364726,10.0,0.5976559081324568,-0.7203148644710056,0.6114028619248908,0.013746953792433958,-0.01969208907341222,-0.6146628575868895,26.70225269051699,-0.37628027417771,-10.0,0.5868634300824894,-0.6997481394147359,0.6114028619248908,0.02453943184240137,-0.018562116732727788,-0.6146628575868895,50.0,-0.6374752082014856,-10.0,0.6090301951589967,-0.6115088915432593,0.6114028619248908,0.0023726667658940936,-0.0085948836604254,-0.6146628575868895,0.7162292608600301,-0.021830644289036645,-7.38978461650226
1.8,0.43907374911073954,-5.201138591117897,0.6051596857495171,0.16608593663877752,-0.05636382241306582,-0.6243176175373732,50.0,-0.6870384551274298,-10.0,-0.7593027350523833,-7.2888413704667965,-0.45068347144526255,0.3086192636071208,0.07304734606951767,-0.5103802736653007,50.0,0.9990107802202428,-10.0,-0.4048847923768937,12.131279762270385,-0.0654084179247234,0.33947637445217027,0.04526133527659693,0.8596024190824503,50.0,2.0631950539485753,10.0,0.5905146147260181,-0.7141293406438789,0.6051596857495171,0.01464507102349899,-0.019474225429112844,-0.6243176175373732,29.672089882130734,-0.3987741565796494,-10.0,0.5811795760588688,-0.5683854023620594,0.6051596857495171,0.023980109690648233,-0.0182654770955851,-0.6243176175373732,50.0,-0.5806980106807426,-10.0,0.6028200659743366,-0.6210129184660103,0.6051596857495171,0.0023396197751804904,-0.008509386170826992,-0.6243176175373732,0.5354585530366642,-0.017247588422082898,-7.390179323983828
1.81,0.38857545130001836,-5.049829781072118,0.5988209478445298,0.2102454965445114,-0.05375638446951349,-0.633873790498729,50.0,-0.7525236330457424,-10.0,-0.8284319662242438,-6.912923117186043,-0.455627148490494,0.37280481773374974,0.07746668655857378,-0.4943677045231465,50.0,1.68401823379527,-10.0,-0.25346736261772196,15.141742975917168,-0.05677108037521282,0.19669628224250912,0.045714123801430306,0.8637337549510571,14.569099272848007,0.022822028671861543,2.486543911129173,0.5835457436202279,-0.6968871105790096,0.5988209478445298,0.015275204224301842,-0.019251784675811925,-0.633873790498729,30.761713653856138,-0.3796491645143141,-10.0,0.5767774134569512,-0.44021626019176063,0.5988209478445298,0.022043534387578556,-0.018001020125690135,-0.633873790498729,50.0,-0.4975370980126976,-10.0,0.5965110971655786,-0.6308968808757964,0.5988209478445298,0.0023098506789511752,-0.0084231979759499,-0.633873790498729,0.6602003880991377,-0.0076813817059441115,-7.414773904736558
1.82,0.33989758151725846,-4.867786978275988,0.5923876491701255,0.2524900676528671,-0.05074470509515722,-0.6433298674404231,50.0,-0.8014282942900415,-10.0,-0.8896346327035672,-6.120266647932352,-0.46040894337938926,0.429225689324178,0.0823709701166088,-0.4781794888895241,50.0,2.3297977117326467,-10.0,-0.08804541825526147,16.54219443624605,-0.0480978849945403,0.03994753326072117,0.044459379690412915,0.8673195380672523,-50.0,-1.8594184416804271,-10.0,0.5767974825749029,-0.6748261045324955,0.5923876491701255,0.01559016659522261,-0.019028400399406446,-0.6433298674404231,31.185033253647184,-0.3910214620156926,-10.0,0.5734532718867688,-0.33241415701824895,0.5923876491701255,0.018934377283356785,-0.017778434937154742,-0.6433298674404231,42.55285336515621,-0.39926749483549234,-10.0,0.5901079874417506,-0.6403109723827957,0.5923876491701255,0.0022796617283749043,-0.008336370261427872,-0.6433298674404231,0.7248642303867581,-0.025111241159181154,-7.443219045726284
1.83,0.2933964924986143,-4.650108901864414,0.5858608056187415,0.2924643131201272,-0.047355051073769514,-0.6526843551383998,50.0,-0.8306229238501772,-10.0,-0.9391116411379323,-4.947700843436509,-0.465027157162993,0.47408448397493935,0.08760658504070183,-0.46182137836037196,50.0,2.902768813344343,-10.0,0.07565472901075265,16.37001472660141,-0.0393943099588037,-0.11504903896955634,0.04167188782805721,0.8703575035736599,50.0,-3.269861344031201,-10.0,0.5702626098604021,-0.6534872714500823,0.5858608056187415,0.015598195758339428,-0.018807069714678045,-0.6526843551383998,31.29523572411665,-0.34627159004734775,-10.0,0.5707612444737004,-0.2692027413068381,0.5858608056187415,0.015099561145041185,-0.017600519051573647,-0.6526843551383998,26.306741919202835,-0.31336586219326557,-10.0,0.5836168156376967,-0.6491171804053846,0.5858608056187415,0.0022439899810448027,-0.008249018643576885,-0.6526843551383998,0.28339702401103084,-0.01265211850866357,-7.409689288908438
1.84,0.24958766202681337,-4.380883047180095,0.5792414478546365,0.3296537858278231,-0.043620424910773274,-0.6619357764105049,50.0,-0.8334920909759886,-10.0,-0.973982609468236,-3.487096833030366,-0.46948014901193874,0.5045024604562973,0.09300031932856785,-0.4452991848945764,50.0,3.2939020994166888,-10.0,0.2244112694923375,14.875654048158484,-0.030665852632543115,-0.2550771221248806,0.03763355120199256,0.8728457326260597,50.0,-4.005512251894504,-10.0,0.5638853631301358,-0.6377246730266312,0.5792414478546365,0.015356084724500674,-0.018589736400130376,-0.6619357764105049,28.69046661759652,-0.3577100886599314,-10.0,0.568102271825215,-0.26589726484853715,0.5792414478546365,0.011139176029421494,-0.01746253756479458,-0.6619357764105049,13.833354410863185,-0.2157064151942562,-10.0,0.5770218734101126,-0.6594942227584165,0.5792414478546365,0.0022195744445239196,-0.008160873476855804,-0.6619357764105049,1.7300129334737189,-0.02685664514930286,-7.489731686609307
1.85,0.20916815484083237,-4.0419507185981,0.5725306211511353,0.3633624663103029,-0.039582605175810436,-0.6710826703501205,50.0,-0.8456139004419662,-10.0,-0.9923782874731606,-1.8395678004924547,-0.47376633679942565,0.518611950673735,0.09837039561535445,-0.4286187787486906,50.0,3.516191823917383,-10.0,0.3465821484971379,12.217087900480042,-0.02191802609648633,-0.3685001745936243,0.03272684066600831,0.8747826536056769,50.0,-4.092358758803205,-10.0,0.5575514290195527,-0.6333934110583164,0.5725306211511353,0.014979192131582608,-0.01837660513770872,-0.6710826703501205,27.902494006231976,-0.32809646858441793,-10.0,0.5649569128144325,-0.3145359010782535,0.5725306211511353,0.007573708336702789,-0.017355346891319727,-0.6710826703501205,5.584195418862756,-0.14335020373723453,-10.0,0.5703486377482336,-0.6673235661878885,0.5725306211511353,0.002181983402901655,-0.008072321286207997,-0.6710826703501205,0.1673910542717275,-0.021291690310067363,-7.425091785750388
1.86,0.17306624554363192,-3.6101909297200447,0.5657293852255688,0.3926631396819369,-0.03529495468601906,-0.6801235925566473,50.0,-0.8180911596969017,-10.0,-0.9935399403171553,-0.11616528439947404,-0.47788419766334167,0.5156557426538136,0.10353856957033253,-0.41178608639159675,50.0,3.5523785522665525,-10.0,0.4331384560961349,8.655630759899696,-0.013156355665369185,-0.4462948117615041,0.0273983294724033,0.8761670431117141,50.0,-3.6454967322196272,-10.0,0.5511435871841408,-0.6407841835411842,0.5657293852255688,0.01458579804142801,-0.01816666873894032,-0.6801235925566473,26.427580154240086,-0.333892079133643,-10.0,0.5609129083422063,-0.40440044722261625,0.5657293852255688,0.004816476883362508,-0.01726674207776384,-0.6801235925566473,2.038727022026092,-0.0761057888205162,-10.0,0.5635690042013353,-0.6779633546898348,0.5657293852255688,0.0021603810242335486,-0.007982921140496679,-0.6801235925566473,-0.0924401899003523,-0.02056452922735864,-7.494436386794883
1.87,0.14239905204227643,-3.06671935013555,0.5588388140719324,0.41643976202965594,-0.030823885130708946,-0.6890571153636449,50.0,-0.7828841328752931,-10.0,-0.9776890200192339,1.5850920297921498,-0.48183226854733036,0.4958567514719035,0.10833862788207235,-0.3948070883988686,50.0,3.4149004455504866,-10.0,0.47811298296446303,4.497452686832816,-0.004386375398028666,-0.4824993583624917,0.0221235906200951,0.8769980267340549,50.0,-2.8607395671380726,-10.0,0.544542235946113,-0.6601351238027847,0.5588388140719324,0.014296578125819415,-0.017957689445301846,-0.6890571153636449,25.349027042998895,-0.3212047030282773,-10.0,0.5556741875780352,-0.5238720764171103,0.5588388140719324,0.003164626493897149,-0.01718270860518316,-0.6890571153636449,0.9325311147907118,-0.07432495171979041,-10.0,0.5567034518781291,-0.686555232320622,0.5588388140719324,0.0021353621938032807,-0.007892911995326584,-0.6890571153636449,-0.0595457340190582,-0.0458410399817116,-7.524670084179306
1.8800000000000001,0.11835671833710792,-2.404233370516851,0.5518599957912886,0.4335032774541807,-0.02624842901911545,-0.6978818280643728,50.0,-0.7262316572774845,-10.0,-0.945815370286216,3.1873649733017873,-0.48560914672060523,0.46020622356561075,0.11262195362039829,-0.3776878173274878,50.0,3.117959968209111,-10.0,0.4789526795711329,0.0839696606669893,0.004386375398028495,-0.4745663041731044,0.01736953061229736,0.877275079605716,50.0,-2.009060411615767,-10.0,0.5376528136679305,-0.6889422278182405,0.5518599957912886,0.014207182123358142,-0.01774672340128644,-0.6978818280643728,26.328475047729256,-0.3087630962567161,-10.0,0.549058456409875,-0.6615731168160159,0.5518599957912886,0.002801539381413587,-0.017088535899687417,-0.6978818280643728,1.9986797590806804,-0.09359286884093378,-10.0,0.549759364887572,-0.6944086990557078,0.5518599957912886,0.0021006309037165938,-0.007802464816383846,-0.6978818280643728,1.3679661984857083,-0.007491279619606064,-7.474029810978722
1.8900000000000001,0.10203893691835154,-1.6317781418756383,0.5447940324199455,0.442755095501594,-0.021657700249911944,-0.7065963371343131,50.0,-0.5977823032873402,-10.0,-0.8994729991388841,4.634237114733186,-0.4892134902763353,0.4102595088625488,0.11626112499755045,-0.3604343555730083,50.0,2.675728315041648,-10.0,0.43670568766353146,-4.224699190760144,0.013156355665369322,-0.42354933199816214,0.01355650721139175,0.8769980267340827,50.0,-1.2368848958684622,-10.0,0.5304333830388611,-0.7219430629069382,0.5447940324199455,0.01436064938108439,-0.017530922601184905,-0.7065963371343131,27.066359076936493,-0.34964682471014513,-10.0,0.5410049787620802,-0.80534776477949,0.5447940324199455,0.0037890536578653045,-0.016970110586630817,-0.7065963371343131,3.132076754659293,-0.16327280897421736,-10.0,0.542715956187951,-0.7043408699621088,0.5447940324199455,0.002078076231994519,-0.007711249967067691,-0.7065963371343131,0.11908818502361575,-0.02428428759638264,-7.505549727655701
1.9000000000000001,0.09428521363072843,-0.7753723287623114,0.5376420397554305,0.443356826124702,-0.017146594755788693,-0.715199266451505,50.0,-0.48674948427421605,-10.0,-0.8406345146255876,5.883848451329655,-0.49264401860841833,0.34799049601716925,0.11915264511258919,-0.3430528332083016,50.0,2.044446403335348,-10.0,0.35597233684629637,-8.073335081723506,0.021918026096486472,-0.3340543107498099,0.011023297612066002,0.8761670431117141,50.0,-0.6360959922496238,-10.0,0.5228855877324622,-0.7547795306398882,0.5376420397554305,0.01475645202296827,-0.017307880127891234,-0.715199266451505,29.17315499758042,-0.34336991154864066,-10.0,0.5315779077258971,-0.9427071036183143,0.5376420397554305,0.006064132029533376,-0.016815198555973652,-0.715199266451505,8.625330803645523,-0.24991740381130106,-10.0,0.5355797410621312,-0.7136215125819724,0.5376420397554305,0.0020622986932992138,-0.007619264828876501,-0.715199266451505,0.8893267631268401,-0.01799528088172863,-7.555032764527367
1.9100000000000001,0.09554969119170935,0.126447756098092,0.5304051471802937,0.4348554559885844,-0.012810684971512658,-0.7236892575136711,50.0,-0.34585651698103964,-10.0,-0.7716252843385113,6.900923028707625,-0.4958995128664724,0.2757257714720389,0.12121981052443881,-0.3255494258054048,50.0,1.2694079937800284,-10.0,0.24461050523207822,-11.136183161421815,0.03066585263254325,-0.21394465259953496,0.009997469402212833,0.8747826536056796,50.0,-0.194430252921225,-10.0,0.5150661765582148,-0.7819411174247378,0.5304051471802937,0.015338970622078896,-0.01707629630992797,-0.7236892575136711,31.888130903708763,-0.3539977766969635,-10.0,0.5209791329466654,-1.0598774779231679,0.5304051471802937,0.009426014233628321,-0.01661495066584505,-0.7236892575136711,18.79622396988015,-0.34673014721169365,-10.0,0.528366502860354,-0.7213238201777241,0.5304051471802937,0.0020386443199397197,-0.007526746003659332,-0.7236892575136711,0.5801111291799748,-0.032453067559641946,-7.517612937949358
1.92,0.105862530654763,1.031283946305366,0.5230844974837661,0.41722196682900303,-0.008741593697853165,-0.7320649696527681,50.0,-0.2307879463691186,-10.0,-0.6951325163518389,7.649276798667242,-0.49897881638888875,0.19615369996295018,0.12241641984420158,-0.30793035224163656,50.0,0.38686182136481023,-3.5971396933604187,0.11323813943424782,-13.13723657978304,0.03939430995880353,-0.0738438294754443,0.010572754765436693,0.8728457326260277,-50.0,0.18971375607548946,10.0,0.5070733798011045,-0.7992796757110399,0.5230844974837661,0.016011117682661613,-0.01683625716553025,-0.7320649696527681,34.397870769424756,-0.37249587359060693,-10.0,0.5095603235933229,-1.141880935334246,0.5230844974837661,0.013524173890443136,-0.016365520833407192,-0.7320649696527681,34.796714926144645,-0.43782527746619276,-10.0,0.5210585884478734,-0.7307914412480605,0.5230844974837661,0.0020259090358926146,-0.0074334077691756,-0.7320649696527681,0.41802752512092706,-0.025684135565767107,-7.563194191138897
1.93,0.12499037437170016,1.9127843716937147,0.5156812466812976,0.3906908723095974,-0.005025963411926562,-0.7403250802468508,50.0,-0.1308478456951128,-10.0,-0.6145035285668803,8.06289877849586,-0.501880835113789,0.11262269345309128,0.12273635690088291,-0.2902018724900257,-50.0,-0.6193668735656428,5.786396527136837,-0.02267871247204467,-13.59168519062925,0.04809788499454013,0.0707765974665848,0.012639689259165466,0.8703575035736593,50.0,0.7560021910678002,10.0,0.4990276765692596,-0.8045703231844832,0.5156812466812976,0.01665357011203794,-0.01658926443209142,-0.7403250802468508,37.23492187014111,-0.3817300377450005,-10.0,0.49781852628103074,-1.1741797312292193,0.5156812466812976,0.01786272040026682,-0.0160694756562816,-0.7403250802468508,50.0,-0.5079022256448333,-10.0,0.5136698988523958,-0.7388689595477651,0.5156812466812976,0.002011347828901777,-0.007339407394931805,-0.7403250802468508,0.44235580040348277,-0.00981148049639001,-7.587640642233379
1.94,0.15231597011215145,2.73255957404513,0.5081965638320116,0.35588059371986014,-0.0017404134321324736,-0.748468284928594,50.0,-0.03851811540854207,-10.0,-0.5334764416336287,8.102708693325155,-0.5046045379677379,0.028871903665890875,0.1222148050682093,-0.27237028539488506,-36.33098783256163,-1.5493981610207557,10.0,-0.15008690719461631,-12.740819472257165,0.05677108037521266,0.20685798756982898,0.015982351082089473,0.8673195380672544,50.0,1.4903402493478575,10.0,0.4910437342186545,-0.7983942350605104,0.5081965638320116,0.017152829613357123,-0.0163378967124518,-0.748468284928594,39.24864176720574,-0.3720168699920396,-10.0,0.48638075353320026,-1.1437772747830457,0.5081965638320116,0.021815810298811356,-0.015736939825815185,-0.748468284928594,50.0,-0.5606101568400003,-10.0,0.5062070539161236,-0.7462844936272146,0.5081965638320116,0.001989509915887977,-0.007244883846410205,-0.748468284928594,0.5470803284210363,-0.013967434146087553,-7.557007812886224
1.95,0.18706702090899652,3.475105079684508,0.5006316308540949,0.3135646099450984,0.0010477221593500597,-0.7564932977916716,50.0,0.006579977656296261,-10.0,-0.455499899711872,7.797654192175673,-0.507148957232081,-0.051649057520208985,0.12091854907378964,-0.2544419264343123,50.0,-2.3820591696897835,10.0,-0.2554134864913,-10.532657929668368,0.06540841792472324,0.32082190441602326,0.02024383591921654,0.8637337549510571,50.0,2.3992119530031664,10.0,0.4832069962816994,-0.783673793695509,0.5006316308540949,0.017424634572395514,-0.01608528298735829,-0.7564932977916716,39.267716863310795,-0.3982334451141936,-10.0,0.4756973618101156,-1.0683391723084625,0.5006316308540949,0.024934269043979274,-0.015380763218144545,-0.7564932977916716,50.0,-0.5985621563165097,-10.0,0.49865549609840465,-0.7551557817719007,0.5006316308540949,0.001976134755690251,-0.007149606920676112,-0.7564932977916716,0.665369180697775,-0.037591624147139825,-7.651210094884061
1.96,0.22844099070147383,4.1373969792477325,0.4929876423381604,0.26454665163668656,0.003279448977792152,-0.7643988515934508,50.0,0.021201132208321864,-10.0,-0.3839925753082955,7.150732440357648,-0.5095131888867692,-0.12552061357847372,0.11894826969396914,-0.23642316546882425,50.0,-2.8903454490040077,10.0,-0.32657335506238205,-7.115986857108206,0.07400444211554777,0.40057779717792985,0.024961212576706658,0.8596024190824558,50.0,3.2628366771841004,10.0,0.47554498725262423,-0.7662009029075155,0.4929876423381604,0.017442655085536163,-0.01583423634621218,-0.7643988515934508,38.87608742681239,-0.3801694824230363,-10.0,0.46611376693224243,-0.958359487787321,0.4929876423381604,0.026873875405917957,-0.015016188515306634,-0.7643988515934508,50.0,-0.5825274745572171,-10.0,0.4910497058396667,-0.7605790258738001,0.4929876423381604,0.0019379364984937197,-0.007054169653103795,-0.7643988515934508,0.40375752377734303,-0.009560170112159275,-7.558102768599253
1.97,0.27565748213027236,4.72164914287985,0.4852658053586066,0.20960832322833423,0.0049033672957875096,-0.7721836979553809,50.0,0.054276803165845926,-10.0,-0.32187906863411964,6.211350667417589,-0.511696392931553,-0.18981732429743337,0.11642896138425304,-0.2183204044783782,50.0,-3.142275388742093,10.0,-0.35451000069514343,-2.7936645632761383,0.0825537235145653,0.43706372420970874,0.029611216275131358,0.8549281399017561,50.0,3.8158923986014615,10.0,0.4680350001051858,-0.750998714743842,0.4852658053586066,0.0172308052534208,-0.015586828422203587,-0.7721836979553809,37.72078146659865,-0.35154376197745785,-10.0,0.4578245949658306,-0.828917196641185,0.4852658053586066,0.027441210392775972,-0.014658884691714755,-0.7721836979553809,50.0,-0.5707313651894628,-10.0,0.48334942039425266,-0.7700285445414023,0.4852658053586066,0.0019163849643539232,-0.0069580029490061155,-0.7721836979553809,0.30348432622741756,-0.013311418285243386,-7.583732241480463
1.98,0.3279871557904093,5.232967366013698,0.4774673392830072,0.1494801834925979,0.005874872394112119,-0.7798466075599364,50.0,0.04750247854910541,-10.0,-0.27117462819092847,5.0704440443191165,-0.5136977936844311,-0.24252316549350267,0.11349668532488612,-0.20014007528781352,50.0,-3.076651632559775,10.0,-0.3345357314795358,1.9974269215607618,0.09105086221240377,0.4255865936919396,0.03366733951989468,0.8497138697838469,50.0,3.7996218496299052,10.0,0.4606052549905618,-0.7429745114623985,0.4774673392830072,0.0168620842924454,-0.015343910128132892,-0.7798466075599364,36.034225180598995,-0.3305911439563357,-10.0,0.450846984738538,-0.697761022729261,0.4774673392830072,0.026620354544469205,-0.014322905043997138,-0.7798466075599364,50.0,-0.5036501242958535,-10.0,0.47556214667667057,-0.7787273717582068,0.4774673392830072,0.0019051926063366476,-0.006861078285766928,-0.7798466075599364,0.34910297756755343,-0.016277674989766126,-7.5987838279949935
1.99,0.3847349529103513,5.674779711994199,0.4695934755795579,0.08485852266920657,0.006155979649604765,-0.7873863703449335,0.0,0.0,0.0,-0.23277552213540856,3.8399106055519905,-0.5155166800572458,-0.2827411579218373,0.11028528268511255,-0.18188863728146876,0.0,0.0,0.0,-0.2671057657249895,6.742996575454628,0.09949049123413962,0.3665962569591291,0.03665900243194051,0.8439629021735839,0.0,0.0,0.0,0.4531502949245598,-0.7454960066001992,0.4695934755795579,0.016443180654998057,-0.015104928720922891,-0.7873863703449335,0.0,0.0,0.0,0.44501765386330383,-0.582933087523419,0.4695934755795579,0.024575821716254054,-0.014018853518082257,-0.7873863703449335,0.0,0.0,0.0,0.4676922232701347,-0.7869923406535858,0.4695934755795579,0.0019012523094231737,-0.006763366528607337,-0.7873863703449335,0.0,0.0,0.0
2.0,0.4447607301569363,6.002577724658498,0.4616454576226143,0.016884727465677984,0.005724569151795695,-0.7948017956943609,-3.037894879769594,-0.017873099658865122,5.676670522444895,-0.2057903692245225,2.698515291088605,-0.5171524058083297,-0.3113620365838071,0.10690181079016561,-0.16357257510838386,50.0,-2.395287139395641,10.0,-0.16110048343784328,10.600528228714625,0.1078672799291925,0.26896776336703576,0.038288627242739404,0.8376788695052872,50.0,1.8081204781011309,10.0,0.4411672025428407,-1.1983092381719116,0.4616454576226143,0.020478255079773577,-0.014780315246307964,-0.7948017956943609,50.0,-0.4652763886960171,-10.0,0.43472453119020976,-1.0293122673094095,0.4616454576226143,0.026920926432404513,-0.01364671302702727,-0.7948017956943609,50.0,-0.5505613571213059,-10.0,0.4566567436777706,-1.103547959236412,0.4616454576226143,0.004988713944843681,-0.00660312459323526,-0.7948017956943609,4.612645668623333,-0.06328500910146918,-10.0
2.0100000000000002,0.5070441986011917,6.2283468444255385,0.4536245404963481,-0.05341965810484356,0.004567537886304705,-0.802091712626618,40.71641015284433,-0.039358188729054,10.0,-0.18997249186948564,1.5817877355036867,-0.518604389772112,-0.32863189790262637,0.10345731303758898,-0.14519839637823218,50.0,-1.9826179173961789,10.0,-0.02303387967334425,13.806660376449901,0.11617593733827954,0.13920981701162377,0.038300059375210645,0.8308657409087039,50.0,0.152346717395301,10.0,0.4296635167087953,-1.1503685834045367,0.4536245404963481,0.02396102378755277,-0.014425668150091983,-0.802091712626618,50.0,-0.5091681945194336,-10.0,0.42561411453045506,-0.9110416659754701,0.4536245404963481,0.028010425965893038,-0.013275504600770793,-0.802091712626618,50.0,-0.5380752313716871,-10.0,0.4466912301823012,-0.996551349546939,0.4536245404963481,0.00693331031404687,-0.006434136355140097,-0.802091712626618,7.1402413327479595,-0.06200225942856459,-10.0
2.02,0.5699938445391874,6.2949645937995795,0.445531990796555,-0.12446185374263247,0.0026934228894984224,-0.8092549699793117,50.0,-0.022948545119161737,10.0,-0.1839806412003106,0.5991850669175044,-0.5198721160656044,-0.33589147486529375,0.1000384797822443,-0.1267726293492366,50.0,-1.6443453841420101,8.349743116326863,0.13418618035840263,15.722006003174688,0.12441121553529837,-0.009774964823104262,0.03663010912666214,0.823527819701883,38.33737299046467,-1.4348016906002223,-10.0,0.41906208662836203,-1.060143008043331,0.445531990796555,0.026469904168192948,-0.014054954807605722,-0.8092549699793117,50.0,-0.5143363652214057,-10.0,0.41789059351343827,-0.7723521017016797,0.445531990796555,0.02764139728311671,-0.012921855417769457,-0.8092549699793117,50.0,-0.4899725947884472,-10.0,0.43791843571218275,-0.8772794470118451,0.445531990796555,0.0076135550843722255,-0.0062702728595951905,-0.8092549699793117,6.820331597015835,-0.05944865511400983,-10.0
2.0300000000000002,0.6313974986309553,6.140365409176789,0.4373690864306445,-0.1940284122003108,0.00013910222657763588,-0.8162904365910495,50.0,-0.00041403708444692,10.0,-0.18649900213793272,-0.25183609376221194,-0.520955134271691,-0.33445613213375835,0.09671910207028293,-0.10830182060866944,50.0,-1.416163342320952,6.2957362101181085,0.29422727435373147,16.004109399532883,0.13256791294202974,-0.16165936141170173,0.03341310457259183,0.8156697406731361,50.0,-2.6506583507950863,-10.0,0.4096747522755836,-0.9387334352778454,0.4373690864306445,0.027694334155060896,-0.013684138122527327,-0.8162904365910495,50.0,-0.482765121881567,-10.0,0.41160011165390553,-0.6290481859532718,0.4373690864306445,0.02576897477673895,-0.012601260851406742,-0.8162904365910495,50.0,-0.42804049542373185,-10.0,0.43038365515035026,-0.7534780561832485,0.4373690864306445,0.006985431280294219,-0.006125070741173923,-0.8162904365910495,3.3514195809500795,-0.050640843306293704,-10.0
2.04,0.688672305180782,5.727480654982673,0.4291371164158436,-0.2595351887649384,-0.003028997726570016,-0.823197001480086,50.0,0.07280995759152763,10.0,-0.19694422488885713,-1.0445222750924403,-0.5218530595991603,-0.3249088347103032,0.09357446595068913,-0.089792532746924,50.0,-1.225447915207734,4.818792383857372,0.44263079083691803,14.84035164831866,0.14064087761356556,-0.30198991322335245,0.028909170275526436,0.8072964671535843,50.0,-3.2546113095970868,-10.0,0.4016629191478058,-0.8011833127777839,0.4291371164158436,0.027474197268037848,-0.01332927781856917,-0.823197001480086,50.0,-0.4446968105045566,-10.0,0.4065891966846424,-0.5010914969263163,0.4291371164158436,0.022547919731201238,-0.012325672504402098,-0.823197001480086,50.0,-0.34588654022772375,-10.0,0.4240484835172033,-0.6335171633146979,0.4291371164158436,0.005088632898640311,-0.0060108326958560505,-0.823197001480086,1.3517180190010567,-0.028122224000731322,-9.497012472434111
2.05,0.7392105537408004,5.053824856001828,0.4208373806756453,-0.31837317306515506,-0.00671811194282175,-0.8299735740198322,50.0,0.17658933554719447,10.0,-0.2152433035102272,-1.8299078621370075,-0.5225655730194189,-0.30732226950919167,0.09068423404181093,-0.07125134202585759,50.0,-1.1417115611175246,3.254349463187991,0.5662533673613719,12.362257652445386,0.14862501049238844,-0.4176283568689835,0.023496660941592064,0.7984132878822825,50.0,-3.1670309730617756,-10.0,0.39500471049016755,-0.6658208657638198,0.4208373806756453,0.025832670185477746,-0.01300436903013801,-0.8299735740198322,50.0,-0.3843696943955398,-10.0,0.40252398502096864,-0.40652116636737445,0.4208373806756453,0.018313395654676656,-0.012101886431218593,-0.8299735740198322,38.12541185190947,-0.2567983365253091,-10.0,0.41860144356497764,-0.5447039952225697,0.4208373806756453,0.002235937110667663,-0.005934002925227118,-0.8299735740198322,0.3430371842115882,0.009831270209023376,-3.948826018822282
2.06,0.7807531707105417,4.154261696974137,0.41247118983453607,-0.36828198087600567,-0.01081635792127922,-0.8366190841109233,50.0,0.30482955068101336,10.0,-0.24149724959087768,-2.625394608065049,-0.5230924213798414,-0.28159517178896365,0.08813082178472781,-0.05268483604224938,50.0,-0.9244066115237903,2.2278432050514594,0.6543059170108961,8.805254964952425,0.1565152686290456,-0.4977906483818505,0.017638228961278313,0.7890258136657224,50.0,-2.5209774884197524,-10.0,0.3894895502426868,-0.551516024748079,0.41247118983453607,0.02298163959184929,-0.01271940103174471,-0.8366190841109233,50.0,-0.3166081937185773,-10.0,0.39878801078989795,-0.3735974231070703,0.41247118983453607,0.013683179044638116,-0.011927694898461506,-0.8366190841109233,23.27678447793845,-0.18486108756601982,-10.0,0.41152571696359,-0.7075726601387624,0.41247118983453607,0.0009454728709460403,-0.005853790930503781,-0.8366190841109233,0.36049978531827387,0.007202342771930021,-4.484344368853755
2.07,0.8115569311360726,3.080376042553091,0.4040398650110349,-0.40751706612503774,-0.015199566186784905,-0.8431324823501174,50.0,0.5562342152201623,10.0,-0.2755459409063997,-3.404869131552203,-0.5234334174937139,-0.24788747658731414,0.08599243393200989,-0.034099611387250484,50.0,-0.6990343195407821,1.1186968967108186,0.6992167720535263,4.491085504263014,0.16430666836738173,-0.5349101036861446,0.011840019373990568,0.7791399738336091,50.0,-1.7180300166106135,-10.0,0.38474280225338026,-0.4746747989306531,0.4040398650110349,0.019297062757654637,-0.012478962924275097,-0.8431324823501174,38.89030590943592,-0.26933801352825887,-10.0,0.3947134737865464,-0.40745370033515477,0.4040398650110349,0.009326391224488473,-0.011793685616183104,-0.8431324823501174,9.205785958820442,-0.11653236722821772,-10.0,0.40297181980964814,-0.8553897153941908,0.4040398650110349,0.001068045201386758,-0.005757571506950495,-0.8431324823501174,1.1565352004380791,0.014339986733007995,-6.818835544637401
2.08,0.8303703087894071,1.881337765333442,0.3955447376090694,-0.4348255711803377,-0.019735955675121625,-0.8495127401965508,50.0,0.7218869879489543,10.0,-0.3166370563640628,-4.109111545766307,-0.5235884402067409,-0.20695138384267808,0.08433383124815974,-0.015502271302703097,50.0,-0.46507823488452227,0.3314985471873084,0.6972563891579181,-0.1960382895608186,0.17199428849232676,-0.5252621006655913,0.006607002196290737,0.768762012494506,50.0,-0.85618251614884,-10.0,0.38016740835154084,-0.4575393901839439,0.3955447376090694,0.01537732925752855,-0.012279435692681417,-0.8495127401965508,23.256468312187057,-0.19255185093293586,-10.0,0.38969451034993496,-0.5018963436611469,0.3955447376090694,0.005850227259134422,-0.011684993709225646,-0.8495127401965508,4.116236728620164,-0.05988454043819111,-10.0,0.39394897553112806,-0.9022844278520055,0.3955447376090694,0.0015957620779413206,-0.00565138544338588,-0.8495127401965508,1.0864556761551385,-0.018093599459504874,-8.253433427758276
2.09,0.83638294424914,0.6012635459732896,0.3869871491077357,-0.44939579514140426,-0.024290039981133,-0.8557588501333702,50.0,0.850076339590431,10.0,-0.3632892718765224,-4.665221551245955,-0.5235574344400905,-0.16026816256356813,0.08319767177764865,0.0031005766650382682,41.75905423480282,-0.22004878799120747,-0.10311899273019211,0.6488432274888628,-4.841316166905532,0.17957327333823733,-0.46926995415062545,0.0023984342714750357,0.7578984845910575,50.0,-0.2523066470398293,-10.0,0.3751457277560116,-0.5021680595529183,0.3869871491077357,0.011841421351724057,-0.012110804673208886,-0.8557588501333702,14.842446915365507,-0.12973560718719718,-10.0,0.38325965539842094,-0.6434854951514031,0.3869871491077357,0.0037274937093147442,-0.011583370222617358,-0.8557588501333702,1.6822986162848426,-0.09153287347583344,-10.0,0.38510901199243713,-0.8839963538690941,0.3869871491077357,0.0018781371152985504,-0.005544204436845985,-0.8557588501333702,0.04796499230313203,-0.00689591021741845,-8.310946085052109
2.1,0.8292925695108269,-0.7090374738313143,0.37836845084945997,-0.4509241186613669,-0.02872837742036354,-0.8618698258275714,50.0,0.9433796647747706,10.0,-0.4133173311199695,-5.002805924344711,-0.5233404112099642,-0.11002308008999473,0.08259772156918317,0.021702323012628977,-2.4235502958099615,0.006775383450732533,0.007167554448208591,0.5584780423022022,-9.036518518666057,0.18703883585584224,-0.37143920644635997,-0.0004123059411219581,0.7465562517604885,50.0,0.027722790648540777,-10.0,0.36920944152337226,-0.5936286232639386,0.37836845084945997,0.009159009326087708,-0.011959851717621615,-0.8618698258275714,9.073350822763606,-0.1084708135640918,-10.0,0.3750527221616871,-0.8206933236733827,0.37836845084945997,0.0033157286877728565,-0.011468143603372291,-0.8618698258275714,1.5913539903580147,-0.10534195749025177,-10.0,0.3764921242611114,-0.8616887731325766,0.37836845084945997,0.0018763265883485758,-0.005439272293649242,-0.8618698258275714,0.23411579099409152,0.002651281814722746,-7.927158042909966
2.11,0.8094860936629774,-1.9806475847849445,0.36969000382660944,-0.439796089836368,-0.03292827356024872,-0.8678447022850533,50.0,0.9771063712129024,10.0,-0.46405906902658034,-5.074173790661082,-0.522937447623682,-0.058878378597101655,0.08251635516227826,0.04029635862822234,-10.85424528712333,0.1598186618873554,0.34400555990805876,0.43431750379950185,-12.416053850270039,0.19438626063584188,-0.23993124316365996,-0.001570012987731554,0.734742477999964,50.0,0.03476267317695633,-10.0,0.362018203774,-0.7191237749372253,0.36969000382660944,0.007671800052609423,-0.011811221339601798,-0.8678447022850533,7.537972594810968,-0.12052678263851714,-10.0,0.3648696627116378,-1.0183059450049308,0.36969000382660944,0.004820341114971649,-0.011318109597722082,-0.8678447022850533,5.825408875350407,-0.17493841398985305,-10.0,0.3679291982922315,-0.8562925968879936,0.36969000382660944,0.0017608055343779627,-0.005336034978616663,-0.8678447022850533,0.1989627196682695,-0.02825683652018534,-7.587025839121631
2.12,0.7781631853623519,-3.1322908300625603,0.36095317846657193,-0.4172100068957799,-0.03678714454620026,-0.8736825360037503,50.0,0.9276890493679499,10.0,-0.5131125191763277,-4.905345014974743,-0.5223486868522876,-0.009236167675959917,0.08291452798701614,0.05887607713943588,-2.6462784372559898,0.1870307578997602,0.5250311372972769,0.2875121335211705,-14.680537027833134,0.20161090688726568,-0.08590122663390481,-0.0009609715512872888,0.72246462514238,-50.0,-0.018202985586058484,10.0,0.35337661914808705,-0.8641584625912953,0.36095317846657193,0.007576559318484888,-0.01164903990015782,-0.8736825360037503,9.031363099580934,-0.14703281569833893,-10.0,0.35271059750929673,-1.2159065202341064,0.36095317846657193,0.008242580957275203,-0.01111409313612592,-0.8736825360037503,15.684907584893214,-0.20536064909039356,-10.0,0.3592619522040538,-0.8667246088177638,0.36095317846657193,0.0016912262625181085,-0.0052324502551097055,-0.8736825360037503,0.23119586152520472,-0.01741261295658317,-7.590494738735488
2.13,0.737239982880965,-4.09232024813868,0.35215935441535257,-0.3850806284656125,-0.04022871880604252,-0.8793824051219368,50.0,0.8279504580681364,10.0,-0.558927068253803,-4.581454907747523,-0.5215743380796795,0.03735273017412355,0.08374620077953214,0.07743487726081799,4.757261109685072,0.11002795388616839,0.4420892851720482,0.13379295001352715,-15.371918350764336,0.20870821136869228,0.07491526135516513,0.001325372897340796,0.7097304481426592,50.0,0.06269885033196208,10.0,0.3432409659073096,-1.0135653240777414,0.35215935441535257,0.00891838850804294,-0.011458499482669617,-0.8793824051219368,13.510293895446052,-0.17085979605025395,-10.0,0.33881555845197847,-1.3895039057318257,0.35215935441535257,0.013343795963374094,-0.010841704785918995,-0.8793824051219368,36.635369665982225,-0.3021575917855844,-10.0,0.350486497506054,-0.877545469799983,0.35215935441535257,0.0016728569092985812,-0.005127967139036721,-0.8793824051219368,0.43377261469203193,-0.012537076072552503,-7.629275572944614
2.14,0.6885564158395316,-4.868356704143345,0.34330992031971025,-0.3452464955198214,-0.0431943480908264,-0.8849434095642317,50.0,0.7043044474626866,10.0,-0.6008573421272065,-4.193027387340351,-0.5206146764282893,0.08024266569891725,0.08496793017525534,0.09596616513901646,-2.864902714776105,-0.03726348826420906,-0.11150705429005077,-0.013732877220298645,-14.752582723382579,0.21567369127049185,0.2294065684907905,0.0050946968545869595,0.6965479901799576,50.0,0.48273532204465086,10.0,0.3317352303737381,-1.1505735533571553,0.34330992031971025,0.01157468994597216,-0.011227695227874179,-0.8849434095642317,23.654224427095134,-0.22503509881167813,-10.0,0.32382736267995266,-1.4988195772025825,0.34330992031971025,0.01948255763975759,-0.01049699725180116,-0.8849434095642317,50.0,-0.3840630620324643,-10.0,0.34161760265304697,-0.8868894853006992,0.34330992031971025,0.0016923176666632789,-0.005022355013840019,-0.8849434095642317,0.3507454249601752,-0.0018541592103895747,-7.7299534352516135
2.15,0.6336180921327558,-5.493832370677582,0.3344062736078749,-0.2992118185248809,-0.04563708303900745,-0.8903646711835356,50.0,0.5523358723933083,10.0,-0.6393091406994343,-3.8451798572227833,-0.5194700428613326,0.11983909783810176,0.08655083913935864,0.11446335669567098,-25.873765752332883,-0.21101631393904083,-0.9877774984208665,-0.14120399996817684,-12.74711227478782,0.22250294704626417,0.363706947014441,0.010006477552210152,0.6829255775772314,50.0,1.2388087730560449,10.0,0.3191828368126039,-1.2552393561134187,0.3344062736078749,0.015223436795270995,-0.010949936924310129,-0.8903646711835356,38.56258857686134,-0.2596419700021563,-10.0,0.30860601316314873,-1.5221349516803935,0.3344062736078749,0.025800260444726164,-0.01008678115218586,-0.8903646711835356,50.0,-0.45075886350846167,-10.0,0.3327001656860944,-0.891743696695255,0.3344062736078749,0.0017061079217804975,-0.004916119564952688,-0.8903646711835356,-0.1970148337646884,-0.018482197857482712,-7.7720816869102505
2.16,0.5733865318895133,-6.023156024324248,0.3254498202688757,-0.24793671162063757,-0.0475141345527814,-0.8956453338999193,50.0,0.4225179111427526,10.0,-0.6753372950865645,-3.602815438713015,-0.518140844061665,0.15719645102489943,0.08848308519347893,0.13291987996675303,-46.36479954907351,-0.2601450446503024,-1.5910207337015931,-0.23617060888730784,-9.496660891913102,0.22919166519168793,0.4653622740789958,0.015609766382191418,0.6688718145423767,50.0,2.185919926131432,10.0,0.30610869258983947,-1.3074144222764403,0.3254498202688757,0.01934112767903623,-0.010625784205292121,-0.8956453338999193,50.0,-0.3124867934945689,-10.0,0.2939705841938557,-1.4635428969293043,0.3254498202688757,0.03147923607502001,-0.00962563450174273,-0.8956453338999193,50.0,-0.4978284000195437,-10.0,0.323752459585356,-0.8947706100738424,0.3254498202688757,0.001697360683519722,-0.004809668897110106,-0.8956453338999193,-0.024708605341622933,-0.02054469313043581,-7.725992689834983
2.17,0.5084059504500807,-6.498058143943256,0.31644197463052276,-0.19196397581955799,-0.04878396849658265,-0.900784563835294,50.0,0.28198148780552507,10.0,-0.710013429810183,-3.4676134723618564,-0.5166275522872912,0.19338587752289182,0.09076370531594403,0.15132917743738705,-41.08380160787667,-0.19143378139182407,-1.3020193517834044,-0.28897831148711056,-5.280770259980274,0.23573562096901945,0.5247139324561301,0.021384982732750746,0.6543955777331578,50.0,3.0635954521963167,10.0,0.2931358868607267,-1.2972805729112735,0.31644197463052276,0.023306087769796036,-0.010262995270303034,-0.900784563835294,50.0,-0.34584411195984144,-10.0,0.2806827021034806,-1.3287882090375087,0.31644197463052276,0.03575927252704214,-0.009135162955568557,-0.900784563835294,50.0,-0.475529590779267,-10.0,0.3147521475429297,-0.900031204242629,0.31644197463052276,0.0016898270875930765,-0.004702767505809913,-0.900784563835294,0.5714169449920837,0.019864497762171817,-7.750846533042395
2.18,0.43904147765057067,-6.936447279951008,0.30738415913606354,-0.13165731851450713,-0.049406896953732626,-0.905781549445922,27.099667454467482,0.10918259000082059,7.348405193844209,-0.7437613818127301,-3.37479520025471,-0.5149307052035726,0.22883067660915746,0.09338949160206107,0.16968470837185334,11.367983645321184,0.0343094600283411,0.33567046748752516,-0.2940699941719756,-0.5091682684865013,0.24213068107553135,0.5362006752475069,0.026797906312074467,0.6395060106511807,50.0,3.5522747239020185,10.0,0.28078857715881944,-1.2347309701907285,0.30738415913606354,0.026595581977244098,-0.009873566353511519,-0.905781549445922,50.0,-0.36271418755907686,-10.0,0.2693319932270216,-1.135070887645898,0.30738415913606354,0.038052165909041924,-0.008641134207713548,-0.905781549445922,50.0,-0.4572188230248595,-10.0,0.3057103518269484,-0.9041795715981304,0.30738415913606354,0.0016738073091151495,-0.0045956114755589484,-0.905781549445922,0.3221553043452795,-0.014750518825907135,-7.728368643040173
2.19,0.36580438455952824,-7.323709309104244,0.2982778041195669,-0.06752658043996135,-0.04934979182722181,-0.9106355016496648,-9.058239894213372,-0.05764399585669918,-5.298690609778832,-0.7758479025887994,-3.2086520776069283,-0.5130509056921987,0.26279699689660074,0.09633832677878779,0.18797995113739585,50.0,0.45532926335501006,3.516677366510186,-0.25084879512668373,4.322119904529186,0.24837280625419197,0.4992216013808757,0.031357910335430304,0.6242125178660629,50.0,3.3921903126894573,10.0,0.2695109302262611,-1.1277646932558314,0.2982778041195669,0.02876687389330579,-0.009473121145252877,-0.9106355016496648,50.0,-0.35139459354133645,-10.0,0.2602483996027508,-0.9083593624270829,0.2982778041195669,0.03802940451681608,-0.00817000422630268,-0.9106355016496648,50.0,-0.41652355732348445,-10.0,0.2966155751357482,-0.9094776691200186,0.2982778041195669,0.001662228983818681,-0.00448804141880876,-0.9106355016496648,0.17897647746790413,0.0062695926202228445,-7.699559515839135
2.2,0.2895236574779469,-7.628072708158135,0.2891243475800531,-0.0003993098978937737,-0.048590977655384934,-0.9153456539513771,-0.4729718042125857,-0.2527519763162519,-10.0,-0.8045589466400755,-2.8711044051276122,-0.5109888216369846,0.293570125003091,0.09956113846933146,0.20620840552141306,50.0,0.9652850007636836,7.988114404500545,-0.16361409564014007,8.723469948654367,0.2544580538449492,0.41807214948508925,0.03466628483541576,0.6085247590757181,50.0,2.6373826463481365,10.0,0.2596054336483315,-0.99054965779296,0.2891243475800531,0.029518913931721624,-0.009078877040156363,-0.9153456539513771,50.0,-0.3375774678459134,-10.0,0.2534552755967476,-0.6793124006003244,0.2891243475800531,0.035669071983305545,-0.007745382266409591,-0.9153456539513771,50.0,-0.3444336270385706,-10.0,0.28745361942316755,-0.9161955712580648,0.2891243475800531,0.0016707281568855703,-0.004379714580114098,-0.9153456539513771,0.2276663367949814,-0.006472833614989187,-7.78239958277738
2.21,0.21087116961763852,-7.865248786030839,0.2799252349544213,0.06905406533678277,-0.04711391212341402,-0.9199112625631833,50.0,-0.408299094042042,-10.0,-0.8275257382267169,-2.296679158664143,-0.5087451856865766,0.31878055254014037,0.10297861191059927,0.2243635950407996,50.0,1.5084889318857435,10.0,-0.04087751433330408,12.273658130683598,0.26038258027499617,0.3012600946083003,0.0364515199684304,0.5924526430047039,50.0,1.3763444586643665,10.0,0.2511894447870183,-0.841598886131316,0.2799252349544213,0.028735790167402964,-0.008707359249869203,-0.9199112625631833,50.0,-0.29852236779409735,-10.0,0.24866503483021712,-0.47902407665304425,0.2799252349544213,0.03126020012420416,-0.007384877857502245,-0.9199112625631833,50.0,-0.26662175730149057,-10.0,0.27826417420777066,-0.9189445215396868,0.2799252349544213,0.0016610607466506222,-0.004271209520493623,-0.9199112625631833,0.32308997495752845,-0.00621175993121872,-7.763266802303271
2.22,0.1306141138956718,-8.025705572196674,0.2706819188891936,0.14006780499352178,-0.044910663516259136,-0.9243316065227714,50.0,-0.5652441610604153,-10.0,-0.8419562024278407,-1.4430464201123763,-0.5063207949941444,0.33563540743369635,0.10647927062694747,0.24243906924321657,50.0,1.9682726149330165,10.0,0.10574682433338664,14.66243386666907,0.2661426434864577,0.16039581915307108,0.036589234773294205,0.5760063211461552,-36.12538806175382,-0.09767523271703275,-5.133354630714262,0.24417382383838987,-0.7015620948628462,0.2706819188891936,0.026508095050803704,-0.008372122089874881,-0.9243316065227714,50.0,-0.2549328240848141,-10.0,0.24532125590856663,-0.3343778921650511,0.2706819188891936,0.025360662980626947,-0.00709783343847947,-0.9243316065227714,50.0,-0.19628196948165402,-10.0,0.2690379546151536,-0.9226219592617032,0.2706819188891936,0.0016439642740399552,-0.004162507681827053,-0.9243316065227714,0.2510315493276645,-0.002046384823308433,-7.738175196633416
2.23,0.049587854664197795,-8.1026259231474,0.2613958590111292,0.21180800434693142,-0.041982320880475085,-0.9286059878064357,50.0,-0.7076556249713382,-10.0,-0.8450075559077608,-0.3051353479920065,-0.5037165109341569,0.34129104497360385,0.10992269461148271,0.26042840599874717,50.0,2.270539075244265,10.0,0.26052853459657294,15.478171026318629,0.2717346052999513,0.011206070703378368,0.035153478377696126,0.5591961813493584,-44.24077322243871,-1.3898169622216145,-10.0,0.23826811250471064,-0.5905711333679217,0.2613958590111292,0.02312774650641858,-0.008081787511473905,-0.9286059878064357,50.0,-0.19794060026216137,-10.0,0.24270041502201878,-0.26208408865478483,0.2613958590111292,0.01869544398911044,-0.0068846705897228876,-0.9286059878064357,33.91992559176845,-0.11981324023743296,-10.0,0.259762012967335,-0.9275941647818651,0.2613958590111292,0.0016338460437942404,-0.004053409804910924,-0.9286059878064357,0.1876227475274711,-0.0032588628990527554,-7.754718446467129
2.24,-0.030888687592429215,-8.0476542256627,0.25206852169672944,0.2829572092891587,-0.03834798336501723,-0.932733731439972,50.0,-0.8199748909481026,-10.0,-0.8349550031895276,1.005255271823318,-0.5009332587963401,0.33402174439318755,0.11316238652823224,0.27832521378168273,50.0,2.349149658983614,10.0,0.41135558091876323,15.082704632219032,0.2771549337125413,-0.13420064720622193,0.032303201442412,0.5420328412589992,50.0,-2.3281461400953067,-10.0,0.2330139552072615,-0.5254157297449121,0.25206852169672944,0.019054566489467933,-0.007838700273604733,-0.9327337314399775,36.795867343038694,-0.1440677441106434,-10.0,0.23977478949702788,-0.29256255249908897,0.25206852169672944,0.012293732199701563,-0.006732477012475963,-0.9327337314399775,13.512679040382011,-0.07958546795668348,-10.0,0.25044319595604847,-0.9318817011286515,0.25206852169672944,0.0016253257406809718,-0.00394396837739125,-0.9327337314399775,1.2178316003205565,-0.010722080265401526,-7.752714072396657
2.25,-0.10908641256894966,-7.819772497652044,0.24270137984068338,0.35178779240963304,-0.03404812819115569,-0.9367141856046091,50.0,-0.8702229110247659,-10.0,-0.8111084161552693,2.384658703425836,-0.497972027456926,0.3131363886983433,0.11605528454487309,0.29612313394141165,50.0,2.2252400296490524,10.0,0.5460910393684733,13.473545844971,0.28240020512862546,-0.2636908342398478,0.028318938515516423,0.5245271416084163,50.0,-2.7674327825926675,-10.0,0.22771390537689692,-0.5300049830364596,0.24270137984068338,0.014987474463786454,-0.0076358250306632226,-0.9367141856046063,22.148986616233653,-0.11674292167029027,-10.0,0.23565879082144214,-0.41159986755857303,0.24270137984068338,0.0070425890192412355,-0.006620891135527693,-0.9367141856046063,4.9335345875389125,-0.04162805963711105,-10.0,0.24108030129852082,-0.9362894657527657,0.24270137984068338,0.0016210785421625629,-0.0038341286453943474,-0.9367141856046063,-0.12298671971534156,-0.0038897653534847787,-7.778280320673587
2.2600000000000002,-0.18280909477331136,-7.372268220436171,0.23329591262327654,0.4161050073965879,-0.0291498512951462,-0.9405467217406815,50.0,-0.8767824824195145,-10.0,-0.7739978888940379,3.711052726123146,-0.49483386902730875,0.2791640198667291,0.11847581947092807,0.31381584296172327,50.0,1.8988229141794055,10.0,0.6542645015120426,10.81734621435694,0.287467106522354,-0.3667973949896886,0.023569229944183843,0.5066901393728562,50.0,-2.6655960054317314,-10.0,0.2217013018960192,-0.6012603480877735,0.23329591262327654,0.011594610727257343,-0.007459752888581872,-0.9405467217406843,13.583777740024358,-0.09188048350364311,-10.0,0.22979024268842457,-0.5868548133017564,0.23329591262327654,0.0035056699348519627,-0.006527148954848998,-0.9405467217406843,1.3123225463507722,-0.017893225241976906,-10.0,0.23168347930722405,-0.9396821991296775,0.23329591262327654,0.0016124333160524862,-0.003724036092320855,-0.9405467217406843,-0.027795755724876366,-0.009239713740517434,-7.773016397917319
2.27,-0.24957489376593056,-6.676579899261921,0.22385360527681444,0.473428499042745,-0.023747908314792555,-0.944230734646212,50.0,-0.8265860780074047,-10.0,-0.7251882570435482,4.880963185048968,-0.4915198984802362,0.23366835856331197,0.12032440673805629,0.33139705470725533,50.0,1.4759951334980115,10.0,0.7278311880051535,7.356668649311079,0.2923524375302056,-0.43547875047494783,0.018478775574503257,0.4885331007851601,50.0,-2.2251454110520226,-10.0,0.21447535297494488,-0.7225948921074298,0.22385360527681444,0.00937825230186956,-0.0072937108763524335,-0.9442307346462092,10.387275975578342,-0.09136470278642937,-10.0,0.22184425807772043,-0.7945984610704137,0.22385360527681444,0.0020093471990940137,-0.006427595636751016,-0.9442307346462092,1.768724411162279,-0.03132508698818698,-10.0,0.22224905854506724,-0.94344207621568,0.22385360527681444,0.0016045467317472029,-0.0036136464173818147,-0.9442307346462092,0.06660145048419762,0.016890998529170594,-7.7669792043267565
2.2800000000000002,-0.30695075048957443,-5.737585672364384,0.21437594885108582,0.5213266993406602,-0.017960882754149515,-0.947765642572862,50.0,-0.6532028500360502,-10.0,-0.66691911926463,5.826913777891818,-0.48803129325366357,0.17888782601096642,0.12153059362037677,0.34886052265726275,50.0,0.9689588368388403,10.0,0.7616783796348776,3.3847191629724147,0.2970531124724064,-0.4646252671624712,0.013494050986581302,0.47006749422007776,50.0,-1.5409225123228687,-10.0,0.20572265343493604,-0.8752699540008835,0.21437594885108582,0.008653295416149787,-0.007119650926790848,-0.947765642572862,10.422927344188793,-0.0797270754457047,-10.0,0.21171873883437928,-1.0125519243341157,0.21437594885108582,0.002657210016706546,-0.006299768344150539,-0.947765642572862,2.667792079842419,-0.11017163065684178,-10.0,0.2127731166726755,-0.9475941872391721,0.21437594885108582,0.0016028321784103128,-0.003502858676873794,-0.947765642572862,0.24049763817307382,0.0027923874915955125,-7.829951996750381
2.29,-0.3528897595601262,-4.593900907055177,0.2048644399779091,0.5577541995380353,-0.011923950668063642,-0.9511508873176755,50.0,-0.4672940480163006,-10.0,-0.6017360882134455,6.518303105118449,-0.4843692928324166,0.1173667953810289,0.12205243126367521,0.36620004212469803,41.60992645487084,0.4645382405426629,5.4619985019315695,0.7539880076426612,-0.7690371992216445,0.3015661623019112,-0.45242184534075,0.009046736253095967,0.45130498295047894,50.0,-0.9751978026595229,-10.0,0.1953252728214146,-1.0397380613521436,0.2048644399779091,0.009539167156494499,-0.006920285449090688,-0.9511508873176727,14.227942734577036,-0.13105718041793935,-10.0,0.19952570794188695,-1.2193030892492325,0.2048644399779091,0.005338732036022142,-0.006124450714865394,-0.9511508873176727,8.049662130229478,-0.07792384257692099,-10.0,0.20328606831576582,-0.9487048356909695,0.2048644399779091,0.0015783716621432797,-0.0033922044766832643,-0.9511508873176727,0.5707527183607016,-0.028330496985687466,-7.718630332911369
2.3000000000000003,-0.3859475910959991,-3.3057831535872877,0.19532058063479527,0.5812681717307944,-0.0057806906353969675,-0.9543859343113859,50.0,-0.23511524024992853,-10.0,-0.5322741062584773,6.946198195496818,-0.4805351983078075,0.051738907950669766,0.12187520052363224,0.38340945246090885,-2.915095459347122,-0.0631544584360989,-0.8480242757028967,0.706416229804626,-4.757177783803517,0.30588873647971826,-0.4005274933249078,0.00551717909822724,0.43225741778070703,50.0,-0.41353658444500063,-10.0,0.18337479782032023,-1.195047500109437,0.19532058063479527,0.011945782814475031,-0.006681322870934994,-0.9543859343113831,23.518456759635548,-0.13025791444338794,-10.0,0.18559176014458256,-1.3933947797304391,0.19532058063479527,0.009728820490212703,-0.0058878230319902225,-0.9543859343113831,22.861426369535174,-0.13862979566015854,-10.0,0.19373224675705364,-0.9553821558712178,0.19532058063479527,0.0015883338777416267,-0.0032807829223187265,-0.9543859343113831,8.029259885398684e-05,-0.012542765662588062,-7.789440660251517
2.31,-0.40535885972704067,-1.9411268631041592,0.1857458779077719,0.5911047376348125,0.0003244694272615733,-0.9574702727023432,50.0,-0.0033880059780801094,-10.0,-0.46105388619494003,7.122022006353725,-0.476530371915365,-0.015476485720424982,0.1210082334657926,0.40048263924424843,7.96268602050557,-0.5888012033840926,-7.911608813826254,0.6240211404826017,-8.23950893220243,0.31001810477532876,-0.31400303570727295,0.0032010996343747535,0.41293682956105027,50.0,-0.14305251645202247,-10.0,0.1701839810311526,-1.3190816789167634,0.1857458779077719,0.015561896876619297,-0.006393795734277125,-0.9574702727023376,40.796696364007225,-0.15117873383751038,-10.0,0.17048716927751617,-1.5104590867066403,0.1857458779077719,0.015258708630255718,-0.005584190037017002,-0.9574702727023376,46.71663985523964,-0.15321765879107313,-10.0,0.18414614976244018,-0.9586096994613462,0.1857458779077719,0.0015997281453317136,-0.0031689246709192746,-0.9574702727023376,0.5153344397217794,-0.01683466401064397,-7.841148425216084
2.32,-0.4109937247131636,-0.5634864986122916,0.17614184375339234,0.5871355684665559,0.006252173761788362,-0.9604034154379604,50.0,0.2561946139979404,-10.0,-0.3902628947406357,7.079099145430435,-0.4723562365508366,-0.08209334181020089,0.11947939013314755,0.41741353645284307,50.0,-1.1220520616183196,-10.0,0.5148930220967894,-10.912811838581224,0.3139516589912211,-0.20094136310556832,0.0022829671871771925,0.39335542158923653,50.0,-0.014847339286670456,-10.0,0.15630743913366607,-1.3876541897486525,0.17614184375339234,0.01983440461972627,-0.006056686269104997,-0.9604034154379548,50.0,-0.19072334648186756,-10.0,0.15506154815023873,-1.5425621127277434,0.17614184375339234,0.02108029560315361,-0.0052191308697126905,-0.9604034154379548,50.0,-0.20032640693028764,-10.0,0.17455404661732116,-0.959210314511903,0.17614184375339234,0.001587797136071184,-0.0030571256681073723,-0.9604034154379548,0.1949379708890873,-0.0069594324535061395,-7.776842760399977
2.33,-0.4032226755014012,0.7771049211762431,0.16650999475998277,0.569732670261384,0.011871789972284576,-0.963184899340952,50.0,0.44427196118884993,-10.0,-0.32199315991075184,6.826973482988385,-0.46801427526464134,-0.1460211153538895,0.11733648163130982,0.43419612861952395,50.0,-1.6435789246266557,-10.0,0.3895553840535152,-12.533763804327425,0.3176869146102433,-0.07186846944327191,0.002817658873177216,0.373525561902216,-50.0,0.08141792749054198,10.0,0.14237445175254926,-1.39329873811168,0.16650999475998277,0.024135543007433508,-0.005676000965219494,-0.9631848993409575,50.0,-0.20981438326363275,-10.0,0.14008618025021924,-1.49753679000195,0.16650999475998277,0.026423814509763527,-0.004805139045614861,-0.9631848993409575,50.0,-0.2157806173769547,-10.0,0.16492306164769174,-0.9630984969629417,0.16650999475998277,0.0015869331122910224,-0.002944946487288168,-0.9631848993409575,0.1543004363930676,-0.006543624591767884,-7.792625278774587
2.34,-0.3827271450637302,2.049553043767097,0.15685185190815584,0.539578996971886,0.017062624637626728,-0.9658142851826867,50.0,0.5853556501138585,-10.0,-0.25837333805599444,6.36198218547574,-0.46350603073495006,-0.20513269267895562,0.11464895648597269,0.45082445296912854,50.0,-2.1767738274729296,-10.0,0.26169627033795406,-12.785911371556116,0.3212215123648868,0.05952524202693271,0.004691502430602155,0.3534597754643487,50.0,0.2822742505700497,10.0,0.12894705202872594,-1.3427399723823314,0.15685185190815584,0.027904799879429898,-0.005262678969186962,-0.9658142851826923,50.0,-0.20947351071308934,-10.0,0.1262027008869873,-1.388347936323195,0.15685185190815584,0.030649151021168553,-0.004359812741770856,-0.9658142851826923,50.0,-0.2105540108367913,-10.0,0.15526077497660098,-0.9662286671090748,0.15685185190815584,0.0015910769315548579,-0.002832412851261712,-0.9658142851826923,0.03552332241040333,-0.0038139615585560866,-7.821787909948097
2.35,-0.3505284500692892,3.2198694994441013,0.14716894033062758,0.4976973903999168,0.021717611591681486,-0.9682911577528208,50.0,0.6617417480144342,-10.0,-0.20151541595503059,5.685792210096385,-0.4588331047195773,-0.2573176887645467,0.11150720037731758,0.46729260153727803,50.0,-2.630655184497221,-10.0,0.1430119779707692,-11.868429236718487,0.32455321972745166,0.18154124175668246,0.007693757771840828,0.3331707362564884,50.0,0.6610837078420622,10.0,0.1165213576943682,-1.2425694334357746,0.14716894033062758,0.030647582636259385,-0.004831946199480791,-0.9682911577528264,50.0,-0.19807372785449506,-10.0,0.11391451496414867,-1.228818592283861,0.14716894033062758,0.03325442536647891,-0.0039043866288776805,-0.9682911577528264,50.0,-0.19418338436162974,-10.0,0.14558183574387726,-0.9678939232723737,0.14716894033062758,0.0015871045867503208,-0.0027197524130669714,-0.9682911577528264,0.6351145462961109,-0.008551313317178828,-7.811307785605389
2.36,-0.30776644027057765,4.276200979871152,0.1374627890713853,0.44522922934196296,0.025742283787113997,-0.9706151259242235,50.0,0.7008543884820324,-10.0,-0.15363023304026086,4.788518291476972,-0.4539971574868856,-0.3003669244466248,0.10802467930370363,0.4835947232691651,50.0,-2.9353238422854044,-10.0,0.04532119234053256,-9.769078563023664,0.3276799323201574,0.28235873997962485,0.011494253027939444,0.31267125927057493,50.0,1.240383116145628,10.0,0.10546143419433655,-1.1059923500031643,0.1374627890713853,0.032001354877048735,-0.004401333415709987,-0.970615125924229,50.0,-0.1851737721631351,-10.0,0.103491183516925,-1.0423331447223665,0.1374627890713853,0.033971605554460285,-0.003460437258860841,-0.970615125924229,50.0,-0.17026704771302711,-10.0,0.1358815130275486,-0.9700322716328639,0.1374627890713853,0.0015812760438366769,-0.002606936425465318,-0.970615125924229,0.4469285378787658,-0.012323225465168786,-7.828617304377201
2.37,-0.25565563542489816,5.211080484567948,0.12773493084422913,0.38339056626912726,0.029055081401348475,-0.9727858227156161,50.0,0.6671152292907667,-10.0,-0.11679136999663678,3.683886304362408,-0.4489999072258997,-0.3322085372292629,0.10433420530097476,0.49972502609859637,50.0,-3.047581515321837,-10.0,-0.021421848709213584,-6.674304104974613,0.33059967524431483,0.3520215239535284,0.01568189867797219,0.291974292415742,50.0,1.8471714141198303,10.0,0.09595034130867586,-0.9511092885660699,0.12773493084422913,0.03178458953555327,-0.003988376591497847,-0.9727858227156161,50.0,-0.153549664536761,-10.0,0.09494694726059003,-0.8544236256334983,0.12773493084422913,0.0327879835836391,-0.0030471150604611,-0.9727858227156161,50.0,-0.123804531013407,-10.0,0.1261683150852726,-0.9713197942276012,0.12773493084422913,0.00156661575895653,-0.0024941382884529927,-0.9727858227156161,0.2513933008834301,-0.007480598380467738,-7.788926298982672
2.38,-0.19543719170377294,6.021844372112521,0.11798690179074232,0.3134240934945153,0.03158713789908238,-0.9748029053486817,50.0,0.5512382072070393,-10.0,-0.09263097599058837,2.4160394006048413,-0.4438431294358427,-0.35121215344525436,0.10058047982646173,0.5156777790056966,50.0,-2.9609770106951174,-10.0,-0.050286847248777584,-2.8864998539564,0.33331060432771287,0.38359745157649044,0.019806523179132732,0.27109290833980393,50.0,2.2644183591264446,10.0,0.0879648961107015,-0.7985445197974348,0.11798690179074232,0.03002200568004082,-0.003608302082717696,-0.9748029053486803,50.0,-0.1320321685612208,-10.0,0.08804549886220898,-0.6901448398381036,0.11798690179074232,0.02994140292853334,-0.0026786865471919562,-0.9748029053486803,50.0,-0.09581998432155815,-10.0,0.1164218114551692,-0.9746503630103405,0.11798690179074232,0.00156509033557313,-0.0023810223487962276,-0.9748029053486803,-0.2656736686960119,-0.0087148259789963,-7.804048413260143
2.39,-0.128362245464695,6.707494623907793,0.10822024123771523,0.23658248670241022,0.033282213303715696,-0.9766660553027107,50.0,0.404674173777443,-10.0,-0.08205022271866483,1.0580753271923544,-0.4385286562953083,-0.35647843357664344,0.09690988795797607,0.5314473140534459,50.0,-2.6841974336900862,-10.0,-0.03827296108702116,1.2013886161756422,0.33581100728943797,0.37408396837645913,0.02342722400127976,0.2500402961725101,50.0,2.338657057702844,10.0,0.08127872472440018,-0.6686171386301328,0.10822024123771523,0.026941516513315056,-0.003272025203721532,-0.9766660553027092,50.0,-0.09701734046540007,-10.0,0.08233860884396862,-0.5706890018240363,0.10822024123771523,0.025881632393746606,-0.0023628013230720863,-0.9766660553027092,50.0,-0.06077262329120929,-10.0,0.1066494809414407,-0.9772330513728498,0.10822024123771523,0.001570760296274537,-0.002267591440696197,-0.9766660553027092,0.1637828588015289,0.0007083467658784316,-7.838372550843342
2.4,-0.0557164160876602,7.264582937703478,0.0984364914540682,0.1541529075417284,0.03409728408536263,-0.9783749783647044,50.0,0.21718240832863836,-10.0,-0.0850525058492239,-0.3002283130559067,-0.43305837601129843,-0.3480058701620745,0.09345985208766092,0.5470280284009865,50.0,-2.280233455958915,-10.0,0.01325176618754765,5.152472727456881,0.33809930482138734,0.3248475386338397,0.026160452114872466,0.2288297531949368,50.0,1.9571178646119562,10.0,0.07549348374523326,-0.5785240979166916,0.0984364914540682,0.022943007708834937,-0.0029847427168415135,-0.978374978364703,50.0,-0.07461433985918937,-10.0,0.0772332735676143,-0.5105335276354326,0.0984364914540682,0.021203217886453907,-0.002099715791444004,-0.978374978364703,49.99470096203744,-0.05122039914557703,-10.0,0.09686966756038547,-0.9779813381055232,0.0984364914540682,0.001566823893682734,-0.002154125067948818,-0.978374978364703,0.8622267297907381,-0.006835560962143075,-7.836026090679042
2.41,0.0211090495423579,7.68254656300181,0.08863719740730788,0.06752814786494998,0.03400431090771195,-0.9799294046760317,-2.437967856661469,-0.011487592776786522,1.298584913977758,-0.10075870078246506,-1.5706194933241155,-0.4274342321483503,-0.32667553136588523,0.09035015872333446,0.5624143862948128,50.0,-1.8110431640519902,-10.0,0.09870313322880225,8.54513670412546,0.340174051585794,0.24147091835699175,0.027720647628029838,0.20747467644066653,50.0,1.1792973990312172,10.0,0.07009389583302082,-0.5399587912212437,0.08863719740730788,0.01854330157428706,-0.0027453138219765186,-0.9799294046760317,34.840510793786024,-0.04957064560564285,-10.0,0.07207826096920622,-0.5155012598408076,0.08863719740730788,0.016558936438101662,-0.0018825763010789066,-0.9799294046760317,30.045470505036594,-0.03528840520522758,-10.0,0.08708212531024279,-0.9787542250142688,0.08863719740730788,0.0015550720970650966,-0.00204069892447674,-0.9799294046760317,0.06554070720651171,-0.008137015034401224,-7.812139203281918
2.42,0.10014416254639134,7.903511300403345,0.07882390651956266,-0.021320256026828688,0.03300075721740333,-0.9813290887745226,15.22728139411473,-0.24097548787855633,10.0,-0.12760461375633492,-2.6845912973869845,-0.42165822293799843,-0.2940536091816635,0.08767808176125653,0.5776009210351873,50.0,-1.3338623347325567,-10.0,0.20895654029970806,11.02534070709058,0.3420339371281324,0.13307739682842434,0.027948887525605023,0.1859885542338402,50.0,0.19459170447318197,4.931663585076015,0.06437479434987575,-0.5719101483145069,0.07882390651956266,0.014449112169686903,-0.002543631685448199,-0.9813290887745226,21.305721896937268,-0.041244608377519074,-10.0,0.06606425561425378,-0.6014005354952443,0.07882390651956266,0.01275965090530888,-0.0016948397384762932,-0.9813290887745226,19.260090628092232,-0.023329854631780025,-10.0,0.07727434154115376,-0.9807783769089026,0.07882390651956266,0.0015495649784088988,-0.0019271254370017605,-0.9813290887745226,0.27237756830805515,0.0005685400098631786,-7.82090526702715
2.43,0.17938148987497024,7.923732732857889,0.06899816842322191,-0.11038332145174833,0.03110455072960006,-0.9825738096340741,50.0,-0.44518828612972133,10.0,-0.16362925464897998,-3.6024640892645055,-0.4157324005688118,-0.2521031459198318,0.08551729671098467,0.5925822369186651,50.0,-0.8980793270278895,-10.0,0.332505586094169,12.354904579446098,0.34367778670483057,0.011172200610661542,0.02682511907376703,0.16438495766981642,-32.539438867728485,-0.7812869237172985,-10.0,0.057751986641752164,-0.6622807708123588,0.06899816842322191,0.011246181781469751,-0.0023649417905522658,-0.9825738096340741,13.757180822062416,-0.025728134140178303,-10.0,0.05868947198309874,-0.7374783631155034,0.06899816842322191,0.010308696440123173,-0.001518004937763511,-0.9825738096340741,14.942750359950516,-0.018371325706072215,-10.0,0.06745143712144938,-0.9822904419704368,0.06899816842322191,0.0015467313017725332,-0.0018134290797869915,-0.9825738096340741,0.3151912068418105,-0.0008776501911033417,-7.823045708932029
2.44,0.25660131377430134,7.721982389933109,0.059161534716235364,-0.19743977905806598,0.028357954700026087,-0.9836633706986564,50.0,-0.5979581515108245,10.0,-0.20676834773163222,-4.313909308265222,-0.4096588704572622,-0.20289052272562996,0.08391978241455489,0.6073530111549597,50.0,-0.513152332050748,-10.0,0.4565945532519028,12.408896715773379,0.3451045620252624,-0.11148999122664038,0.024469329489923287,0.1426775320431839,50.0,-1.5005946434730744,-10.0,0.0498341332660964,-0.7917853375655766,0.059161534716235364,0.009327401450138967,-0.0021924892422943184,-0.983663370698655,10.986783071075706,-0.024947304217239674,-10.0,0.04972394214680653,-0.896552983629221,0.059161534716235364,0.009437592569428832,-0.0013339737137063007,-0.983663370698655,14.404135988767216,-0.02185890809413364,-10.0,0.05761520962833626,-0.9836227493113127,0.059161534716235364,0.0015463250878991058,-0.0016996035539768692,-0.983663370698655,0.25600713218798943,-0.003361457451096972,-7.829564042319785
2.45,0.329418205830083,7.281689205578169,0.04931555871709415,-0.2801026471129889,0.024828759308338378,-0.9845975999141221,50.0,-0.6732265453179201,10.0,-0.2550774852119952,-4.830913748036295,-0.4034397904996779,-0.14836230528768268,0.08291925073648168,0.6219079957584306,29.720005122926953,-0.161012251088493,-4.940974050989652,0.5692461253810854,11.265157212918263,0.3463133619075551,-0.22293276347353036,0.02111348613389616,0.1208799882292666,50.0,-1.8292660646533396,-10.0,0.04041611179013339,-0.9418021475963012,0.04931555871709415,0.008899446926960763,-0.0020093145582650808,-0.9845975999141214,12.037695178282451,-0.016430177564331894,-10.0,0.0391664914883205,-1.0557450658486034,0.04931555871709415,0.01014906722877365,-0.0011269085348337038,-0.9845975999141214,18.72053479229427,-0.022145713828170977,-10.0,0.047769640670912966,-0.9845568957423294,0.04931555871709415,0.0015459180461811842,-0.0015856886839408244,-0.9845975999141214,0.28817393776231487,-0.0012621025043893124,-7.830003775461781
2.46,0.3953828441769106,6.5964638346827575,0.03946179521954811,-0.3559210489573625,0.02060990243529648,-0.985376349754602,50.0,-0.6826902022571767,10.0,-0.30654433504298617,-5.146684983099095,-0.3970773703055555,-0.09053303526256934,0.08252858888216591,0.6362420194122365,-17.563032048442075,0.16633718779593798,4.96454757977779,0.6596874640929753,9.044133871188986,0.34730342284779403,-0.31238404124518127,0.017085232334325448,0.09900609402389571,50.0,-1.7797806125813946,-10.0,0.02947412876050299,-1.0941983029630398,0.03946179521954811,0.00998766645904512,-0.0018000180633783256,-0.9853763497546041,16.545555262033787,-0.030774524080880848,-10.0,0.027235828988617868,-1.1930662499702631,0.03946179521954811,0.012225966230930242,-0.000885342247527375,-0.9853763497546041,28.3874422652547,-0.018761757594815603,-10.0,0.0379155680504955,-0.9854072620417468,0.03946179521954811,0.0015462271690526094,-0.0014716856860461237,-0.9853763497546041,0.26051019844351336,-0.0023260859360068236,-7.840339365150381
2.47,0.4520971464229486,5.6714302246037995,0.029601800247080916,-0.4224953461758677,0.015817805951077422,-0.9859994972467201,50.0,-0.5884672171661038,10.0,-0.3590724923176988,-5.252815727471263,-0.3905738704124944,-0.03150137809479564,0.08273885667396506,0.6503499893061093,-17.553229061264354,0.4901589301051548,10.0,0.7193528125616665,5.966534846869116,0.3480741195022691,-0.3712786930593974,0.012775791919044559,0.07706966544750449,50.0,-1.4264088497873848,-10.0,0.017165637494499793,-1.2308491266003194,0.029601800247080916,0.012436162752581123,-0.0015525715231924826,-0.9859994972467194,25.738288012877607,-0.038902638700760446,-10.0,0.014348826886101892,-1.2887002102515976,0.029601800247080916,0.015252973360979024,-0.0006039424928924249,-0.9859994972467194,44.140389706234274,-0.015535555270897625,-10.0,0.028058720428486915,-0.9856847622008583,0.029601800247080916,0.001543079818594001,-0.001357686411640098,-0.9859994972467194,0.5212034093511096,-0.0021933725286606663,-7.820336847616504
2.48,0.49730295817843767,4.520581175548906,0.0197371308072001,-0.4775658273712376,0.010590089559810155,-0.9864669439880847,50.0,-0.4290310678945886,10.0,-0.410727401845831,-5.1654909528132205,-0.3839316014830393,0.026795800362791722,0.08352336377287431,0.6642268929455131,25.759752016333206,0.7962953973853671,10.0,0.7425907026192992,2.3237890057632713,0.3486249650824547,-0.39396573753684444,0.00860375564309979,0.05508455801856438,50.0,-0.9188618700988126,-10.0,0.003837697012243853,-1.332794048225594,0.0197371308072001,0.015899433794956248,-0.0012602977804203608,-0.9864669439880815,41.0669637746899,-0.032525724138397244,-10.0,0.0011012275993794052,-1.3247599286722487,0.0197371308072001,0.018635903207820693,-0.00028510746794699316,-0.9864669439880819,50.0,-0.015792431804982465,-10.0,0.018189420095139193,-0.9869300333347721,0.0197371308072001,0.0015477107120609075,-0.0012435163011860115,-0.9864669439880815,-0.00038923879379773076,-0.0014149365831995862,-7.844661834272925
2.49,0.528980841692677,3.1677883514239307,0.009869344645564054,-0.5191114970471129,0.005082195754196632,-0.9867786161635972,50.0,-0.2418393722043373,10.0,-0.45949974629337925,-4.877234444754824,-0.37715292348371254,0.08234682280966671,0.08483455544544645,0.6778677999326743,50.0,1.0726692984668578,10.0,0.7270427794000069,-1.554792321929225,0.3489556116624759,-0.37808716773753104,0.004978363197917401,0.033064658002118774,50.0,-0.4837929024616251,-10.0,-0.009963426931007411,-1.3801123943251263,0.009869344645564054,0.019832771576571463,-0.0009239588252221334,-0.9867786161636048,50.0,-0.03648302748392231,-10.0,-0.011947420186603407,-1.3048647785982812,0.009869344645564054,0.021816764832167462,6.354665823450959e-05,-0.9867786161636041,50.0,0.0,-10.0,0.008320312998901954,-0.9869107096237238,0.009869344645564054,0.0015490316466621,-0.001129334913757018,-0.9867786161636046,-0.103571867869334,-0.0012707047000175982,-7.855325834376968
2.5,0.5455087661476696,1.6527924454992675,9.618353468608949e-17,-0.5455087661476695,-0.00053817115182999,-0.9869344645563993,50.0,0.038912258997697007,10.0,-0.5032063979788828,-4.3706651685503495,-0.37024024484653056,0.13296615313235222,0.08660128349362502,0.6912678637181979,50.0,1.3228990650146333,10.0,0.6737886778182284,-5.325410158177859,0.3490658503988659,-0.3247228274193625,0.0022636759395415615,0.011023873638998927,50.0,-0.16116728840163833,-3.15593980683503,-0.023636833348572577,-1.3673406417565166,9.618353468608949e-17,0.023636833348572674,-0.000550856427560755,-0.9869344645563959,50.0,-0.015038810482214796,-10.0,-0.024359409353478585,-1.2411989166875177,9.618353468608949e-17,0.024359409353478682,0.0004312606434380482,-0.9869344645563959,50.0,0.01454014410845152,-10.0,-0.0015426589607009517,-0.9862971959602905,9.618353468608949e-17,0.001542658960701048,-0.0010152786045539786,-0.9869344645563959,-0.004165476470750487,-0.002546201144285219,-7.828500941343451
2.5100000000000002,0.5459140445121499,0.040527836448019716,-0.00986934464556421,-0.5557833891577141,-0.006100057827051933,-0.9869344645564326,50.0,0.2565707250227367,10.0,-0.5397315949828845,-3.6525197004001653,-0.3631960216132969,0.17653557336958758,0.08873189119736091,0.7044223233233671,50.0,1.4933561889584683,10.0,0.5872495833518395,-8.653909446638888,0.3489556116624759,-0.23829397168936362,0.0007461271673118138,-0.011023873638998927,50.0,-0.050097938523242375,1.8949165693554637,-0.03667235680168383,-1.3035523453111248,-0.00986934464556421,0.02680301215611962,-0.00015247107146844623,-0.9869344645564305,50.0,-0.010713679095311197,-10.0,-0.03582642891491004,-1.146701956143145,-0.00986934464556421,0.02595708426934583,0.0008055016817458211,-0.9869344645564305,50.0,0.033830205564366084,-10.0,-0.011412856007015464,-0.9870197046314512,-0.00986934464556421,0.0015435113614512535,-0.0009011415204763208,-0.9869344645564305,0.22886390986643915,0.0005739562403237366,-7.871209929996799
2.52,0.5301272245229978,-1.5786819989152092,-0.01973713080719991,-0.5498643553301976,-0.011440833180462389,-0.9867786161635639,50.0,0.428312356033376,10.0,-0.5672484523738092,-2.75168573909247,-0.35602275656298504,0.21122569581082412,0.0911193167293784,0.717326505031185,50.0,1.5348717941864083,10.0,0.4747330550818421,-11.251652826999742,0.3486249650824547,-0.12610808999938738,0.0006102115500179141,-0.033064658002118774,50.0,-0.017584761897710403,1.103988768286567,-0.048649638979926184,-1.1977282178242357,-0.01973713080719991,0.028912508172726274,0.0002564268320412401,-0.9867786161635701,50.0,0.004597277505286258,-10.0,-0.046207169618309625,-1.0380740703399587,-0.01973713080719991,0.026470038811109715,0.001174009476890914,-0.9867786161635701,50.0,0.04303587509487488,-10.0,-0.021268012526904287,-0.9855156519888825,-0.01973713080719991,0.0015308817197043773,-0.0007872811380803888,-0.98677861616357,0.13770849896178797,0.002945964060404417,-7.806455334408831
2.5300000000000002,0.49907767035376477,-3.1049554169233,-0.029601800247081075,-0.5286794706008459,-0.016417132344778516,-0.986466943988118,50.0,0.5510760343964124,10.0,-0.584527770470303,-1.7279318096493859,-0.34872299832251075,0.23580477214779227,0.09365015763182126,0.7299758240474297,50.0,1.4204099304335747,10.0,0.3457912192514665,-12.894183583037561,0.3480741195022691,0.0022829002508025775,0.0019224589108296959,-0.05508455801856438,4.25756844515362,0.05266190949891092,-6.037578696647784,-0.05929917263280256,-1.0649533652876377,-0.029601800247081075,0.029697372385721482,0.0006598958924272187,-0.9864669439881165,50.0,0.026346895261467863,-10.0,-0.055539587569618104,-0.9332417951308479,-0.029601800247081075,0.02593778732253703,0.0015267115296293693,-0.9864669439881165,50.0,0.060757605371039664,-10.0,-0.031141807635025387,-0.9873795108121097,-0.029601800247081075,0.0015400073879443116,-0.0006731431131197348,-0.9864669439881165,0.12197911226092346,-0.005234936125454703,-7.861083440547573
2.54,0.4545043715055107,-4.457329884825408,-0.03946179521954792,-0.4939661667250586,-0.020911061023546562,-0.9859994972466812,50.0,0.5947522963373781,10.0,-0.5912070765878917,-0.6679306117588755,-0.3412993404612182,0.24990773612667355,0.0962160280542639,0.7423657861292565,50.0,1.1778062731320174,10.0,0.21142756227892065,-13.436365697254583,0.34730342284779403,0.13587586056887338,0.004624854086243888,-0.07706966544750449,50.0,0.2996814157537784,-10.0,-0.0685381177086777,-0.9238945075875139,-0.03946179521954792,0.029076322489129773,0.0010430485680772677,-0.9859994972466847,50.0,0.0362934053352473,-10.0,-0.06402630062759225,-0.8486713057974148,-0.03946179521954792,0.024564505408044328,0.001857223714289554,-0.9859994972466847,50.0,0.06308511596144621,-10.0,-0.04100638024808741,-0.9864572613062017,-0.03946179521954792,0.0015445850285394844,-0.0005590515367037197,-0.9859994972466847,0.38165206674696284,-0.0014426683426938664,-7.852369587836709
2.5500000000000003,0.3985439202820593,-5.5960451223451395,-0.04931555871709465,-0.44785947899915396,-0.02483005130130359,-0.9853763497546741,50.0,0.5755410049889047,10.0,-0.587877064413005,0.3330012174886665,-0.33375442056939647,0.25412264384360855,0.0987239543709511,0.7544919891821711,50.0,0.8111354743308424,10.0,0.0832210583733902,-12.820650390553045,0.346313361907555,0.2630923035341648,0.008537842160640841,-0.09900609402390126,50.0,0.7900687189937515,-10.0,-0.07647446794529335,-0.7936350236615652,-0.04931555871709465,0.027158909228198698,0.0013940011627254112,-0.9853763497546727,50.0,0.04343976080361667,-10.0,-0.07199475781353995,-0.7968457185947699,-0.04931555871709465,0.0226791990964453,0.002163700277113484,-0.9853763497546727,50.0,0.060998692905839175,-10.0,-0.050866225720872384,-0.9859845472784978,-0.04931555871709465,0.0015506670037777337,-0.0004449464119380926,-0.9853763497546727,-0.1796679881428295,-0.002735164111042547,-7.869416708266754
2.56,0.3333131479352559,-6.52307723468034,-0.05916153471623517,-0.3924746826514911,-0.028102490404350467,-0.9845975999140555,50.0,0.5042292669845818,10.0,-0.575912093761945,1.1964970651060083,-0.32609091932115786,0.2498211744407871,0.10110251640884838,0.7663501248238613,50.0,0.43090221784782184,10.0,-0.027632775044761,-11.085383341815119,0.3451045620252625,0.37273733707002354,0.013373753865522588,-0.12087998822924995,50.0,1.5760372358821655,-10.0,-0.08338297884513378,-0.6908510899840429,-0.05916153471623517,0.02422144412889861,0.0017053007130128017,-0.984597599914052,50.0,0.0417781501689139,-10.0,-0.07983782135995345,-0.7843063546413495,-0.05916153471623517,0.020676286643718275,0.0024488937790148016,-0.984597599914052,50.0,0.06980727372553103,-10.0,-0.06071320726016264,-0.9846981539290256,-0.05916153471623517,0.0015516725439274695,-0.00033095987110591535,-0.984597599914052,0.19397644774907663,-0.0023948553155176363,-7.8654071829974965
2.57,0.26066954134761955,-7.264360658763633,-0.06899816842322172,-0.32966770977084126,-0.030672731436182515,-0.9836633706986508,50.0,0.4082167695158083,10.0,-0.5571063033292503,1.880579043269468,-0.31831155952200485,0.2387947438072454,0.10330240594259389,0.7779359799153007,20.470580922700215,0.10354151393370022,2.7611335487753874,-0.11123246345464234,-8.359968840988135,0.34367778670483057,0.4549102501594729,0.01875885325121613,-0.142677532043195,50.0,2.487297163767874,-10.0,-0.08966149506082871,-0.6278516215694929,-0.06899816842322172,0.02066332663760699,0.001974719141545821,-0.983663370698655,46.124875469288035,0.01047496758284347,-10.0,-0.08794647724548649,-0.8108655885533049,-0.06899816842322172,0.018948308822264767,0.0027194634260927796,-0.983663370698655,46.74580174716387,0.06747944071227355,-10.0,-0.07054909094895673,-0.9835883688794089,-0.06899816842322172,0.0015509225257350073,-0.0002170918089606244,-0.983663370698655,0.3881706334476764,0.0,-7.852347772541538
2.58,0.18217879726081432,-7.849074408680525,-0.07882390651956246,-0.26100270378037677,-0.03249785103311823,-0.9825738096340741,50.0,0.2705780099167859,10.0,-0.5335265919936151,2.357971133563518,-0.3104191051414314,0.22310748685218368,0.10529768369775938,0.7892454380573455,-29.065373349758904,-0.12878995890223036,-4.011804497261011,-0.1598307457557333,-4.859828230109095,0.34203393712813246,0.5018646828838658,0.0242634829030657,-0.16438495766981642,50.0,3.279480165692835,-10.0,-0.09581784004830521,-0.6156344987476501,-0.07882390651956246,0.016993933528742747,0.0022062219267080132,-0.9825738096340741,30.34072550458659,0.05243983819782616,-10.0,-0.09667837600633755,-0.8731898760851063,-0.07882390651956246,0.01785446948677509,0.002985327108569041,-0.9825738096340741,42.75045785094715,0.0626054204550457,-10.0,-0.08038009262483368,-0.9831001675876956,-0.07882390651956246,0.0015561861052712234,-0.00010321993114914262,-0.9825738096340741,-0.13919614280911508,0.0,-7.868672728090744
2.59,0.09913482298612801,-8.304397427468631,-0.08863719740730769,-0.1877720203934357,-0.03354513149430572,-0.9813290887745241,50.0,0.12531881893287422,10.0,-0.5068949731699929,2.6631618823622176,-0.30241636033089875,0.20447861283909413,0.1070761536379141,0.8002744810532647,-40.59672914730983,-0.20499427880899962,-6.375247448947716,-0.16883407389587907,-0.9003328140145754,0.3401740515857941,0.5090081254816732,0.02944359743928389,-0.1859885542338402,50.0,3.74093043775111,-10.0,-0.10245373233095162,-0.6635892282646411,-0.08863719740730769,0.01381653492364393,0.0024107461987709165,-0.9813290887745226,20.65875294284418,0.031136007185283966,-10.0,-0.10626913885846796,-0.9590762852130414,-0.08863719740730769,0.017631941451160274,0.0032575541516019478,-0.9813290887745226,45.522925491461415,0.09326300593122808,-10.0,-0.09019748073218509,-0.9817388107351405,-0.08863719740730769,0.0015602833248773984,1.05567831731454e-05,-0.9813290887745226,0.07813841907968627,0.0,-7.88233671223081
2.6,0.01259594026540481,-8.65388827207232,-0.098436491454068,-0.11103243171947282,-0.033790066984293224,-0.9799294046760317,-11.338086021985887,-0.027400575042418194,-4.065390698714524,-0.47795979763652086,2.893517553347202,-0.2943061684275317,0.18365362920898914,0.10862333817466928,0.8110191903367037,-25.189544778584345,-0.1698027461568513,-4.533835965343004,-0.13760734729306,3.1226726602819044,0.33809930482138734,0.47570665211444735,0.03388839669440017,-0.20747467644067763,50.0,3.6938977060874736,-10.0,-0.11000583703269308,-0.7552104701741464,-0.098436491454068,0.011569345578625073,0.002601960701574582,-0.9799294046760317,15.647705981451717,0.042114499900792926,-10.0,-0.11672526081048287,-1.0456121952014903,-0.098436491454068,0.018288769356414866,0.0035450030646862456,-0.9799294046760317,50.0,0.08497364959889549,-10.0,-0.09999318735310239,-0.9795706620917304,-0.098436491454068,0.0015566958990343854,0.0001240808083726623,-0.9799294046760317,0.4134462235337459,0.0,-7.855285122090535
2.61,-0.07604031998992507,-8.863626025532987,-0.10822024123771504,-0.03217992124778997,-0.033225503594217824,-0.978374978364703,-16.984932241898797,-0.17395655231060564,-10.0,-0.44656229082198917,3.1397506814531653,-0.28609141094389595,0.16047087987809322,0.10991407190530489,0.821475748363576,-0.10298978258363475,-0.00246785787225278,-0.03222625744065,-0.06948321204044504,6.812413525261498,0.3358110072894381,0.40529421932988313,0.037260097535172856,-0.2288297531949257,50.0,3.045833396303839,-10.0,-0.11875329607934655,-0.874745904665347,-0.10822024123771504,0.010533054841631515,0.002794765840457432,-0.978374978364703,14.79691524300619,0.037682245784912936,-10.0,-0.12787474967750648,-1.1149488867023596,-0.10822024123771504,0.01965450843979144,0.0038530430377543955,-0.978374978364703,50.0,0.11718404252296304,-10.0,-0.10978007334475649,-0.97868859916541,-0.10822024123771504,0.0015598321070414561,0.00023754798935961787,-0.978374978364703,0.38175784267776997,-0.0005948268469218685,-7.867541140630451
2.62,-0.165929678381523,-8.988935839159792,-0.11798690179074213,0.047942776590780875,-0.031847182244394034,-0.9766660553027092,45.331132877372184,-0.306047434742942,-10.0,-0.41186338139744394,3.469890942454523,-0.27777500654420945,0.1340883748532345,0.11090796655959179,0.8316404399686506,20.18799656403396,0.17210974590566772,4.960631672630624,0.028654344534249407,9.813755657469445,0.3333106043277128,0.3046562597934634,0.03932528456736055,-0.25004029617252677,50.0,1.931756441109565,-10.0,-0.12881233574535306,-1.0059039666006515,-0.11798690179074213,0.010825433954610927,0.003003610576663606,-0.9766660553027092,17.52852057819255,0.04013271546721073,-10.0,-0.13945420987309465,-1.1579460195588158,-0.11798690179074213,0.021467308082352518,0.004183510720533802,-0.9766660553027092,50.0,0.14613009582045863,-10.0,-0.11955115722434691,-0.9771083879590415,-0.11798690179074213,0.0015642554336047776,0.0003509013824915698,-0.9766660553027092,0.37138220463958316,-0.0022967652009907775,-7.856481566082959
2.63,-0.25627645104057895,-9.034677265905595,-0.12773493084422893,0.12854152019635,-0.029658299315839975,-0.9748029053486817,50.0,-0.4058763446581991,-10.0,-0.3727841174061381,3.907926399130586,-0.2693599100073566,0.1034242073987815,0.11155141599366654,0.8415096536852851,25.753836293681204,0.2835786173050389,8.38104409899823,0.14734054437836572,11.86861998441163,0.330599675244315,0.18325913086594928,0.039971013877578884,-0.2710929083397817,50.0,0.6000760971270708,-10.0,-0.14014279835738092,-1.1330462612027863,-0.12773493084422893,0.012407867513151982,0.003240993877915404,-0.9748029053486803,24.3949132282003,0.06651570827637558,-10.0,-0.1511041832302369,-1.164997335714224,-0.12773493084422893,0.023369252386007955,0.004533702977965304,-0.9748029053486803,50.0,0.16401704336262,-10.0,-0.12931137511535826,-0.9760217891011346,-0.12773493084422893,0.0015764442711293236,0.00046426800411297655,-0.9748029053486803,0.3586566737203489,-0.0017683766452257358,-7.8981639305234745
2.64,-0.3460303879683072,-8.975393692772823,-0.13746278907138512,0.20856759889692209,-0.026675083957593472,-0.9727858227156189,50.0,-0.48106525000150774,-10.0,-0.3284978722365265,4.42862451696116,-0.26084911117706683,0.06764876105945966,0.111785041152565,0.8510798830289767,16.408756532925324,0.27019373488885645,8.34901335403193,0.27570591050484805,12.83653661264823,0.32767993232015735,0.0519740218153093,0.03920710043446715,-0.2919742924157642,-50.0,-0.7248529340092582,10.0,-0.15254495772539417,-1.2402159368013266,-0.13746278907138512,0.015082168654009048,0.0035158371581356274,-0.9727858227156189,36.063440378299845,0.08220428013478097,-10.0,-0.16242642909873103,-1.1322245868494145,-0.13746278907138512,0.024963640027345912,0.0048965618369237055,-0.9727858227156189,50.0,0.1824785424672911,-10.0,-0.1390391061207029,-0.972773100534462,-0.13746278907138512,0.0015763170493177658,0.0005773084846596005,-0.9727858227156189,0.33045372197855233,0.0019773799794560185,-7.889241167320139
2.65,-0.4338710170611739,-8.784062909286673,-0.14716894033062736,0.2867020767305466,-0.022929656899359337,-0.9706151259242235,50.0,-0.5152393930717072,-10.0,-0.27875848234035216,4.973938989617432,-0.25224563389964,0.026512848440712167,0.11155277573801038,0.860347727742683,3.1273749340604864,0.12814664197510756,4.332679500924586,0.4013692150796202,12.566330457477218,0.3245532197274517,-0.07681599535216849,0.03718230743519775,-0.31267125927056383,50.0,-1.8178733373395046,10.0,-0.16565025203678452,-1.310529431139036,-0.14716894033062736,0.01848131170615716,0.0038317032183111024,-0.9706151259242235,50.0,0.10280024060609338,-10.0,-0.1730369269726876,-1.0610497873956561,-0.14716894033062736,0.025867986642060248,0.005261346682083873,-0.9706151259242235,50.0,0.1999007419689957,-10.0,-0.14873914001564026,-0.9700033894937365,-0.14716894033062736,0.0015701996850129019,0.0006900108204591033,-0.9706151259242235,0.38859317561751505,0.00352899133801804,-7.869907192302344
2.66,-0.5180466942422732,-8.417567718109936,-0.15685185190815565,0.3611948423341176,-0.01847595170420717,-0.9682911577528319,50.0,-0.4884175158509917,-10.0,-0.22433052020847016,5.442796213188201,-0.24355253494958604,-0.019222014741115873,0.11081627596928041,0.8693098950053962,1.1518495328058176,-0.10480180066717006,-3.212358639598842,0.514367527330837,11.299831225121682,0.3212215123648867,-0.1931460149659503,0.03412086416302608,-0.3331707362564995,50.0,-2.4898817009833505,10.0,-0.17894520437278869,-1.3294952336004155,-0.15685185190815565,0.022093352464633037,0.004185586266317474,-0.9682911577528291,50.0,0.12189988353405029,-10.0,-0.18266273163880203,-0.9625804666114435,-0.15685185190815565,0.025810879730646386,0.0056157135260514815,-0.9682911577528291,50.0,0.21106323643383326,-10.0,-0.1584219137351231,-0.9682773719482841,-0.15685185190815565,0.0015700618269674504,0.0008025391759236062,-0.9682911577528291,0.19955342983691618,-0.0060967469164958845,-7.862712253317571
2.67,-0.5966124185321763,-7.8565724289903045,-0.16650999475998257,0.4301024237721937,-0.0133892702235862,-0.9658142851826923,50.0,-0.41284356685323276,-10.0,-0.16673964392185253,5.7590876286617645,-0.23477290294356862,-0.06803325902171609,0.10956003461619708,0.8779632006017418,24.988746372072708,-0.41544831911622404,-10.0,0.6054791646676728,9.111163733683576,0.31768691461024334,-0.2877922500574295,0.030331825289083424,-0.3534597754643376,50.0,-2.718819833690698,10.0,-0.19198863148100503,-1.3043427108216359,-0.16650999475998257,0.025478636721022463,0.004570806904609862,-0.9658142851826923,50.0,0.15905197716104463,-10.0,-0.1911700975016978,-0.8507365862895768,-0.16650999475998257,0.024660102741715234,0.005947388212097592,-0.9658142851826923,50.0,0.19011609970157714,-10.0,-0.16809158376416858,-0.9669670029045475,-0.16650999475998257,0.001581589004186007,0.0009150517662559211,-0.9658142851826923,0.062145686096335126,0.003206965645540129,-7.893124368258811
2.68,-0.6675959274066529,-7.098350887447656,-0.17614184375339215,0.4914540836532607,-0.007764894298308825,-0.9631848993409631,50.0,-0.275007776434891,-10.0,-0.10806317685022154,5.867646707163098,-0.2259098572430338,-0.11784668039281226,0.10779480314155265,0.8863045700534811,50.0,-0.7092676025182348,-10.0,0.6673576519608351,6.1878487293162285,0.31395165899122124,-0.35340599296961384,0.02617898048645566,-0.3735255619022104,50.0,-2.55445516689601,10.0,-0.20435135536885612,-1.2362723887851088,-0.17614184375339215,0.028209511615463978,0.004976529259643013,-0.9631848993409575,50.0,0.1938673808409808,-10.0,-0.19860227317546922,-0.7432175673771412,-0.17614184375339215,0.02246042942207707,0.006246314263056076,-0.9631848993409575,50.0,0.17607031979032586,-10.0,-0.17773267762492628,-0.9641093860757706,-0.17614184375339215,0.0015908338715341364,0.0010273710435788396,-0.9631848993409575,0.7629803697151806,0.007405963913057496,-7.904680831979286
2.69,-0.7291823260543856,-6.158639864773272,-0.1857458779077717,0.5434364481466138,-0.0017146658303653596,-0.9604034154379604,50.0,-0.06678794466865391,-10.0,-0.05048379949744472,5.757937735277682,-0.21696654684591743,-0.1664827473484727,0.10555418189454015,0.8943310397116377,50.0,-1.0059857458105024,-10.0,0.6950434452909395,2.7685793330104493,0.3100181047753287,-0.3850253405156108,0.02205186914799851,-0.3933554215892532,50.0,-2.111535620086165,10.0,-0.21567064599382268,-1.1319290624966563,-0.1857458779077717,0.02992476808605099,0.005388969846753189,-0.9604034154379548,50.0,0.2077272050193002,-10.0,-0.2051841483392177,-0.6581875163748474,-0.1857458779077717,0.019438270431445998,0.006506515719008021,-0.9604034154379548,47.84396729129253,0.15041293827379226,-10.0,-0.18733825972638887,-0.9605582101462591,-0.1857458779077717,0.0015923818186171779,0.0011393506827796372,-0.9604034154379548,0.06401537126353476,0.0019961587527291685,-7.868779642196765
2.7,-0.7798386859318005,-5.065635987741494,-0.19532058063479577,0.5845181052970048,0.004637078821378839,-0.9574702727024098,50.0,0.2091653890018454,-10.0,0.003984510775740593,5.446831027318531,-0.20794614926781807,-0.21193066004355865,0.1028901921913727,0.902039757809936,50.0,-1.208843635506327,-10.0,0.6864208184174999,-0.862262687343966,0.30588873647971804,-0.3805320819377819,0.01833277459735509,-0.4129368295610669,50.0,-1.5194154931444406,10.0,-0.2257027989342315,-1.0032152940408816,-0.19532058063479577,0.030382218299435743,0.005793113559151634,-0.957470272702407,50.0,0.2504087490349527,-10.0,-0.2113202237246739,-0.6136075385456213,-0.19532058063479577,0.01599964308987814,0.006727872903761364,-0.957470272702407,31.27372109278998,0.1353413544200288,-10.0,-0.19692618026957212,-0.9587920543183257,-0.19532058063479577,0.0016055996347763557,0.0012512858845592331,-0.957470272702407,0.11149471758390145,0.005335817031463625,-7.929224123527812
2.71,-0.8183833126202773,-3.854462668847681,-0.20486443997790893,0.6135188726423684,0.011157713814687291,-0.9543859343113192,50.0,0.41191491975568306,-10.0,0.05367280960590021,4.968829883015961,-0.19885186941304442,-0.2525246790189446,0.09986806241288165,0.9094279854773679,50.0,-1.4202749797064207,-10.0,0.6424937725114281,-4.392704590607179,0.3015661623019112,-0.34092761020951695,0.015362768954320637,-0.4322574177806848,50.0,-1.037917524604121,10.0,-0.23436302261324507,-0.8660223679013552,-0.20486443997790893,0.02949858263533614,0.0061747016222951315,-0.9543859343113165,50.0,0.1620542672207272,-10.0,-0.2176387857658736,-0.631856204119968,-0.20486443997790893,0.012774345787964658,0.006918801982053008,-0.9543859343113165,19.37896168930907,0.11702025805342184,-10.0,-0.20646530268897056,-0.9539122419398444,-0.20486443997790893,0.0016008627110616347,0.001362685735863834,-0.9543859343113165,0.7488042322018165,0.07570873273992618,-7.827181157935861
2.72,-0.8440092024036068,-2.5625889783329496,-0.21437594885108596,0.6296332535525209,0.017710305248045795,-0.9511508873176977,50.0,0.7685396128331108,-10.0,0.09735482795020228,4.368201834430207,-0.18968693843592493,-0.2870417663861272,0.09656082456557737,0.9164930977119456,50.0,-1.5208743460830028,-10.0,0.5673841058768359,-7.510966663459232,0.2970531124724065,-0.27033099340442934,0.013410555686622267,-0.45130498295046784,50.0,-0.5384162071242636,10.0,-0.2417443187067338,-0.7381296093488736,-0.21437594885108596,0.027368369855647834,0.006522198281786497,-0.9511508873177033,50.0,0.20130269601175646,-10.0,-0.2246757105945326,-0.7036924828659011,-0.21437594885108596,0.010299761743446628,0.007092168847774064,-0.9511508873177033,14.03641422881295,0.09162206871370017,-10.0,-0.2160049763516977,-0.9539673662727135,-0.21437594885108596,0.0016290275006117239,0.0014743727474972226,-0.9511508873177033,-0.22674920320390804,-0.011279382508671304,-7.9539462068218425
2.73,-0.8562744361700932,-1.226523376648652,-0.22385360527681422,0.632420830893279,0.024157165894643447,-0.9477656425728176,50.0,1.0175276361494354,-10.0,0.13421930827732115,3.6864480327118847,-0.18045461259279597,-0.31467392087011714,0.093045440553605,0.9232325843128941,50.0,-1.6443598386026714,-10.0,0.468015627044162,-9.936847883267383,0.29235243753020573,-0.17566318951395626,0.012647608579809443,-0.47006749422007776,50.0,-0.11616481822690358,10.0,-0.24810870356702083,-0.6364384860287033,-0.22385360527681422,0.02425509829020661,0.006828393113291433,-0.9477656425728259,50.0,0.19192908833119082,-10.0,-0.23282347167990294,-0.8147761085370362,-0.22385360527681422,0.008969866403088722,0.007263345122658655,-0.9477656425728259,11.651520272563907,0.09253330427899721,-10.0,-0.22548193165998412,-0.9476955308286426,-0.22385360527681422,0.001628326383169898,0.001585425564411786,-0.9477656425728259,-0.8635109916647247,-0.0006756339870853216,-7.911629986102733
2.74,-0.855082495088491,0.11919410816022391,-0.23329591262327667,0.6217865824652143,0.03036311230847957,-0.9442307346462453,50.0,1.2259862512402444,-10.0,0.16372290397720726,2.9503595699886116,-0.17115817208506823,-0.33488107606227546,0.0894015938359834,0.9296440507727766,50.0,-1.7381002116448478,-10.0,0.3535009355212013,-11.451469152296067,0.28746710652235413,-0.06603382899884719,0.013132417205050578,-0.4885331007851601,-50.0,0.31264905076133925,-10.0,-0.25385365495805506,-0.5744951391034216,-0.23329591262327667,0.02055774233477839,0.007091420050549559,-0.9442307346462453,44.361884930335044,0.15525919648066108,-10.0,-0.24232960078340196,-0.9506129103499021,-0.23329591262327667,0.009033688160125286,0.007448743295294898,-0.9442307346462453,13.655214869462577,0.11450084239621218,-10.0,-0.2349171186921009,-0.9435187032116796,-0.23329591262327667,0.001621206068824238,0.0016959894954211964,-0.9442307346462453,0.191068206887607,0.00400317934612186,-7.859664008566338
2.75,-0.8406230918724236,1.4459403216067426,-0.2427013798406832,0.5979217120317404,0.0361977353966363,-0.9405467217406538,50.0,1.4726330485812527,-10.0,0.18527601826559562,2.1553114288388358,-0.161800919893789,-0.3470769381593846,0.08571529331150565,0.9357252191279197,50.0,-1.8529694145820113,-10.0,0.2360759620875659,-11.742497343363542,0.28240020512862557,0.04632424304105967,0.014769909369797529,-0.5066901393728562,50.0,0.7487529264106397,-10.0,-0.25951674920647316,-0.5663094248418119,-0.2427013798406832,0.01681536936578995,0.007316204686691639,-0.9405467217406538,28.76710808465731,0.06995099863750243,-10.0,-0.25327936946223906,-1.0949768678837097,-0.2427013798406832,0.010577989621555844,0.0076640208782988275,-0.9405467217406538,20.35343953755872,0.15372097651816188,-10.0,-0.2443349662974202,-0.941784760531928,-0.2427013798406832,0.001633586456736974,0.0018065038360417587,-0.9405467217406538,0.2735135761414679,-0.026806723362487832,-7.990958548517224
2.7600000000000002,-0.813507193200151,2.7115898672272585,-0.2520685216967296,0.5614386715034214,0.04154096312494778,-0.9367141856046368,50.0,1.4962789831823076,-10.0,0.19826654661385504,1.299052834825942,-0.15238618060610518,-0.3506527272199602,0.08207886075582346,0.9414739287683827,50.0,-1.88569696664134,-10.0,0.12573402248829735,-11.034193959926856,0.2771549337125412,0.15142091122424384,0.017387537878032655,-0.5245271416084385,50.0,1.3352354038448893,-10.0,-0.26570601906558383,-0.6189269859110669,-0.2520685216967296,0.013637497368854223,0.007514472358971288,-0.9367141856046396,20.44165054008536,0.1006036785980531,-10.0,-0.2655235821354214,-1.2244212673182309,-0.2520685216967296,0.013455060438691768,0.007921013609417568,-0.9367141856046396,32.98357919736961,0.1923723177688777,-10.0,-0.2536705909975025,-0.933562470008233,-0.2520685216967296,0.0016020693007728903,0.0019158807760503108,-0.9367141856046396,-0.09222959230212638,0.0025844391389710612,-7.809013102469644
2.77,-0.7746667218622932,3.884047133785776,-0.26139585901112905,0.5132708628511642,0.046285267040080846,-0.9327337314399387,50.0,1.4953916984457634,-10.0,0.2019026883252172,0.36361417113621786,-0.14291729923405727,-0.34481998755927445,0.07859429946311709,0.9468881372047933,50.0,-1.889945350320919,-10.0,0.03240901437260063,-9.332500811569671,0.2717346052999514,0.23932559092735078,0.02071404386846313,-0.542032841258977,50.0,1.954936471235104,-10.0,-0.2728483412412935,-0.7142322175709652,-0.26139585901112905,0.011452482230164429,0.007700420403030029,-0.9327337314399442,16.527829589478603,0.10259940768942885,-10.0,-0.2786797961728561,-1.3156214037434728,-0.26139585901112905,0.017283937161727048,0.008225415121409186,-0.9327337314399442,50.0,0.24160802889119043,-10.0,-0.26301325825142335,-0.9342667253920879,-0.26139585901112905,0.0016173992402943038,0.0020254814409924626,-0.9327337314399442,0.943482910321733,0.007898167156959384,-7.886302397268278
2.7800000000000002,-0.7253176477486273,4.934907411366596,-0.2706819188891937,0.4546357288594336,0.050338133587538525,-0.9286059878064634,50.0,1.3834929993347775,-10.0,0.19539385994604744,-0.6508828379169781,-0.13339764002610907,-0.3287914999721565,0.07537147274718722,0.9519659207948172,50.0,-1.7911000299384296,-10.0,-0.0357480564502476,-6.815707082284823,0.26614264348645766,0.30189069993670525,0.024414521576058664,-0.5591961813493751,50.0,2.499909837469076,-10.0,-0.28119960084280526,-0.8351259601511769,-0.2706819188891937,0.01051768195361158,0.007889109818581262,-0.9286059878064634,13.943439251557443,0.12408131641781729,-10.0,-0.29212718914706254,-1.3447392974206445,-0.2706819188891937,0.021445270257868854,0.008574341753729939,-0.9286059878064634,50.0,0.3168247053796224,-10.0,-0.27232324707103794,-0.9309988819614609,-0.2706819188891937,0.0016413281818442593,0.002134994611007051,-0.9286059878064634,0.23053277617937717,-0.0018422458287585906,-7.900292551958661
2.79,-0.6668589438648849,5.845870388374236,-0.2799252349544211,0.38693370891046375,0.05362288363780574,-0.9243316065227436,50.0,1.1758503637779345,-10.0,0.17821453859552913,-1.7179321350518308,-0.1238305852718482,-0.30204512386737736,0.07252281472201864,0.956705475426084,50.0,-1.6514103199516825,-10.0,-0.07324727954236661,-3.7499223092119007,0.26038258027499656,0.33362985981736315,0.028125812405153484,-0.5760063211461108,50.0,2.8486739889849213,-10.0,-0.29085401772244124,-0.9654416879635986,-0.2799252349544211,0.010928782768020118,0.008094941815057823,-0.9243316065227436,17.79153651003682,0.1240660833000046,-10.0,-0.3053066998094471,-1.317951066238456,-0.2799252349544211,0.02538146485502596,0.008959951508904045,-0.9243316065227436,50.0,0.35813247448261387,-10.0,-0.2815924187323637,-0.9269171661325717,-0.2799252349544211,0.0016671837779425602,0.0022443581653997335,-0.9243316065227436,0.277189536430814,-0.006334976643616232,-7.972761679348967
2.8000000000000003,-0.6007660839769475,6.609285988793735,-0.2891243475800535,0.311641736396894,0.05607837240289531,-0.9199112625632389,50.0,0.9448125460666903,-10.0,0.15036909575685084,-2.784544283867829,-0.11421953410027375,-0.2645886298571246,0.07015538285183417,0.9611051171574458,50.0,-1.3350291707751651,-10.0,-0.07787613268411439,-0.46288531417477774,0.25445805384494885,0.3323341865290632,0.031495442801861596,-0.5924526430047705,50.0,2.8526576536310158,-10.0,-0.30171395932411627,-1.0859941601675052,-0.2891243475800535,0.012589611744062756,0.0083294373485152,-0.9199112625632389,24.700814792218512,0.1749969330513433,-10.0,-0.3176640641574695,-1.2357364348022448,-0.2891243475800535,0.028539716577415997,0.009368922318158428,-0.9199112625632389,50.0,0.41480038289081683,-10.0,-0.2907841352119217,-0.9191716479558045,-0.2891243475800535,0.0016597876318681926,0.0023528732065139957,-0.9199112625632389,0.29029613883677036,0.012573478984138528,-7.848109670437249
2.81,-0.5285209937052894,7.224509027165815,-0.2982778041195667,0.23024318958572265,0.057658353396035956,-0.9153456539513216,50.0,0.6283704201265811,-10.0,0.11256292939828463,-3.7806166358566204,-0.10456790127210372,-0.21713083067038835,0.06836213620871597,0.9651632828170026,50.0,-0.9978813152186484,-10.0,-0.05093416982655767,2.6941962857556723,0.24837280625419234,0.29930697608075,0.034219092934093524,-0.6085247590756515,50.0,2.4418908528081924,-10.0,-0.3135131055627337,-1.1799146238617453,-0.2982778041195667,0.015235301443166982,0.008599781825333046,-0.9153456539513216,36.313211153071244,0.2030518708924163,-10.0,-0.3287286141675612,-1.1064550010091734,-0.2982778041195667,0.030450810047994492,0.009784075918739291,-0.9153456539513216,50.0,0.43545555369905364,-10.0,-0.2999572803198123,-0.9173145107890557,-0.2982778041195667,0.0016794762002455554,0.002461399419595357,-0.9153456539513216,0.2921020179451765,0.0030075704992556847,-7.930784239014411
2.82,-0.4516008349221912,7.692015878309817,-0.3073841591360634,0.14421667578612785,0.05833131856606625,-0.9106355016496648,50.0,0.2738719661797171,-10.0,0.0662328402922227,-4.633008910606193,-0.09487911596652411,-0.1611119562587468,0.06721431753718911,0.9688785305579622,50.0,-0.6195608354766192,-10.0,0.00297506771148609,5.390923753804376,0.24213068107553148,0.2391556133640454,0.03607155669235355,-0.6242125178660851,50.0,1.683542336173167,-10.0,-0.3258161545983331,-1.230304903559939,-0.3073841591360634,0.0184319954622697,0.008907132270311736,-0.9106355016496648,50.0,0.2497215022744247,-10.0,-0.3381838262499724,-0.9455212082411178,-0.3073841591360634,0.030799667113909024,0.010186624710702492,-0.9106355016496648,50.0,0.4350273545405422,-10.0,-0.30907106109730886,-0.9113780777496581,-0.3073841591360634,0.0016869019612454905,0.0025694062469827778,-0.9106355016496648,0.36280725685460413,0.0051686327888574414,-7.912414850680432
2.83,-0.37152164569643176,8.007918922575943,-0.3164419746305226,0.055079671065909164,0.05808132338446775,-0.905781549445922,-9.475410275491168,-0.10183760028853413,6.288484521030272,0.01344250444043324,-5.279033585178946,-0.08515662056281922,-0.09859912500325246,0.06675622964567447,0.9722495403704886,33.626880688893635,-0.22785392979627772,-10.0,0.0765681743177789,7.359310660629281,0.23573562096901962,0.15916744665124072,0.036927300092803025,-0.6395060106511863,50.0,0.7072779676636751,-10.0,-0.33806430679999255,-1.2248152201659466,-0.3164419746305226,0.02162233216946996,0.00924583711402303,-0.905781549445922,50.0,0.29277649287226526,-10.0,-0.3459181488737879,-0.7734322623815527,-0.3164419746305226,0.02947617424326532,0.0105587296793733,-0.905781549445922,50.0,0.4077592289475244,-10.0,-0.3181330179036927,-0.9061956806383852,-0.3164419746305226,0.0016910432731701008,0.002676936247778317,-0.905781549445922,0.3741121069840802,0.006041550223414499,-7.900996492984776
2.84,-0.2903777723695894,8.114387332684235,-0.32544982026887553,-0.03507204789928614,0.05691916417220647,-0.900784563835294,28.88390592285368,-0.4659324483296181,10.0,-0.04328923760788523,-5.673174204831847,-0.07540386941731216,-0.032114631809426926,0.06700240074806339,0.9752751145507068,-7.446148495452998,0.1541741054232357,8.9715715158862,0.16072836832480225,8.416019400702334,0.22919166519168832,0.06846329686688607,0.03677033112140165,-0.6543955777331301,-50.0,-0.27749230327774,10.0,-0.34980304057961437,-1.1738733779621815,-0.32544982026887553,0.024353220310738832,0.009606756654926637,-0.900784563835294,50.0,0.326744623897251,-10.0,-0.3520480452674999,-0.6129896393711958,-0.32544982026887553,0.026598224998624354,0.010886010893296664,-0.900784563835294,50.0,0.35632693049210945,-10.0,-0.3271473675347312,-0.9014349631038545,-0.32544982026887553,0.0016975472658556923,0.0027840552167472596,-0.900784563835294,0.3694572977393229,0.007937862762905219,-7.904969483356593
2.85,-0.2100227234492834,8.0355048920306,-0.3344062736078747,-0.12438355015859132,0.0548717781814175,-0.8956453338999193,50.0,-0.7988236944249318,10.0,-0.10065862774311271,-5.736939013522748,-0.06562432763604552,0.03503430010706719,0.06792643765048634,0.9779541781266637,25.90320443445865,0.5183415206538099,10.0,0.243421138437927,8.269277011312475,0.22250294704626436,-0.02091819139166265,0.03573422150635378,-0.6688718145423961,50.0,-1.1129701297021881,10.0,-0.3606447587221536,-1.0841718142539276,-0.3344062736078747,0.026238485114278898,0.009977558687494819,-0.8956453338999193,50.0,0.3499889052697126,-10.0,-0.356893629212852,-0.4845583945352135,-0.3344062736078747,0.022487355604977277,0.011159340288799958,-0.8956453338999193,50.0,0.29211294882781547,-10.0,-0.33611092898189704,-0.8963561447165791,-0.3344062736078747,0.0017046553740223125,0.0028907373849591405,-0.8956453338999193,0.3108112566355585,0.005939642001090779,-7.894895451381943
2.86,-0.13251219865074892,7.751052479853447,-0.3433099203197101,-0.21079772166896116,0.05198869571674254,-0.8903646711835356,50.0,-1.0844610152091136,10.0,-0.15608699543373855,-5.542836769062584,-0.055821469843647796,0.10026552559009075,0.0694833765832935,0.9802857792397714,50.0,0.8408726078218233,10.0,0.31623906498494436,7.281792654701737,0.21567369127049224,-0.10056537371445212,0.034000388503739085,-0.682925577577212,50.0,-1.6965285903124059,10.0,-0.3703124309068451,-0.9667672184691519,-0.3433099203197101,0.027002510587135042,0.010344260515213083,-0.8903646711835356,50.0,0.35540369516991993,-10.0,-0.3609819548528837,-0.4088325640031704,-0.3433099203197101,0.01767203453317362,0.011376943890532011,-0.8903646711835356,33.896457597535374,0.2175470978375031,-10.0,-0.34502698228728457,-0.8916053305387504,-0.3433099203197101,0.0017170619675744847,0.0029970685376887606,-0.8903646711835356,0.32522028995089486,0.013214926534101445,-7.912185667871243
2.87,-0.0600770165329218,7.243518211782712,-0.35215935441535234,-0.29208233788243054,0.048343520516739964,-0.8849434095642261,50.0,-1.2853517755613648,10.0,-0.20702680807095836,-5.093981263721979,-0.04599877894881467,0.1610280291221437,0.07160305500088714,0.9822690894833147,50.0,1.1548334762484422,10.0,0.3712792098410565,5.504014485611213,0.2087082113686922,-0.1625709984723643,0.031824277070454314,-0.6965479901800048,50.0,-1.9575446440499982,10.0,-0.37867693909119915,-0.8364508184354,-0.35215935441535234,0.026517584675846806,0.010693081443815092,-0.8849434095642261,50.0,0.3448572007149895,-10.0,-0.3651122192503784,-0.4130264397494696,-0.35215935441535234,0.012952864835026057,0.01154777518285722,-0.8849434095642261,17.399632134212226,0.15131751281287398,-10.0,-0.3538857588770913,-0.8858776589806725,-0.35215935441535234,0.0017264044617389396,0.0031029203482042175,-0.8849434095642261,0.3369313199354864,0.011735585961233638,-7.907861249287957
2.88,0.004959251172458601,6.50362677053804,-0.36095317846657177,-0.36591242963903037,0.04403403354329586,-0.8793824051219423,50.0,-1.360963633655229,10.0,-0.2511809650645649,-4.415415699360656,-0.03615974490685011,0.21502122015771477,0.07419480877240034,0.983903404196454,50.0,1.4176263600741703,10.0,0.40254222118987076,3.1263011348814267,0.20161090688726613,-0.20093131430260464,0.02950233381394013,-0.7097304481426064,50.0,-1.92277214280836,10.0,-0.38577227659670754,-0.7095337505508419,-0.36095317846657177,0.024819098130135775,0.011012225800171534,-0.8793824051219423,50.0,0.31452330400500866,-10.0,-0.3699987653876279,-0.4886546137249508,-0.36095317846657177,0.009045586921056115,0.011687096513440276,-0.8793824051219423,10.886564614637589,0.09414053819302304,-10.0,-0.36268758461539236,-0.8801825738301094,-0.36095317846657177,0.0017344061488205886,0.003208282667075434,-0.8793824051219423,-0.04160187771301718,-0.010041273744938455,-7.924576492966941
2.89,0.06033103505360669,5.537178388114809,-0.36969000382660927,-0.430021038880216,0.039180105315682216,-0.8736825360037503,50.0,-1.354800974857661,10.0,-0.28654300108442243,-3.536203601985754,-0.026307863479698573,0.26023513760472383,0.07715078050864616,0.9851881427151488,50.0,1.6522370761571112,10.0,0.4063506820270119,0.38084608371411344,0.1943862606358418,-0.2119644213911701,0.02734460499165702,-0.7224646251424327,50.0,-1.6888641463588792,10.0,-0.391789198882667,-0.6016922285959453,-0.36969000382660927,0.02209919505605773,0.011293386973591705,-0.8736825360037503,50.0,0.2799229659962835,-10.0,-0.37613495451683954,-0.6136189129211668,-0.36969000382660927,0.006444950690230267,0.011812907911634696,-0.8736825360037503,5.758169414938423,0.0990022423347819,-10.0,-0.3714237055075781,-0.8736120892185713,-0.36969000382660927,0.0017337016809688133,0.00331298089280698,-0.8736825360037503,-0.1002860806529243,0.006870857744091234,-7.872664785681861
2.9,0.10403004564455497,4.369901059094828,-0.3783684508494598,-0.4823984964940148,0.03391913024483259,-0.8678447022850533,50.0,-1.248528993429766,10.0,-0.31146010264171425,-2.491710155729182,-0.01644663499392116,0.29501346764779307,0.08035008620069702,0.9861228485777362,50.0,1.7342614991228766,10.0,0.38158003298293613,-2.4770649044075785,0.18703883585584244,-0.1945411971270937,0.02564689951082684,-0.7347424779999362,50.0,-1.3511990485099192,10.0,-0.397048648943926,-0.5259450061258982,-0.3783684508494598,0.018680198094466194,0.011532783455148958,-0.8678447022850533,35.89465533428553,0.23928211998246773,-10.0,-0.38384127145600255,-0.7706316939163033,-0.3783684508494598,0.00547282060654275,0.011944699287091753,-0.8678447022850533,5.24502354926458,0.11663656351685517,-10.0,-0.38011654372759096,-0.8692838220012892,-0.3783684508494598,0.0017480928781311578,0.0034173902037884204,-0.8678447022850533,0.13716082142720684,0.01376009124789154,-7.956700530299329
2.91,0.13452591674102113,3.049587109646615,-0.3869871491077356,-0.5215130658487567,0.02839904087538036,-0.861869825827577,50.0,-1.065534280921231,10.0,-0.3247133740321892,-1.325327139047492,-0.006579563097043,0.3181338109351462,0.08366395702395323,0.9867071896878188,50.0,1.8454558403087697,10.0,0.32968978570205815,-5.189024728087798,0.17957327333823725,-0.1501165123638209,0.02466463685999741,-0.746556251760519,50.0,-0.8077169018527056,10.0,-0.4020967148057385,-0.5048065861812511,-0.3869871491077356,0.015109565698002925,0.011734359770747112,-0.861869825827577,23.464790390914235,0.2055286134281066,-10.0,-0.39323432982257595,-0.9393058366573416,-0.3869871491077356,0.006247180714840372,0.01210110167790589,-0.861869825827577,7.777045490009988,0.11662728933859373,-10.0,-0.38872653672149104,-0.8609992993900101,-0.3869871491077356,0.001739387613755472,0.0035208840098649758,-0.861869825827577,-0.11242646631198391,0.01979377457289743,-7.834873510992144
2.92,0.1509551395691291,1.6429222828107952,-0.3955447376090692,-0.5464998771781984,0.022769749875317297,-0.8557588501333702,50.0,-0.8655313004278519,10.0,-0.32561427897286815,-0.09009049406789638,0.0032898464872741736,0.3289041254601423,0.08696200732796144,0.9869409584317146,50.0,1.7841297917076384,10.0,0.25455133017624954,-7.513845552580862,0.17199428849232692,-0.08255704168392261,0.02459045099841627,-0.7578984845910325,50.0,-0.2840824141483508,10.0,-0.40743282845771284,-0.5336113651974362,-0.3955447376090692,0.011888090848643618,0.01190660181575329,-0.8557588501333646,14.730870275693078,0.13062838738088495,-10.0,-0.40422593139574997,-1.0991601573174052,-0.3955447376090692,0.008681193786680752,0.012297829631504439,-0.8557588501333646,15.7578383875991,0.24518834359152983,-10.0,-0.3973079294616929,-0.8581392740201838,-0.3955447376090692,0.0017631918526236912,0.0036243298557932318,-0.8557588501333646,0.8665386164249305,0.043417561996798235,-7.873017499289982
2.93,0.15321078624621606,0.22556466770869732,-0.40403986501103467,-0.5572506512572507,0.01717468689597392,-0.8495127401965452,50.0,-0.6026994153712955,10.0,-0.31410109928537344,1.1513179687494717,0.013158087204799874,0.3272591864901733,0.09011946739598822,0.9868240717525734,50.0,1.5682815973085615,10.0,0.16208565800971872,-9.246567216653082,0.16430666836738192,0.0022210103576632,0.02553731782365821,-0.7687620124945005,4.564244352173676,0.3562125600168613,-10.0,-0.4134517836736663,-0.6018955215953455,-0.40403986501103467,0.009411918662631635,0.012060910554539143,-0.8495127401965452,10.522960906820602,0.11695479854097054,-10.0,-0.4165067466899586,-1.2280815294208591,-0.40403986501103467,0.012466881678923902,0.012545306601235763,-0.8495127401965452,30.63493115906241,0.33109511335600794,-10.0,-0.4058411588964856,-0.8533229434792664,-0.40403986501103467,0.0018012938854509164,0.0037276750889956678,-0.8495127401965452,0.4006739556594075,0.016055385843018438,-8.012973152756796
2.94,0.14194388552359224,-1.126690072262381,-0.4124711898345359,-0.5544150753581282,0.011743205149618876,-0.8431324823501285,50.0,-0.3799517593856604,10.0,-0.29091989461724665,2.318120466812678,0.023021652916595033,0.3139415475338417,0.09302707082464537,0.9863565711795141,50.0,1.234179736660709,10.0,0.06143081002858139,-10.065484798113733,0.15651526862904552,0.09508445860046413,0.027494710889474226,-0.7791399738336396,50.0,1.0999267875823857,-10.0,-0.42042082797194186,-0.6969044298275547,-0.4124711898345359,0.007949638137405957,0.012210097378895958,-0.843132482350123,9.283293360026047,0.1264397047042611,-10.0,-0.42954405684625396,-1.3037310156295363,-0.4124711898345359,0.017072867011718063,0.012846408372915898,-0.843132482350123,50.0,0.39729988539426764,-10.0,-0.414263351974049,-0.8422193077563437,-0.4124711898345359,0.0017921621395131093,0.0038298186411664333,-0.843132482350123,0.6263798473002018,0.006572493404250847,-7.860365547180623
2.95,0.11822357725952043,-2.3720308264071814,-0.42083738067564513,-0.5390609579351655,0.0065897986529079395,-0.8366190841109233,50.0,-0.19202021457450433,10.0,-0.2573839067121803,3.3535987905066325,0.032877039144729704,0.29026094585691004,0.09559432040416381,0.9855386228134699,50.0,0.8367203568338332,10.0,-0.03911430996809409,-10.054511999667548,0.14862501049238863,0.18773932046048272,0.03037755529404581,-0.7890258136656891,50.0,1.9686733076661487,-10.0,-0.42848266853875044,-0.8061840566808574,-0.42083738067564513,0.00764528786310531,0.012367168663195097,-0.8366190841109233,5.865264485164775,0.14665500520892874,-10.0,-0.44256880474253113,-1.3024747896277145,-0.42083738067564513,0.021731424066885996,0.01319397009254753,-0.8366190841109233,50.0,0.5367288522260643,-10.0,-0.4226415328673528,-0.8378180893303783,-0.42083738067564513,0.001804152191707653,0.003931641972016548,-0.8366190841109233,0.656373802644639,0.02880478370829348,-7.857709408761516
2.96,0.08333099561462609,-3.489258164489433,-0.4291371164158434,-0.5124681120304695,0.0018140433490521878,-0.8299735740198266,50.0,-0.025032120982934156,10.0,-0.2153244223404232,4.205948437175711,0.04272074431740369,0.2580451666578269,0.09775417722702451,0.9843705172673994,50.0,0.42394636382364526,10.0,-0.13114077723793333,-9.202646726983925,0.14064087761356547,0.2717816548514988,0.03401563651525919,-0.7984132878823158,50.0,2.9173072807388523,-10.0,-0.4376665908026824,-0.9183922263931923,-0.4291371164158434,0.008529474386838987,0.012544302629702807,-0.8299735740198266,12.239510431058514,0.18376446710694294,-10.0,-0.45494498605649925,-1.2376181313968113,-0.4291371164158434,0.025807869640655845,0.013575810602093771,-0.8299735740198266,50.0,0.6037052956942774,-10.0,-0.4309761340464648,-0.8334601179112,-0.4291371164158434,0.0018390176306213868,0.004033378160113881,-0.8299735740198266,0.06857560591249508,0.013271383188926091,-7.944418126048096
2.97,0.03852611602569926,-4.480487958892683,-0.4373690864306446,-0.47589520245634387,-0.0024968598796219826,-0.8231970014801193,50.0,0.05555546203558431,10.0,-0.16687463181273463,4.844979052768857,0.05254927101304157,0.2194239028257762,0.09946391835000538,0.9828526695637885,-6.6939557709737985,-0.039058553560458564,-1.3477042645610235,-0.20682960773399117,-7.568883049605785,0.13256791294202994,0.33939752067602114,0.03816650002697998,-0.807296467153551,50.0,3.7865070174289333,-10.0,-0.44783506774478415,-1.0168476942101783,-0.4373690864306446,0.01046598131413956,0.012750647212265221,-0.8231970014801193,18.796485499996987,0.21973538171620022,-10.0,-0.4661161681233729,-1.11711820668737,-0.4373690864306446,0.028747081692728327,0.01397499323968979,-0.8231970014801193,50.0,0.6165049946450879,-10.0,-0.43922874121968264,-0.825260717321785,-0.4373690864306446,0.0018596547890380455,0.0041345007797364405,-0.8231970014801193,0.06189635351685825,0.02414066563200521,-7.924432825772979
2.98,-0.015099270237084579,-5.362538626278384,-0.4455319907965548,-0.43043272055947024,-0.006264933222588847,-0.8162904365910217,50.0,0.13980932165044052,10.0,-0.11474970360345357,5.212492820928104,0.06235912720290807,0.17710883080636164,0.1007137573759762,0.9809856189866489,-50.0,-0.3890376130964641,-10.0,-0.25942775569321463,-5.259814795922347,0.12441121553529856,0.3838389712285132,0.04253087121885735,-0.8156697406731417,50.0,4.5215336972480245,-10.0,-0.45872583294737884,-1.0890765202594692,-0.4455319907965548,0.013193842150824031,0.012991493285799407,-0.8162904365910217,27.713144089165436,0.2803807319624031,-10.0,-0.47567530614870274,-0.9559138025329793,-0.4455319907965548,0.030143315352147926,0.014372017773464568,-0.8162904365910217,50.0,0.620717164037651,-10.0,-0.44740673298920247,-0.8177991769519829,-0.4455319907965548,0.0018747421926476604,0.0042350281193581155,-0.8162904365910217,0.4380521002157399,0.004514755196019817,-7.931266999696885
2.99,-0.07669842005314949,-6.159914981606491,-0.45362454049634815,-0.3769261204431987,-0.009418202928860184,-0.8092549699793339,50.0,0.1461750814837659,10.0,-0.061217401763525,5.353230183992857,0.07214682749181019,0.1333642292553352,0.10151207665013026,0.9787700288902135,-50.0,-0.634178045503874,-10.0,-0.2843047779145489,-2.4877022221334237,0.11617593733827973,0.40048071525282863,0.046784448593598975,-0.8235278197018803,50.0,4.883327145848399,-10.0,-0.46995495423070566,-1.1229121283326826,-0.45362454049634815,0.016330413734357507,0.01326708863597625,-0.8092549699793339,42.24603824321435,0.3375320210395967,-10.0,-0.4834256188944128,-0.7750312745710064,-0.45362454049634815,0.029801078398064673,0.014747531684902317,-0.8092549699793339,50.0,0.5826909823009989,-10.0,-0.45550582533112716,-0.8099092341924659,-0.45362454049634815,0.0018812848347790068,0.004334831891125153,-0.8092549699793339,1.0547646261779728,0.011675938980006035,-7.871820866827069
3.0,-0.14564094583954212,-6.8942525786392626,-0.4616454576226141,-0.316004511783072,-0.011888822788826978,-0.8020917126265958,50.0,0.14543274024629996,10.0,-0.00772761863910959,5.348978312441541,0.08190889435643964,0.08963651299554923,0.1018735439488416,0.9762066864629451,-50.0,-0.7713050167733618,-10.0,-0.2796326006153671,0.4672177299181799,0.1078672799291927,0.3874998805445598,0.050612725626052756,-0.8308657409087039,50.0,4.762873602118719,-10.0,-0.48101731972401235,-1.106236549330671,-0.4616454576226141,0.01937186210139824,0.0135714309119233,-0.8020917126265958,50.0,0.3827029966889171,-10.0,-0.4894087106577163,-0.5983091763303475,-0.4616454576226141,0.027763253035102187,0.015084995132886372,-0.8020917126265958,50.0,0.5222995120993718,-10.0,-0.4635493463820911,-0.8043521050963927,-0.4616454576226141,0.0019038887594770015,0.004434305989229562,-0.8020917126265958,0.323160494627753,0.01570673971468734,-7.914851734826277
3.0100000000000002,-0.2214372755512405,-7.579632971169836,-0.4695934755795577,-0.24815620002831723,-0.013612421491993168,-0.7948017956943609,50.0,0.11354594031923433,10.0,0.04475802745317204,5.248564609228163,0.09164185938092356,0.04688383192775152,0.1018175258071963,0.9732965024483925,-36.43335012131561,-0.7961135950876198,-10.0,-0.24644864916194292,3.318395145342416,0.09949049123413983,0.34593914039608276,0.05374027751547934,-0.8376788695052872,50.0,4.146345350679149,-10.0,-0.4914470017193379,-1.0429681995325542,-0.4695934755795577,0.0218535261397802,0.013894262993274358,-0.7948017956943609,50.0,0.4279623190099033,-10.0,-0.4938942123589223,-0.44855017012060006,-0.4695934755795577,0.024300736779364562,0.015372857517692079,-0.7948017956943609,50.0,0.4374205533015434,-10.0,-0.47151811276266803,-0.7968766380576933,-0.4695934755795577,0.0019246371831103115,0.0045332400248664344,-0.7948017956943609,0.3004920902609315,0.012810948392073978,-7.924266864815122
3.02,-0.3036362765111915,-8.219900095995104,-0.47746733928300716,-0.17383106277181565,-0.014528742110111815,-0.7873863703449446,50.0,0.06359724156609592,10.0,0.09575688050709386,5.099885305392182,0.10134226448913251,0.005585383982038658,0.10136339111647746,0.970040510820895,-4.1062756907595075,-0.7466001821734075,-10.0,-0.1885468214424857,5.790182771945725,0.09105086221240398,0.2795976836548897,0.05595723607483367,-0.8439629021735839,50.0,3.057593035854346,-10.0,-0.5009256864697195,-0.9478684750381566,-0.47746733928300716,0.023458347186712303,0.014223633312645298,-0.7873863703449446,50.0,0.4450773941087385,-10.0,-0.49734200558337377,-0.34477932244514986,-0.47746733928300716,0.019874666300366606,0.015606082112940258,-0.7873863703449446,43.14732498590169,0.3395038035805964,-10.0,-0.47940631219078156,-0.7888199428113511,-0.47746733928300716,0.0019389729077743945,0.004631511748225314,-0.7873863703449446,0.4707304610162677,0.011635376974213048,-7.904979630696745
3.0300000000000002,-0.391691088227124,-8.80548117159325,-0.48526580535860664,-0.09357471713148263,-0.014583941164267315,-0.7798466075599475,-0.27020583486588623,0.0016266149522928025,-0.08130692838428547,0.1451040666030155,4.934718609592165,0.11100666317332165,-0.03409740342969385,0.10052894522122131,0.966439868418914,22.514930128390468,-0.6658645310142174,-10.0,-0.11198702153488733,7.655979990759835,0.0825537235145652,0.19454074504945254,0.057137045526252206,-0.8497138697838774,50.0,1.6648530101497574,-10.0,-0.5092610078560919,-0.8335321386372339,-0.48526580535860664,0.023995202497485213,0.014546938551483873,-0.7798466075599475,50.0,0.44334148303669807,-10.0,-0.5004163813378082,-0.3074375754434386,-0.48526580535860664,0.015150575979201553,0.015788331630276622,-0.7798466075599475,23.869240860293363,0.24549478526542584,-10.0,-0.48721997039195813,-0.7813658201176579,-0.48526580535860664,0.001954165033351496,0.004729189980570594,-0.7798466075599475,0.4834973160408584,0.011171960436864543,-7.896564206701805
3.04,-0.4844805256794028,-9.278943745227883,-0.4929876423381602,-0.008507116658757419,-0.013741117956332101,-0.7721836979553587,-4.194253536858944,-0.06253803374632655,-10.0,0.1927467765384434,4.76427099354279,0.12063162171865661,-0.0721151548197868,0.09933136657366916,0.9624958545334961,42.98566765321631,-0.594274418661078,-10.0,-0.024308800215261578,8.767822131962575,0.07400444211554828,0.09831324233080986,0.05724339573636405,-0.8549281399016923,30.04050402710626,0.17274192637377564,-10.0,-0.5164152262427036,-0.7154218386611739,-0.4929876423381602,0.023427583904543414,0.014852756574395425,-0.7721836979553587,50.0,0.4313560168237851,-10.0,-0.5038840851577817,-0.34677038199734955,-0.4929876423381602,0.010896442819621488,0.015931973096672568,-0.7721836979553587,12.335224329233915,0.1740884257251152,-10.0,-0.49496087544142253,-0.7740905049464388,-0.4929876423381602,0.0019732331032623063,0.004826331362097861,-0.7721836979553587,0.5288306371705956,0.012214245775749411,-7.919481088716886
3.0500000000000003,-0.5807221637212873,-9.624163804188441,-0.500631630854095,0.08009053286719225,-0.011977796247241334,-0.7643988515934785,50.0,-0.12276320686547633,-10.0,0.23857058644224566,4.5823809903802255,0.1302137204231971,-0.10835686601904856,0.09778955981444065,0.9582098704540478,50.0,-0.5544151908390046,-10.0,0.06601735855200783,9.03261587672694,0.06540841792472314,-0.0006089406272846848,0.0563340447424185,-0.8596024190825141,0.9377992013986219,-1.1883272574840473,10.0,-0.5224993563743731,-0.6084130131669411,-0.500631630854095,0.021867725520278047,0.015132275130914901,-0.7643988515934785,50.0,0.38128380814209767,-10.0,-0.5082844105488664,-0.44003253910847095,-0.500631630854095,0.0076527796947714055,0.01605250414753113,-0.7643988515934785,5.903573362340974,0.13981654686111133,-10.0,-0.5026181888728736,-0.7657313431451038,-0.500631630854095,0.0019865580187785614,0.0049227700766001576,-0.7643988515934785,0.41246425941052656,0.013060067150135328,-7.88903971140646
3.06,-0.6788242275653171,-9.81020638440299,-0.5081965638320115,0.17062766373330562,-0.009290498971467978,-0.7564932977916494,50.0,-0.14706464280616033,-10.0,0.28237742230752516,4.380683586527947,0.13974955481289877,-0.1426278674946264,0.09592521278084158,0.9535834389701681,50.0,-0.552077492653376,-10.0,0.14913684915338532,8.311949060137751,0.056771080375213175,-0.09236576877817215,0.05457919214862301,-0.8637337549509974,50.0,-2.240073708692938,10.0,-0.5277541040190676,-0.5254747644694607,-0.5081965638320115,0.019557540187056133,0.015380398009232406,-0.7564932977916494,42.86998856099804,0.33687414400584204,-10.0,-0.5139358682285584,-0.5651457679692046,-0.5081965638320115,0.005739304396546907,0.016166411768293518,-0.7564932977916494,4.935290319669005,0.13074422469515434,-10.0,-0.5102028172914717,-0.7584628418598138,-0.5081965638320115,0.00200625345946015,0.0050186788953807395,-0.7564932977916494,0.6761833371200962,0.0156657374122251,-7.885501280173189
3.0700000000000003,-0.7766938623257574,-9.786963476044026,-0.5156812466812977,0.26101261564445977,-0.005701676467418978,-0.7484682849286162,50.0,-0.12872907979551496,-10.0,0.32357044111075267,4.119301880322751,0.1492357368512099,-0.17433470425954278,0.09376993555021387,0.9486182038311114,50.0,-0.5875425728452519,-10.0,0.2177487044326311,6.86118552792458,0.04809788499453972,-0.1696508194380914,0.05219656540144964,-0.867319538067346,50.0,-2.8918647583127464,10.0,-0.5325771504641418,-0.4823046445074102,-0.5156812466812977,0.016895903782844113,0.01559758751151159,-0.7484682849286162,31.01401290763783,0.284243941206688,-10.0,-0.5209683492057091,-0.7032480977150677,-0.5156812466812977,0.005287102524411447,0.01628960760330914,-0.7484682849286162,4.857052787701318,0.15830584984139726,-10.0,-0.5177143905326322,-0.7511573241160591,-0.5156812466812977,0.0020331438513345734,0.005114126066305691,-0.7484682849286162,0.43140864437373755,0.003434736099154779,-7.910606738257459
3.08,-0.8719438027641789,-9.524994043842154,-0.5230844974837658,0.3488593052804131,-0.0012605840102306318,-0.7403250802468175,50.0,-0.051247607466016205,-10.0,0.3614029277357465,3.7832486624993824,0.15866889614282087,-0.20273403159292563,0.09136427036803468,0.9433159291610982,50.0,-0.6074868447823826,-10.0,0.2659350429050731,4.818633847244197,0.03939430995880374,-0.22654073294626934,0.04944929468726253,-0.8703575035735961,50.0,-3.1454495781864926,10.0,-0.5374162895650059,-0.4839139100864111,-0.5230844974837658,0.014331792081240025,0.01578929682333263,-0.7403250802468175,21.921685741390494,0.24532551879313988,-10.0,-0.5293351036474611,-0.8366754441751968,-0.5230844974837658,0.006250606163695216,0.01643578120936361,-0.7403250802468175,8.608633176134695,0.20906508702118154,-10.0,-0.5251416482486254,-0.7427257715993194,-0.5230844974837658,0.002057150764859572,0.005208970151114219,-0.7403250802468175,0.4151617229096352,0.011568452747514077,-7.915532292541578
3.09,-0.9620480601081529,-9.010425734397401,-0.5304051471802936,0.4316429129278593,0.003956887692487702,-0.7320649696527792,50.0,0.13287933630094503,-10.0,0.39512479299052417,3.372186525477767,0.168045681131153,-0.22707911185937116,0.08875626059689319,0.9376784988332137,50.0,-0.6551545841388476,-10.0,0.2895567629127344,2.3621720007661335,0.030665852632543775,-0.2588909102801906,0.046624168384384004,-0.8728457326259931,50.0,-3.0085826751757208,10.0,-0.5426353857114616,-0.5219096146455783,-0.5304051471802936,0.012230238531168003,0.015963790170108867,-0.7320649696527792,17.138633977849874,0.2154672216588721,-10.0,-0.5388161110144128,-0.9481007366951767,-0.5304051471802936,0.008410963834119212,0.016614700921374317,-0.7320649696527792,14.78569094143826,0.30493116992851804,-10.0,-0.5324810472298653,-0.73393989812399,-0.5304051471802936,0.0020759000495716995,0.005303123141422335,-0.7320649696527792,0.38819593715782474,0.011378593590730323,-7.92281191067234
3.1,-1.0444935735170044,-8.244551340885154,-0.5376420397554306,0.5068515337615739,0.009849858164191956,-0.7236892575136933,50.0,0.4219607466430647,-10.0,0.424133232527221,2.9008439536696833,0.17736276028914855,-0.24677047223807247,0.0859984714791455,0.9317079157995511,50.0,-0.6705863717419219,-10.0,0.2865594560149888,-0.2997306897745635,0.021918026096486375,-0.2646414299185024,0.04400772715417644,-0.8747826536057435,50.0,-2.5406037807107493,10.0,-0.5484793432575116,-0.584395754604994,-0.5376420397554306,0.010837303502081008,0.016130602780590177,-0.7236892575136933,13.474963041399251,0.18853936941029054,-10.0,-0.5490427172309909,-1.0226606216577976,-0.5376420397554306,0.011400677475560284,0.0168309737582957,-0.7236892575136933,25.169504561533618,0.3486727786696625,-10.0,-0.5397284718715024,-0.7247424641637035,-0.5376420397554306,0.0020864321160718458,0.005396461708999424,-0.7236892575136933,0.2182951214277284,0.026465341841385118,-7.81389312670595
3.11,-1.1169108301085389,-7.241725659153444,-0.5447940324199454,0.5721167976885935,0.016295198706993235,-0.7151992664514828,50.0,0.7265485229947546,-10.0,0.4480755238496364,2.394229132241535,0.1866168233029471,-0.2614587005466893,0.08314446156045445,0.9254063013798552,50.0,-0.712896048624229,-10.0,0.2571535114219264,-2.940594459306238,0.013156355665369846,-0.24399715575655653,0.0418618150425415,-0.876167043111653,50.0,-1.8959851175871865,10.0,-0.5550885951679256,-0.660925191041407,-0.5447940324199454,0.01029456274798024,0.016299640927174116,-0.7151992664514828,14.412133703671657,0.21073396659300617,-10.0,-0.5595159815230704,-1.0473264292079536,-0.5447940324199454,0.014721949103124965,0.017082925892247747,-0.7151992664514828,40.050520922860784,0.4826999316524355,-10.0,-0.5469237667502799,-0.7195294878777451,-0.5447940324199454,0.0021297343303344762,0.005489712001090543,-0.7151992664514828,0.6014594876318033,0.006094364343207614,-7.963267003114808
3.12,-1.1771794627622738,-6.026863265373495,-0.5518599957912885,0.6253194669709853,0.023151079703240436,-0.7065963371343131,50.0,1.1111526210327562,-10.0,0.46686980757697216,1.879428372733579,0.19580458224802458,-0.2710652253289476,0.08024586646989161,0.9187758945077451,50.0,-0.7492373835510447,-10.0,0.20382403188538534,-5.332947953654106,0.004386375398028399,-0.19943765648735695,0.04040073327303334,-0.8769980267341465,50.0,-1.1029095864397327,10.0,-0.5624786797763567,-0.7390084608431093,-0.5518599957912885,0.010618683985068156,0.01647972861310911,-0.7065963371343131,16.171722117559625,0.25267750078775975,-10.0,-0.5696365951917328,-1.0120613668662428,-0.5518599957912885,0.017776599400444293,0.017361898022938815,-0.7065963371343131,50.0,0.5196538336409543,-10.0,-0.5540085827053385,-0.708481595505861,-0.5518599957912885,0.0021485869140499547,0.005582046029781629,-0.7065963371343131,0.8961405759351924,0.01836194062582722,-7.881256557014842
3.13,-1.223512669000065,-4.633320623779118,-0.5588388140719323,0.6646738549281328,0.030261150314899676,-0.6978818280643728,50.0,1.7340515113792598,-10.0,0.48063615085850675,1.3766343281534565,0.20492277275737553,-0.2757133781011312,0.07735106925606497,0.9118190509350976,50.0,-0.44088887450786246,-10.0,0.13114606979201576,-7.267796209336959,-0.004386375398028142,-0.1355324451900439,0.0397721884420666,-0.8772750796056522,50.0,-0.24787694931964918,10.0,-0.5705684297945864,-0.8089750018229795,-0.5588388140719323,0.011729615722654185,0.016677922270517946,-0.6978818280643728,24.5356304648268,0.3810393054805205,-10.0,-0.5788604272219892,-0.9223832030256323,-0.5588388140719323,0.020021613150056905,0.017654352474741945,-0.6978818280643728,50.0,0.8434222824962544,-10.0,-0.5610115459019582,-0.700296319661973,-0.5588388140719323,0.0021727318300259757,0.005673802980048086,-0.6978818280643728,-1.1213178651356501,0.16139525188139664,-7.890706634859762
3.14,-1.2545323428432273,-3.1019673843162385,-0.5657293852255689,0.6888029576176584,0.037459376629507886,-0.6890571153636671,50.0,1.8656255458024582,-10.0,0.48955823135541443,0.892208049690767,0.21396815518133014,-0.27559007617408426,0.07450594768935505,0.904538242395464,50.0,-0.869025279859504,-10.0,0.04540751935151388,-8.573855044050188,-0.013156355665369589,-0.05856387501688347,0.04004393519630278,-0.8769980267341444,-50.0,0.7263654684397611,-10.0,-0.5791539589099547,-0.8585529115368211,-0.5657293852255689,0.013424573684385765,0.016898023298515488,-0.6890571153636671,24.71410070110626,0.3152625923035801,-10.0,-0.5868644841599481,-0.8004056937958952,-0.5657293852255689,0.02113509893437915,0.017945744033465324,-0.6890571153636671,50.0,0.5750284351950498,-10.0,-0.5679297284841175,-0.6918182582159228,-0.5657293852255689,0.002200343258548565,0.005764988238455164,-0.6890571153636671,-0.1144112999387861,0.03201541586518895,-7.863511603195509
3.15,-1.2692810549100475,-1.4748712066820222,-0.5725306211511352,0.6967504337589123,0.04457436808776521,-0.6801235925566251,50.0,2.2945741276758707,-10.0,0.4935199847793848,0.39617534239703456,0.22293751573858306,-0.27058246904080174,0.07176050546470733,0.8969360557252948,50.0,-0.8986948751597115,-10.0,-0.04335710014226947,-8.876461949378335,-0.021918026096486118,0.021439074045783352,0.041145972131698454,-0.876167043111653,50.0,1.568084628812475,-10.0,-0.5880126376052324,-0.8858678695277691,-0.5725306211511352,0.015482016454097192,0.017141430250009235,-0.6801235925566251,35.4025534747842,0.3879918182678604,-10.0,-0.5935345557753332,-0.6670071615385105,-0.5725306211511352,0.02100393462419803,0.01822248409586116,-0.6801235925566251,50.0,0.5365411485451211,-10.0,-0.5747707267620444,-0.6840998277926911,-0.5725306211511352,0.00224010561090926,0.005855799277343526,-0.6801235925566251,0.924714083353509,0.007005939685791764,-7.918226660279353
3.16,-1.267448887479127,0.18321674309205083,-0.5792414478546366,0.6882074396244904,0.05143812080970091,-0.6710826703501427,50.0,2.534099201060766,-10.0,0.4924157833292937,-0.11042014500910935,0.2318276676580374,-0.2605881156712563,0.06916566632249568,0.8890151919454359,50.0,-0.9284854630226635,-10.0,-0.12807599920425655,-8.47188990619871,-0.030665852632543518,0.09741014657171304,0.04296726258803545,-0.8747826536057393,50.0,2.417792775216619,-10.0,-0.5968035373412389,-0.8790899736006583,-0.5792414478546366,0.017562089486602317,0.017404960142235325,-0.6710826703501427,43.165883123006196,0.4237015249175459,-10.0,-0.5989254656084793,-0.5390909833146046,-0.5792414478546366,0.019684017753842653,0.018473233371731044,-0.6710826703501427,49.85013617011472,0.48715595310282245,-10.0,-0.5815118904649941,-0.6741163702949596,-0.5792414478546366,0.0022704426103574704,0.005945915340476597,-0.6710826703501427,0.8470412044883654,0.011909074066666714,-7.916577313062418
3.17,-1.2493019452430507,1.8146942236076367,-0.5858608056187415,0.6634411396243092,0.05789106278358323,-0.6619357764104938,50.0,2.5896373751995054,-10.0,0.4858952085346623,-0.6520574794631403,0.24063545231104755,-0.24525975622361473,0.06677827450820585,0.8807784653010131,50.0,-0.9710828176496795,-10.0,-0.2014984926590471,-7.342249345479054,-0.03939430995880348,0.16210418270024363,0.0453225293495858,-0.8728457326259959,50.0,3.1140369855873318,-10.0,-0.6051828223426575,-0.8379285001418566,-0.5858608056187415,0.01932201672391598,0.017681973159488672,-0.6619357764104938,49.3305229323921,0.43664761670328883,-10.0,-0.6032767913391512,-0.43513257306720154,-0.5858608056187415,0.0174159857204097,0.01869090648624186,-0.6619357764104938,37.170926738505585,0.3687643594195632,-10.0,-0.5881520728780429,-0.6640182413048896,-0.5858608056187415,0.0022912672593013994,0.0060352298372001005,-0.6619357764104938,0.20139321326351928,0.03133267668212597,-7.895740019310209
3.18,-1.2156636583775968,3.3638286865453857,-0.5923876491701254,0.6232760092074714,0.06378744000700341,-0.6526843551383887,50.0,2.696151697843223,-10.0,0.4735126183126715,-1.238259022199077,0.24935774033366614,-0.22415487797900535,0.06466055163063571,0.8722288022618596,50.0,-0.8865523179232222,-10.0,-0.2576028763400263,-5.610438368097921,-0.04809788499454008,0.20950499134548622,0.04797862309985045,-0.8703575035736599,50.0,3.6592968307557165,-10.0,-0.6128405648975926,-0.765774255493514,-0.5923876491701254,0.020452915727467214,0.017963079742312694,-0.6526843551383887,50.0,0.46929105761911977,-10.0,-0.6070900331270862,-0.38132417879349095,-0.5923876491701254,0.014702383956960774,0.018876062743690816,-0.6526843551383887,25.952847915032372,0.3346689951874091,-10.0,-0.5946975440731223,-0.6545471195079267,-0.5923876491701254,0.002309894902996823,0.006123783498180862,-0.6526843551383887,1.0192865773335147,0.010944655946666717,-7.813554772893994
3.19,-1.1678134831051252,4.785017527247157,-0.5988209478445299,0.5689925352605953,0.06899886360688465,-0.6433298674404453,50.0,2.556568383531636,-10.0,0.45490537300522144,-1.8607245307450047,0.2579914327384901,-0.1969139402667313,0.06287748468104289,0.8633692404823978,50.0,-0.8212382951790024,-10.0,-0.292262318285419,-3.4659441945392655,-0.05677108037521292,0.23549123791020607,0.050680129898406444,-0.8673195380672821,50.0,3.8254881658397544,-10.0,-0.6195882692270784,-0.6747704329485845,-0.5988209478445299,0.020767321382548554,0.01823822999943304,-0.6433298674404453,50.0,0.4734188644687595,-10.0,-0.610864934488252,-0.3774901361165769,-0.5988209478445299,0.012043986643722082,0.019034251623739694,-0.6433298674404453,17.331478380961503,0.25720862822384793,-10.0,-0.601173289251035,-0.6475745177912687,-0.5988209478445299,0.0023523414065050874,0.006212064364025039,-0.6433298674404453,0.5895543700032788,0.021433700458061606,-7.901610314826579
3.2,-1.107357048065835,6.045643503929013,-0.6051596857495172,0.5021973623163178,0.07341627287965491,-0.633873790498729,50.0,2.280973156231948,-10.0,0.4299805044874966,-2.4924868517724876,0.26653346201571915,-0.16344704247177744,0.061492262941502354,0.8542029277229024,50.0,-0.6621153168512425,-10.0,-0.3037063727763859,-1.144405449096689,-0.0654084179247235,0.23829795485166239,0.05317754999183273,-0.8637337549510599,50.0,3.638785119548925,-10.0,-0.6253426392451797,-0.5754370018101281,-0.6051596857495172,0.02018295349566257,0.018497603234570677,-0.633873790498729,48.37600408468731,0.437067931510314,-10.0,-0.615021370761752,-0.4156436273499991,-0.6051596857495172,0.009861685012234833,0.01917443283659704,-0.633873790498729,11.998027912446522,0.22111876580901751,-10.0,-0.6075470494321087,-0.6373760181073688,-0.6051596857495172,0.0023873636825915145,0.0062996756026616925,-0.633873790498729,0.4428818611255159,0.020657685724279905,-7.848515158350976
3.21,-1.036107731554583,7.124931651125198,-0.6114028619248905,0.42470486962969256,0.07695082841083932,-0.6243176175373288,50.0,1.8856490405987896,-10.0,0.3990537073021215,-3.092679718537512,0.2749807932230241,-0.12407291407909737,0.060560801772565134,0.8447331207304953,50.0,-0.46457673098200936,-10.0,-0.2926993895533373,1.100698322304861,-0.07400444211554742,0.2186949474377899,0.05525442963398015,-0.8596024190823892,50.0,3.067918338763649,-10.0,-0.6301493526822578,-0.4806713437078078,-0.6114028619248905,0.01874649075736734,0.01873313527651513,-0.6243176175373288,40.873454851665336,0.4065035058566013,-10.0,-0.6198528184199199,-0.48314476581678906,-0.6114028619248905,0.008449956495029443,0.019307246878129014,-0.6243176175373288,9.66825114745523,0.21992847672201496,-10.0,-0.6138334592338714,-0.6286409801762805,-0.6114028619248905,0.0024305973089809862,0.006386845673769129,-0.6243176175373288,0.8622555096731221,0.016267466320163525,-7.896693626655877
3.22,-0.9560061140396912,8.010161751489191,-0.6175494905007598,0.33845662353893136,0.0795343784710797,-0.614662857586934,50.0,1.3930753666713471,-10.0,0.3629077110347232,-3.6145996267398255,0.28333042506385037,-0.07957728597087282,0.06012648887553039,0.8349631840826266,31.992978318430954,-0.2460234980922799,-10.0,-0.26240845632608634,3.0290933227250956,-0.08255372351456557,0.17985473281152076,0.05675006762982284,-0.8549281399018172,50.0,2.1776466800395897,-10.0,-0.6342171946057575,-0.40678419234997865,-0.6175494905007598,0.016667704104997738,0.018940490736800104,-0.614662857586934,30.65733314495228,0.3468614517756456,-10.0,-0.6255102179733666,-0.5657399553446644,-0.6175494905007598,0.007960727472606788,0.01944342814838955,-0.614662857586934,9.438226200996157,0.23324683760279086,-10.0,-0.6200128077385552,-0.6179348504683716,-0.6175494905007598,0.0024633172377953594,0.00647327233119392,-0.614662857586934,0.7322758364459637,0.018996490476637318,-7.87578330217664
3.23,-0.8690772520358326,8.692886200385853,-0.6235986008532175,0.24547865118261514,0.08111987636286727,-0.6049110352457698,50.0,0.8682971671070168,-10.0,0.32279858658295035,-4.010912445177285,0.2915793909537628,-0.03121919562918757,0.06021538816375624,0.8248965889912419,0.876003139389929,0.011360465337234667,0.005769499934052123,-0.21799895350350226,4.440950282258408,-0.09105086221240373,0.12694809129109852,0.05757545351450799,-0.8497138697838191,50.0,1.1173494230254888,-10.0,-0.6378453058726008,-0.36281112668432725,-0.6235986008532175,0.014246705019383299,0.01911923889966237,-0.6049110352457698,21.92633397845439,0.2931067816276249,-10.0,-0.6320033809177887,-0.6493162944422171,-0.6235986008532175,0.008404780064571238,0.019592407578479486,-0.6049110352457698,11.377506696858363,0.2745826712666706,-10.0,-0.6260888272847999,-0.6076019546244703,-0.6235986008532175,0.0024902264315823652,0.006558934790972191,-0.6049110352457698,0.8066580922350421,0.011942293277124337,-7.845621568389897
3.24,-0.7774086918070362,9.166856022879646,-0.6295492377576165,0.1478594540494197,0.08168178530107349,-0.5950636904399009,50.0,0.2933385312196676,-8.509918771124848,0.2804871719714139,-4.231141461153648,0.2997247600744594,0.019237588103045544,0.06083087819090206,0.8145369120696633,7.707986029154181,0.24387020534391077,10.0,-0.16604971457671575,5.19492389267865,-0.09949049123413958,0.06655922334257616,0.05772155335866589,-0.8439629021735853,3.2841418989025057,0.030964908423061776,-1.6500506156991073,-0.6413403057223589,-0.3494999849758048,-0.6295492377576165,0.011791067964742385,0.019272099577807376,-0.5950636904399009,14.651031211218301,0.2418537764531754,-10.0,-0.6392091118541996,-0.7205730936410828,-0.6295492377576165,0.009659874096583088,0.019761063628809424,-0.5950636904399009,16.08402030569876,0.3288074620357797,-10.0,-0.6320679094092466,-0.5979082124446726,-0.6295492377576165,0.002518671651630111,0.006643912328732959,-0.5950636904399009,0.8289997564529609,0.0223993807383297,-7.8199444905305215
3.25,-0.6832236715245674,9.418502028246873,-0.6354004615394074,0.04782320998515999,0.0812181671981004,-0.5851223781790926,-16.05585934492751,-0.27414619087273967,7.872447866691351,0.23798964713300644,-4.2497524838407434,0.307763638415076,0.06977399128206954,0.06195359335210683,0.8038878340616562,50.0,0.4771647025092346,10.0,-0.1148101660114097,5.123954856530605,-0.10786727992919246,0.006942886082217242,0.057278586733835,-0.8376788695052872,-10.910331798719568,-0.9030639548895983,10.0,-0.6449862158666642,-0.36459101443053143,-0.6354004615394074,0.009585754327256724,0.019404416222522994,-0.5851223781790926,9.780666653800816,0.19726480328031376,-10.0,-0.6468755351381968,-0.7666423283997197,-0.6354004615394074,0.01147507359878941,0.01995247859763729,-0.5851223781790926,22.702637859211492,0.39339442175479705,-10.0,-0.6379545263783776,-0.5886616969130917,-0.6354004615394074,0.002554064838970138,0.006728319146813971,-0.5851223781790926,0.8417194416503782,0.02218086248415204,-7.820358682603009
3.2600000000000002,-0.5891419326877412,9.408173883682624,-0.6411513482225253,-0.05200941553478411,0.07975725565438431,-0.5750886683117851,50.0,-0.7964384849387786,10.0,0.19720599538229436,-4.078365175071207,0.31569316980041695,0.11848717441812259,0.06354630161379518,0.7929531385340971,50.0,0.6912433311527251,10.0,-0.07184128242234011,4.296888358906958,-0.1161759373382795,-0.04433465491593938,0.05640555134878491,-0.8308657409087039,50.0,-1.5758657052975125,10.0,-0.6490082625676517,-0.40220467009874494,-0.6411513482225253,0.007856914345126365,0.019523205832984135,-0.5750886683117851,6.934358293730959,0.1697432747438582,-10.0,-0.654663881900549,-0.7788346762352167,-0.6411513482225253,0.013512533678023742,0.020165487402041053,-0.5750886683117851,30.49433402993438,0.47211095983837265,-10.0,-0.6437446253086431,-0.5790098930265483,-0.6411513482225253,0.0025932770861177845,0.006812152906977804,-0.5750886683117851,0.8757651732857727,0.007625920467442887,-7.811089006962021
3.27,-0.4973948773974235,9.17470552903177,-0.6468009896752966,-0.14940611227787315,0.0773457239787024,-0.5649641452771359,50.0,-1.2473731593566688,10.0,0.1599124862241487,-3.7293509158145675,0.3235105369057377,0.16359805068158903,0.06555521721219253,0.7817367105320772,50.0,0.8774010887310529,10.0,-0.04273619006829327,2.9105092354046844,-0.12441121553529833,-0.08167502546700506,0.05529775017057439,-0.823527819701883,50.0,-1.924729074242274,10.0,-0.6535664389864646,-0.45581764188129753,-0.6468009896752966,0.006765449311167959,0.019636442090283944,-0.5649641452771359,5.742905386698545,0.1660191158198352,-10.0,-0.6621973394982519,-0.7533457597702895,-0.6468009896752966,0.015396349822955235,0.02039478547624763,-0.5649641452771359,37.93629287463496,0.5099877216679355,-10.0,-0.649437005438255,-0.5692380129611931,-0.6468009896752966,0.0026360157629583547,0.0068954368659035065,-0.5649641452771359,1.2850757518424631,0.022539294007871004,-7.802820223502478
3.2800000000000002,-0.4102325840295388,8.716229336788466,-0.6523484937538434,-0.24211590972430458,0.07405294194778052,-0.5547504078546761,50.0,-1.6086924667891023,10.0,0.12774115434248423,-3.217133188166447,0.3312129622577295,0.20347180791524527,0.06791164861016162,0.7702425351991782,50.0,1.005119693652727,10.0,-0.0316022854953759,1.113390457291737,-0.13256791294202971,-0.10096562744665381,0.05417675485037868,-0.8156697406731389,50.0,-1.9581224594414326,10.0,-0.6587409270280025,-0.5174488041537856,-0.6523484937538434,0.0063924332741590595,0.019752111303440914,-0.5547504078546761,5.375141418653424,0.18257839010738597,-10.0,-0.6691140387116443,-0.6916699213392489,-0.6523484937538434,0.016765544957800915,0.020631607917959566,-0.5547504078546761,42.563573889776954,0.5202451742633795,-10.0,-0.6550293551424478,-0.5592349704192769,-0.6523484937538434,0.0026808613886043497,0.0069781689768314776,-0.5547504078546761,0.7948868344621289,0.025915688270053125,-7.810449632479938
3.29,-0.32978955029629015,8.044303373324867,-0.6577929844429627,-0.3280034341466726,0.0699684772689813,-0.5444490689119341,50.0,-1.8423800319980261,10.0,0.10210662426222304,-2.5634530080261184,0.3387977092213407,0.23669108495911767,0.0705349047605554,0.7584746963611222,50.0,1.123455834920278,10.0,-0.04066637015768608,-0.9064084662310175,-0.1406408776135658,-0.09997450745587973,0.05326765062244298,-0.8072964671536093,50.0,-1.669172208946737,10.0,-0.6645282375529574,-0.5787310524954971,-0.6577929844429627,0.006735253109994677,0.01987733693979041,-0.5444490689119341,6.274163803371174,0.19329016191576398,-10.0,-0.6751456161815412,-0.6031577469896865,-0.6577929844429627,0.017352631738578483,0.02086545001004432,-0.5444490689119341,43.19617240669058,0.5221227697326833,-10.0,-0.6605160338569273,-0.5486678714479535,-0.6577929844429627,0.0027230494139645067,0.007060266258115918,-0.5444490689119341,1.252446275055579,0.02990242826235634,-7.7392265051910405
3.3000000000000003,-0.2579842162248592,7.180533407143097,-0.6631336019944604,-0.4051493857696012,0.06519893007057098,-0.5340617551497617,50.0,-1.919721979782636,10.0,0.08413387473887812,-1.797274952334492,0.3462620829720912,0.2621282082332131,0.07333591433812099,0.7464373750750486,50.0,1.1729471077170635,10.0,-0.07010635233506743,-2.9439982177381347,-0.14862501049238896,-0.07851865815732154,0.05277686386264358,-0.7984132878823158,50.0,-1.1287255260888558,10.0,-0.6708390874848307,-0.6310849931873296,-0.6631336019944604,0.007705485490370312,0.020017500294012846,-0.5340617551497617,9.0570300035413,0.24532059262528808,-10.0,-0.6801763079610575,-0.5030691779516351,-0.6631336019944604,0.017042705966597183,0.021086183987505454,-0.5340617551497617,39.9933686299118,0.5034888386193902,-10.0,-0.6659126301379694,-0.5396596281042112,-0.6631336019944604,0.0027790281435090547,0.00714202250236143,-0.5340617551497617,0.6794254035589296,-0.000881209729500957,-7.7643462011582836
3.31,-0.1964146257487505,6.1569590476108695,-0.668369503062914,-0.4719548773141635,0.05986368539266826,-0.5235901068453619,50.0,-1.9667334194465198,10.0,0.07458283058442965,-0.9551044154448481,0.3536034314535292,0.2790206008690995,0.07622163078835648,0.734134848143797,50.0,1.1388133174992634,10.0,-0.11805439130727041,-4.794803897220299,-0.15651526862904527,-0.03846087732177486,0.05287173547914786,-0.7890258136656308,24.675125991455698,-0.3728894335219449,10.0,-0.6775028084682427,-0.6663720983412035,-0.668369503062914,0.009133305405328751,0.020175470557900255,-0.5235901068453619,14.215693649318885,0.2929690011333928,-10.0,-0.684260691664883,-0.4084383703825491,-0.668369503062914,0.01589118860196903,0.0212859397105634,-0.5235901068453619,33.09745503841639,0.4314046576972344,-10.0,-0.6712085677414719,-0.5295937603502495,-0.668369503062914,0.002839064678557879,0.007223372525182033,-0.5235901068453619,1.0904046317103757,0.03013938306402983,-7.8209472787127865
3.3200000000000003,-0.14627234093272495,5.014228481602554,-0.6734998608388497,-0.5272275199061247,0.05408998734544676,-0.5130357775935623,50.0,-1.8555965643583514,10.0,0.07376801309692532,-0.08148174875043301,0.36081914631949646,0.28705113322257114,0.07910029029545723,0.7215714865967282,50.0,1.030691267809111,10.0,-0.1806607114477213,-6.260632014045089,-0.16430666836738222,0.01635404308033908,0.05366133911135576,-0.7791399738336952,15.699663366418221,0.5301479069950688,-10.0,-0.684279902266847,-0.6777093798604199,-0.6734998608388497,0.010780041427997267,0.02035104191016627,-0.5130357775935734,17.83877863421274,0.3361156756473852,-10.0,-0.687607456830221,-0.33467651653379926,-0.6734998608388497,0.014107595991371236,0.02146048332213049,-0.5130357775935734,24.609985698811215,0.36747056377587417,-10.0,-0.6763834761860482,-0.5174908444576343,-0.6734998608388497,0.002883615347198498,0.007303957763099782,-0.5130357775935734,0.4405353389521087,0.02545324455822045,-7.751133628788586
3.33,-0.10826970770460034,3.800263322812462,-0.6785238651793002,-0.5702541574746999,0.04800741943841851,-0.5024004340450472,50.0,-1.748142345304383,10.0,0.08138236993427218,0.7614356837346855,0.36790666386085913,0.28652429392658696,0.08188938966634962,0.7087517541362665,50.0,0.8595392380645718,10.0,-0.25108050074490573,-7.041978929718444,-0.1719942884923267,0.07908621225257903,0.0551563991268534,-0.7687620124944478,50.0,1.4851290469498817,-10.0,-0.6909023996260159,-0.6622497359168847,-0.6785238651793002,0.012378534446715661,0.020541052228225113,-0.5024004340450472,21.600507568737406,0.4019283310613507,-10.0,-0.6905244169868664,-0.2916960156645439,-0.6785238651793002,0.012000551807566207,0.02160965844177261,-0.5024004340450472,16.962179403639695,0.3015179620551897,-10.0,-0.6814538647196321,-0.5070388533583924,-0.6785238651793002,0.002929999540331907,0.007383961643838939,-0.5024004340450472,-1.9121918381881255,0.08311100211402879,-7.7406140401150445
3.34,-0.08276514541662339,2.550456228797696,-0.6834407227357411,-0.6006755773191177,0.04174561804234757,-0.491685755644089,50.0,-1.4594333717531145,10.0,0.0967834869203489,1.5401116986076715,0.37486346591638303,0.27807997899603415,0.08451617828644921,0.6956802055523903,50.0,0.6440955186629809,10.0,-0.3230877027494543,-7.200720200454857,-0.17957327333823755,0.14351442941121675,0.05731161544101104,-0.7578984845910852,50.0,2.568276262494113,-10.0,-0.6971063373149936,-0.6203937688977704,-0.6834407227357411,0.013665614579252527,0.020739747750907415,-0.491685755644089,26.55754933500279,0.40651673472265987,-10.0,-0.6933287465680372,-0.2804329581170878,-0.6834407227357411,0.009888023832296144,0.02173658197590728,-0.491685755644089,9.741077796532362,0.25127142447799866,-10.0,-0.6864224585693389,-0.4968593849706783,-0.6834407227357411,0.0029817358335978428,0.007463464940671987,-0.491685755644089,1.4682766977426434,0.028334877098038305,-7.67482404045738
3.35,-0.06982920130660754,1.2935944110015851,-0.6882496570793658,-0.6184204557727583,0.03543205404351982,-0.48089343436247267,50.0,-1.235489093913586,10.0,0.11895224807696762,2.216876115661872,0.3816870807674234,0.2627348326904558,0.08692183900178757,0.6823614851040383,50.0,0.4021452652653107,10.0,-0.3902122507474589,-6.712454799800461,-0.1870388358558422,0.20317341489161672,0.06001459506990726,-0.7465562517604635,50.0,3.585811065073342,-10.0,-0.7026553683463097,-0.5549031031316136,-0.6882496570793658,0.0144057112669439,0.020939295173890014,-0.48089343436247267,28.480669985136547,0.4090161165250813,-10.0,-0.69631787559873,-0.29891290306928325,-0.6882496570793658,0.008068218519364234,0.021847155451407852,-0.48089343436247267,7.350437345218003,0.18313815890066829,-10.0,-0.6912973993750292,-0.4874940805690266,-0.6882496570793658,0.0030477422956634026,0.0075426917716855234,-0.48089343436247267,0.9256028111324384,0.03082074484953058,-7.726918103875115
3.36,-0.06935963453326009,0.04695667733474451,-0.6929499088236946,-0.6235902742904345,0.029191455632882002,-0.4700251744328754,50.0,-1.0170414904525635,10.0,0.14661949419717918,2.766724612021157,0.38837508401611526,0.24175558981893608,0.0890627224387748,0.6688003248691843,38.04719191712465,0.13460450508219973,4.2314486372678255,-0.44632476881406824,-5.61125180666093,-0.1943862606358421,0.25193850817822616,0.06309510533235561,-0.7347424779999889,50.0,4.4265959184949475,-10.0,-0.7074012833318067,-0.47459149854970506,-0.6929499088236946,0.01445137450811218,0.021131268068826103,-0.4700251744328754,27.55873111603585,0.3864661485232777,-10.0,-0.6997142206308158,-0.3396345032085766,-0.6929499088236946,0.006764311807121226,0.02194876201979992,-0.4700251744328754,4.572297780684148,0.17608577091117794,-10.0,-0.69606183097407,-0.47644315990407765,-0.6929499088236946,0.003111922150375479,0.007621455309179686,-0.4700251744328754,1.5392904488572383,0.043049794186845174,-7.745257312849497
3.37,-0.08119235817085717,-1.1832723637597073,-0.6975407357444897,-0.6163483775736326,0.023146299093521644,-0.45908269207951546,50.0,-0.7747163957355376,10.0,0.17827755431914605,3.1658060121966867,0.39492509944675025,0.2166475451276042,0.09091261728883118,0.6550015430634992,-16.406260429926974,-0.09598876684850853,-1.8087316588403997,-0.4861937533526147,-3.986898453854649,-0.20161090688726593,0.2845828464653488,0.06633962364239457,-0.7224646251423827,50.0,4.970841682806485,-10.0,-0.711305846158721,-0.39045628269141575,-0.6975407357444897,0.01376511041423123,0.021307964801237558,-0.45908269207951546,21.665467714851488,0.36581528216421194,-10.0,-0.7036701915600477,-0.3955970929231935,-0.6975407357444897,0.006129455815558016,0.02204961628724782,-0.45908269207951546,4.780246096375619,0.18810816199687808,-10.0,-0.7007057250444467,-0.4643894070376669,-0.6975407357444897,0.0031649892999570106,0.007699544142883023,-0.45908269207951546,1.7258395009729233,0.03640140525999136,-7.621890584911632
3.38,-0.10517686717531533,-2.398450900445816,-0.702021412896962,-0.5968445457216467,0.01741769872634976,-0.44806771524723565,50.0,-0.5581259341443208,10.0,0.21230318452878696,3.4025630209640907,0.4013347998700339,0.18903161534124693,0.09246267714014723,0.6409700423283649,-43.68748958181554,-0.20617675696845342,-5.709738493612497,-0.506030852609228,-1.9837099256613309,-0.208708211368692,0.297322641240536,0.06951122104736605,-0.7097304481426092,50.0,5.0,-10.0,-0.7144592340322233,-0.31533878735023635,-0.702021412896962,0.012437821135261373,0.021463876891325197,-0.44806771524722455,16.93605573949584,0.32279993428608006,-10.0,-0.7082370772630419,-0.4566885702994133,-0.702021412896962,0.006215664366079898,0.02215744178793856,-0.44806771524722455,5.6740674141150205,0.20258834216409355,-10.0,-0.7052538351128192,-0.45481100683725334,-0.702021412896962,0.003232422215857289,0.007777349465725321,-0.44806771524722455,1.3840498956470249,0.04505085914415888,-7.6337504369627736
3.39,-0.14118714718984415,-3.6010280014528826,-0.7063912327302476,-0.5652040855404035,0.012125760671091017,-0.43698198332856597,50.0,-0.3430067951860042,10.0,0.2475001049797269,3.519692045093995,0.4076019079499272,0.16010180297020027,0.09371172596533983,0.626710807989328,-46.88114816288429,-0.27672514430573053,-7.367145646791688,-0.5041675666099902,0.18632859992377826,-0.21567369127049155,0.28849387533949866,0.07237752694076867,-0.6965479901799521,50.0,4.813415866080605,-10.0,-0.7170182368680358,-0.2559002835812419,-0.7063912327302476,0.010627004137788165,0.021595736961061204,-0.43698198332856597,13.527979304006202,0.2518826757415547,-10.0,-0.7133719686631703,-0.5134891400128475,-0.7063912327302476,0.006980735932922699,0.022278598061269073,-0.43698198332856597,7.962859959870293,0.2653240816561132,-10.0,-0.7096980737935665,-0.4444238680747236,-0.7063912327302476,0.0033068410633189105,0.007854860263165984,-0.43698198332856597,1.4734822767532423,0.03301969265081312,-7.63880724417023
3.4,-0.18910956133493295,-4.79224141450888,-0.7106495051991382,-0.5215399438642052,0.007389585373899853,-0.4258272468890545,50.0,-0.19458013497320079,10.0,0.2831042475123902,3.5604142532663317,0.4137241970127701,0.13061994950037986,0.09466188403501699,0.61222890628429,-38.43197648940256,-0.2702086834686483,-7.166529589568707,-0.48123161841280604,2.293594819718415,-0.22250294704626417,0.2587286713665419,0.07473545417246223,-0.6829255775772647,50.0,4.048212223676076,-10.0,-0.719186971308537,-0.21687344405012837,-0.7106495051991382,0.008537466109398872,0.021702798966560202,-0.4258272468890545,7.575342571248754,0.19427140175036028,-10.0,-0.7189368721936096,-0.5564903530439244,-0.7106495051991382,0.008287366994471412,0.02241712076651818,-0.4258272468890545,11.552685940405546,0.3163193984983862,-10.0,-0.7140307360673819,-0.43326622738153514,-0.7106495051991382,0.003381230868243712,0.007931999194586573,-0.4258272468890545,1.6079761619898538,0.03291270011106047,-7.590067630962175
3.41,-0.24879879819020995,-5.968923685527699,-0.7147955578730474,-0.46599675968283744,0.0033265101456242483,-0.41460526739092174,50.0,-0.07534471258199948,10.0,0.31868833726182555,3.558408974943534,0.41969949183841093,0.10101115457658538,0.0953161546832885,0.5975294825640853,-24.747941152202042,-0.23002312899939883,-5.785522620121899,-0.44002754980609254,4.120406860671348,-0.22919166519168768,0.21083588461440486,0.07643177233253916,-0.6688718145423517,50.0,2.8731907256346583,-10.0,-0.7212143380460707,-0.20273667375336948,-0.7147955578730474,0.006418780173023331,0.021787260435665774,-0.41460526739092174,3.74318125231246,0.1306612900554707,-10.0,-0.7247124918729884,-0.5775619679378742,-0.7147955578730474,0.00991693399994098,0.02257404630331138,-0.41460526739092174,16.4920810973501,0.37781049826689833,-10.0,-0.71825558732751,-0.42248512601281635,-0.7147955578730474,0.0034600294544626653,0.008008848001732483,-0.41460526739092174,1.3869304366001032,0.03859547381708957,-7.568384546041576
3.42,-0.3199950178625997,-7.119621967238976,-0.7188287360421955,-0.39883371817959584,5.013516055218763e-05,-0.4033178169148166,50.0,-0.012887153373990705,10.0,0.3540454171836853,3.5357079921859764,0.42552566943305037,0.07148025224936505,0.09567738640656354,0.5826177594639437,-11.484871868661244,-0.14355700698418883,-3.778908358772033,-0.3851630904857673,5.486445932032526,-0.23573562096901943,0.14942746951674787,0.07737740243450339,-0.6543955777331745,50.0,1.5005184399893536,-10.0,-0.723344087471191,-0.21297494251203136,-0.7188287360421955,0.004515351428995507,0.02185371144420693,-0.4033178169148166,2.1542570632734503,0.1284124123878837,-7.860584454568574,-0.73042072536706,-0.570823349407164,-0.7188287360421955,0.011591989324864493,0.02274704853150074,-0.4033178169148166,21.86180691160529,0.43647943270190814,-10.0,-0.7223702505933535,-0.4114663265843377,-0.7188287360421955,0.0035415145511579205,0.008085409779902495,-0.4033178169148166,1.7509442845902912,0.039990213298935144,-7.543440677694763
3.43,-0.4022037006433874,-8.22086827807877,-0.7227484028209955,-0.3205447021776081,-0.002333225033416017,-0.39196667787999573,50.0,0.04171749739374576,10.0,0.389052692062332,3.5007274878646677,0.43120065978353106,0.04214796772119905,0.09574879333498908,0.5674990350480691,-3.9288598362254095,-0.07704722826658847,-1.8968031339541256,-0.32246872769312485,6.269436279264249,-0.24213068107553135,0.0803380466175935,0.0775538392727529,-0.6395060106511918,7.374922901204414,0.08226862005891386,-2.4515184662332747,-0.7262440541744659,-0.28999667032748283,-0.7227484028209955,0.003495651353470408,0.021917667624774383,-0.39196667787999573,1.396438066779039,0.10953506146698486,-7.548855319413543,-0.7357625583081409,-0.5341832941080834,-0.7227484028209955,0.013014155487145351,0.022930608415783003,-0.39196667787999573,26.442606847330016,0.4699756261079863,-10.0,-0.7263714832611993,-0.40012326678457716,-0.7227484028209955,0.003623080440203763,0.00816165291098299,-0.39196667787999573,1.6798884533459877,0.043545978070336715,-7.49190137349111
3.44,-0.494582597416968,-9.237889677358057,-0.7265539392486248,-0.2319713418316568,-0.0037291494839967795,-0.38055364276292636,50.0,0.036823486817717556,10.0,0.4236397376129133,3.458704555058128,0.4367224465928033,0.013082708979890001,0.09553374996928216,0.5521786809272233,-0.3520189083685685,-0.024739888313755367,-0.5398463060717977,-0.259237212623625,6.323151506949988,-0.24837280625419217,0.01086440636943281,0.07703016818575223,-0.6242125178660823,-16.708325861547756,-1.1788117708759578,10.0,-0.7301014632834997,-0.3857409109033736,-0.7265539392486248,0.003547524034874905,0.02199171695621347,-0.38055364276292636,2.0094247861348085,0.1258063083132635,-8.862758166396755,-0.7404612091651689,-0.4698650857028015,-0.7265539392486248,0.013907269916544118,0.023116667623518723,-0.38055364276292636,28.693130579889086,0.47805021701379263,-10.0,-0.7302619608141134,-0.3890477552914194,-0.7265539392486248,0.0037080215654886617,0.008237637902167019,-0.38055364276292636,1.8184058031453907,0.040338529616644886,-7.4535237642570165
3.45,-0.5957769456202251,-10.119434820325715,-0.7302447443867662,-0.13446779876654114,-0.004061883989629619,-0.3690805138141462,43.66039100185826,0.006967425360085983,4.804582649415989,0.457548414692984,3.390867708007072,0.4420890679963068,-0.0154593466966772,0.09504006973151467,0.5366621403503524,0.11615891882368498,0.005801714532691487,0.20470605225579913,-0.20212921661549343,5.710799600813155,-0.25445805384494913,-0.052328837229455694,0.07593579985337635,-0.6085247590756959,50.0,-2.1539202076390507,10.0,-0.7346676270692306,-0.45661637857309756,-0.7302447443867662,0.00442288268246438,0.022081607420895426,-0.3690805138141462,3.4265855338582836,0.16340091631766995,-10.0,-0.7443236969107863,-0.3862487745617395,-0.7302447443867662,0.014078952524020028,0.0232960820262151,-0.3690805138141462,28.097314545409212,0.4651675786305249,-10.0,-0.7340409174136652,-0.37789565995517505,-0.7302447443867662,0.0037961730268989413,0.008313389198431526,-0.3690805138141462,1.9618870105639785,0.039021902503687506,-7.407677806694989
3.46,-0.7037782870688454,-10.800134144862026,-0.733820235414503,-0.030041948345657654,-0.003282290058599993,-0.3575491027736799,-12.90369639891061,-0.013623102100746791,-6.228823748254711,0.4903097392265811,3.276132453359711,0.44729861725901027,-0.04301112196757084,0.09428234526650299,0.520954926270345,-0.6512060914359139,0.022912635222782172,0.3584424133244406,-0.1562399271178032,4.5889289497690235,-0.26038258027499595,-0.10414265315719273,0.07443548042682753,-0.5924526430046817,50.0,-2.7475591677407776,10.0,-0.7396515673339689,-0.4983940264738298,-0.733820235414503,0.005831331919465832,0.022189760142737467,-0.3575491027736799,5.7336219307968355,0.21476544425122607,-10.0,-0.747277368795246,-0.29536718844597554,-0.733820235414503,0.013457133380742947,0.023460190078867123,-0.3575491027736799,24.33667521999231,0.41800351044168,-10.0,-0.7377086750654933,-0.36677576518281907,-0.733820235414503,0.003888439650990283,0.00838895117145971,-0.3575491027736799,2.0245176367866295,0.045924856485253206,-7.346511981421841
3.47,-0.8159932541025272,-11.22149670336818,-0.7372798477203544,0.07871340638217283,-0.0013730063244414463,-0.3459612305851345,50.0,-0.017905223480643405,-10.0,0.5213929577272338,3.1083218500652734,0.4523492434528668,-0.06904371427436701,0.09328107593875279,0.5050626193856544,-0.229461912738553,0.002115860349917977,0.058569020524295495,-0.12545475254247587,3.0785174575327328,-0.2661426434864579,-0.140687890943982,0.07272074977163444,-0.5760063211461941,50.0,-2.9664981022476637,10.0,-0.7449177716137663,-0.5266204279797355,-0.7372798477203544,0.007637923893411891,0.022318801424469563,-0.3459612305851345,9.378383111302844,0.273800336544936,-10.0,-0.7493767365771926,-0.20993677819465908,-0.7372798477203544,0.01209688885683824,0.023602152645254972,-0.3459612305851345,18.247041523741554,0.3564637466822837,-10.0,-0.7412679500968143,-0.3559275031321003,-0.7372798477203544,0.003988102376459968,0.00846442494553752,-0.3459612305851345,2.0759633435785276,0.04704575288901466,-7.303177189497507
3.48,-0.9295770290840507,-11.358377498152352,-0.7406230349914311,0.1889539940926196,0.0016523713662999846,-0.3343187271076742,50.0,0.046480965965132605,-10.0,0.5502624647515519,2.886950702431808,0.4572391521144388,-0.09302331263711316,0.09206214774213846,0.4889908661571962,2.0464626254835596,-0.006718617708104017,-0.5841582065123004,-0.11213540272521097,1.3319349817264905,-0.27173460529995125,-0.15959920257474028,0.07099156424771437,-0.5591961813493362,50.0,-2.815282052550694,10.0,-0.7502627742656663,-0.5345002651900068,-0.7406230349914311,0.009639739274235226,0.022468648843730912,-0.3343187271076742,14.147348514086035,0.3337940460447094,-10.0,-0.7507825812556993,-0.14058446785066986,-0.7406230349914311,0.010159546264268182,0.02371780655468272,-0.3343187271076742,12.204374710526713,0.2540514760467979,-10.0,-0.7447173910513296,-0.344944095451532,-0.7406230349914311,0.004094356059898496,0.008539862915681658,-0.3343187271076742,1.998034534726676,0.058947207177898704,-7.215328239132232
3.49,-1.041389056975365,-11.181202789131419,-0.7438492692997084,0.2975397876756566,0.005745889521969694,-0.3226234308277287,50.0,0.18713710129615396,-10.0,0.5764699302864967,2.6207465534944765,0.46196660588246297,-0.11450332440403377,0.09065503984274868,0.47274537680241924,8.659809005151718,-0.08092774501899402,-1.5742739359677655,-0.11698998753603262,-0.48545848108216516,-0.277154933712541,-0.1601649461765084,0.06943846063405751,-0.542032841258977,50.0,-2.355490426196031,10.0,-0.755434002297571,-0.5171228031904643,-0.7438492692997084,0.011584732997862557,0.022636208454028587,-0.3226234308277287,19.34123943243757,0.38452307855062917,-10.0,-0.7517178849361005,-0.09353036804011508,-0.7438492692997084,0.007868615636392073,0.023805845747850652,-0.3226234308277287,7.910499760488623,0.1972492594903223,-10.0,-0.7480628493284398,-0.33454582771101443,-0.7438492692997084,0.004213580028731401,0.008615453298740073,-0.3226234308277287,2.821297925666857,0.04835148054826485,-7.169057029182091
3.5,-1.1481573409134465,-10.676828393808153,-0.7469580411853889,0.40119929972805757,0.010825565358631084,-0.31087718856804836,50.0,0.3700724673528749,-10.0,0.5996967452596065,2.322681497310971,0.46652992511512537,-0.1331668201444811,0.08909110349157277,0.45633192326623995,19.701148284052636,-0.13062387587354898,-2.753631604400051,-0.13907152034697617,-2.2081532810943543,-0.28240020512862546,-0.14332868478164928,0.06822598911435045,-0.524527141608444,50.0,-1.6548153751390247,10.0,-0.7601605261469202,-0.47265238493491996,-0.7469580411853889,0.013202484961531313,0.02281549854213739,-0.31087718856804836,23.81473221868068,0.4030840305961877,-10.0,-0.7524291343644739,-0.07112494283733947,-0.7469580411853889,0.005471093179085007,0.023867669173925236,-0.31087718856804836,3.058712975970893,0.1343194200513881,-7.104327457181096,-0.7512998238963896,-0.3236974567949856,-0.7469580411853889,0.004341782711000719,0.008691240871529579,-0.31087718856804836,2.7354714681033463,0.0580299973950973,-7.173355081818923
3.5100000000000002,-1.2466269302931294,-9.846958937968296,-0.7499488597373539,0.4966780705557755,0.01677704195798567,-0.29908185519650354,50.0,0.7633476669064642,-10.0,0.619757225466001,2.006048020639452,0.47092748848683186,-0.14882973697916912,0.08740220131971714,0.4397563371706492,36.311918774616494,-0.23075690604479515,-4.18447370491801,-0.17588633491928407,-3.681481457230789,-0.287467106522354,-0.11158077160306995,0.06747832954404281,-0.5066901393728562,50.0,-0.7702594837202662,10.0,-0.764197066802125,-0.4036540655204788,-0.7499488597373539,0.014248207064771035,0.022998346019337146,-0.29908185519650354,26.127929316637093,0.3888771120734253,-10.0,-0.7536980886760881,-0.1268954311614236,-0.7499488597373539,0.003749228938734195,0.02391785100642872,-0.29908185519650354,1.892635500038822,0.09416019620841062,-5.591818219925266,-0.7544166317112241,-0.31168078148344314,-0.7499488597373539,0.0044677719738701605,0.008767086669416623,-0.29908185519650354,2.9082633956023005,0.038751270477638516,-7.088320339421086
3.52,-1.3337080940517063,-8.708116375857683,-0.7528212526706834,0.5808868413810229,0.02345672200938167,-0.2872392933329526,50.0,1.201705775492024,-10.0,0.6365515974890671,1.6794372023066098,0.47515773356425567,-0.16139386392481142,0.08562031896023838,0.4230245077423811,50.0,-0.2790474710890551,-5.739979888531188,-0.22360877473616386,-4.772243981687979,-0.2923524375302056,-0.06874366279404176,0.0672681173142712,-0.4885331007851601,-21.796922149930325,0.1927649711297808,-5.985244537919011,-0.7673731900336811,-0.31761232315561355,-0.7528212526706834,0.014551937362997647,0.023175626625282685,-0.2872392933329526,27.20818781423071,0.41315442858206614,-10.0,-0.7559351015330532,-0.22370128569650616,-0.7528212526706834,0.0031138488623697613,0.02397135962362207,-0.2872392933329526,0.1718334313873544,0.11866856824389475,-6.005734665492797,-0.7574151408612948,-0.29985091500706684,-0.7528212526706834,0.0045938881906113505,0.008843010642823444,-0.2872392933329526,2.3337903614599416,0.06007719333033855,-6.940687451209431
3.5300000000000002,-1.4065833733966449,-7.287527934493853,-0.7555747664012354,0.6510086069954094,0.030695560872785146,-0.2753513730551993,50.0,1.678072925365754,-10.0,0.6498926392214357,1.334104173236857,0.4792191573614636,-0.1706734818599721,0.08378017372431497,0.4061423797207919,50.0,-0.399567020158265,-7.370126106380127,-0.27598854825982644,-5.237977352366258,-0.29705311247240634,-0.021064564212579906,0.06758126940738203,-0.4700674942200722,-36.06622400323572,1.161617138904874,-10.0,-0.7696112549138737,-0.22380648801926178,-0.7555747664012354,0.014036488512638279,0.02333837215921099,-0.2753513730551993,23.46493199016462,0.3665877046332914,-10.0,-0.759097367553206,-0.31622660201528274,-0.7555747664012354,0.0035226011519705613,0.0240382082953433,-0.2753513730551993,1.0692612038455924,0.11043235193869239,-7.468152845649508,-0.7603071381829802,-0.2891997321685441,-0.7555747664012354,0.004732371781744793,0.008919254333857747,-0.2753513730551993,2.8165030133156437,0.06591614754378049,-6.907295733747922
3.54,-1.4629220389742477,-5.633866557760277,-0.7582089661172722,0.7047130728569755,0.038306078257130935,-0.26341997160367336,50.0,2.249509143211636,-10.0,0.6597789318063623,0.9886292584926621,0.4831103168739197,-0.17666861493244257,0.08191462464914127,0.38911595124561105,50.0,-0.4493072110110783,-8.64341633023304,-0.3279602062765015,-5.1971658016675075,-0.3015661623019113,0.02639404397459022,0.06836492642729466,-0.4513049829504956,50.0,1.9967422021843997,-10.0,-0.7709762560685406,-0.13650011546668803,-0.7582089661172722,0.012767289951268412,0.023479695070270347,-0.26341997160367336,19.063436698884153,0.33549261730022467,-10.0,-0.7628566457337904,-0.375927818058445,-0.7582089661172722,0.004647679616518241,0.024122277873314328,-0.26341997160367336,4.340062578761226,0.2513524433340121,-9.22244418078546,-0.7630830605682557,-0.2775922385275512,-0.7582089661172722,0.004874094450983524,0.008995754502220336,-0.26341997160367336,3.1518449961625947,0.05433032626873504,-6.9053241636998095
3.5500000000000003,-1.5009571685754122,-3.803512960116453,-0.7607234358481216,0.7402337327272905,0.04608876688041548,-0.25144697308494557,50.0,2.77147841502485,-10.0,0.6661699235017785,0.6390991695416279,0.48682982959117743,-0.17934009391060107,0.0800573137930811,0.37195127172577336,50.0,-0.5078045590131316,-9.43397862640384,-0.374593287448322,-4.663308117182047,-0.30588873647971826,0.06870455096860373,0.06951830274869891,-0.43225741778069593,50.0,2.688626908689246,-10.0,-0.7716244481844223,-0.06481921158816924,-0.7607234358481216,0.010901012336300697,0.02359518711479217,-0.25144697308494557,11.656278892683117,0.24354099127425724,-10.0,-0.7667753007457302,-0.39186550119398256,-0.7607234358481216,0.006051864897608561,0.024221983072409813,-0.25144697308494557,6.391362333684496,0.26375167840381747,-10.0,-0.7657286888169029,-0.26456282486472243,-0.7607234358481216,0.005005252968781293,0.009072263314394622,-0.25144697308494557,1.4184224718458418,0.07038150641699624,-6.700493731210795
3.56,-1.5195505242541272,-1.8593355678714991,-0.7631177785298648,0.7564327457242623,0.05383902789444525,-0.23943426817432112,50.0,3.230707912149794,-10.0,0.6689475253734352,0.2777601871656678,0.49037637398807893,-0.17857115138535623,0.07824382626051098,0.35465443969014965,50.0,-0.5130731757807664,-9.579005670673768,-0.4113255464291474,-3.673225898082543,-0.3100181047753286,0.10130744165381883,0.07089869975504534,-0.4129368295610336,50.0,3.1948158118492693,-10.0,-0.7717900629819788,-0.016561479755654203,-0.7631177785298648,0.008672284452113987,0.023683566107288875,-0.23943426817432112,8.814982050904296,0.18715473101959315,-7.671368779646631,-0.7705565989672929,-0.37812982215626767,-0.7631177785298648,0.007438820437428051,0.02433418425899972,-0.23943426817432112,8.538771860356103,0.33716899128303635,-10.0,-0.7682615554466686,-0.2532866629765659,-0.7631177785298648,0.005143776916803788,0.009149029749860317,-0.23943426817432112,4.459163633453469,0.03990822598605586,-6.553000842054792
3.5700000000000003,-1.51821896624083,0.13315580132970162,-0.7653916160680365,0.7528273501727936,0.06135398581604022,-0.22738375381716747,50.0,3.5339886046979982,-10.0,0.6679629027592138,-0.09846226142213993,0.49374868999428756,-0.1742142127649262,0.07651153035900393,0.3372316006208631,50.0,-0.4998223585909898,-9.214529717727604,-0.43467406537252173,-2.334851894337428,-0.3139516589912214,0.12072240638130033,0.0723394090082921,-0.39335542158928094,50.0,3.341648101085009,-10.0,-0.7719969598966855,-0.020689691470663032,-0.7653916160680365,0.0066053438286489685,0.02375168851472243,-0.22738375381716747,4.7498541487644435,0.11874002296879298,-5.595888899823136,-0.7740185217520563,-0.3461922784763466,-0.7653916160680365,0.008626905684019803,0.024455072543687555,-0.22738375381716747,11.76535697709831,0.3090384607779663,-10.0,-0.7706767030359668,-0.24151475892981586,-0.7653916160680365,0.005285086967930286,0.009226032095432601,-0.22738375381716747,3.913957001177363,0.08489275081406268,-6.411190050560423
3.58,-1.497113683510122,2.1105282730708175,-0.7675445893973296,0.7295690941127924,0.06843862392986105,-0.21529733292930953,50.0,3.6583550403772813,-10.0,0.6630835050088665,-0.4879397750347246,0.49694557944198375,-0.16613792556688273,0.07489894508083858,0.3196889447696194,50.0,-0.4969613590872027,-7.90257562144947,-0.44264336731895926,-0.7969301946437513,-0.31768691461024323,0.12495645270871603,0.07366866655484364,-0.37352556190218267,50.0,3.078435810521891,-10.0,-0.7726848487179638,-0.06878888212783468,-0.7675445893973296,0.005140259320634222,0.023809969996141555,-0.21529733292930953,1.7569047293302031,0.09512192288749248,-4.5505855588231245,-0.7769875132476906,-0.2968991495634244,-0.7675445893973296,0.00944292385036094,0.024579191697147507,-0.21529733292930953,10.113250076379869,0.27539667983471106,-10.0,-0.7729752434262549,-0.22985403902881088,-0.7675445893973296,0.005430654028925286,0.009303324039624736,-0.21529733292930953,2.9879639014641484,0.07505308414611538,-6.205845635355499
3.59,-1.4569763933298183,4.013729018030359,-0.769576358538298,0.6874000347915203,0.07491125137597322,-0.20317691409683647,50.0,3.617602328291609,-10.0,0.6542468734893292,-0.8836631519537287,0.49996590649156925,-0.15428096699775995,0.07344450172605636,0.30203270495854917,50.0,-0.3920680007195879,-6.195195329750736,-0.43496830515362883,0.7675062165330422,-0.3212215123648869,0.11374679278874195,0.07472938386107776,-0.35345977546436536,50.0,2.457033844740212,-10.0,-0.7740704672474481,-0.13856185294843057,-0.769576358538298,0.004494108709150124,0.0238687672685279,-0.20317691409683647,1.4998965604711092,0.1173270029864822,-4.521992273495355,-0.7793463967994012,-0.2358883551710687,-0.769576358538298,0.009770038261103231,0.024700480915275647,-0.20317691409683647,12.504359805460252,0.307191590377709,-10.0,-0.7751645289161326,-0.21892854898776934,-0.769576358538298,0.005588170377834656,0.00938109859830186,-0.20317691409683647,2.683328894370127,0.06481216035832378,-5.998438395773148
3.6,-1.3990933006713553,5.788309265846312,-0.771486602651041,0.6276066980203143,0.08060848742959173,-0.1910244112742987,50.0,3.445386785300526,-10.0,0.6414923309426369,-1.2754542546692278,0.5028085980352249,-0.13868373290741198,0.07218520982244916,0.28426915436556843,49.597590620125,-0.26701417449933085,-4.097279605627167,-0.4131438382234815,2.1824466930147333,-0.3245532197274516,0.0885906184960299,0.07539704537673658,-0.33317073625647176,50.0,1.6753560790769988,-10.0,-0.7761472688421817,-0.2076801594733553,-0.771486602651041,0.004660666191140694,0.023936141946386644,-0.1910244112742987,2.6058965804346697,0.16018720749900886,-5.095780624666978,-0.7810011156029176,-0.16547188035164,-0.771486602651041,0.009514512951876664,0.024812173232829575,-0.1910244112742987,12.588604399892253,0.32328545361929506,-9.59701495168155,-0.7772470852793282,-0.2082556363195541,-0.771486602651041,0.005760482628287211,0.009459528988216687,-0.1910244112742987,4.9788364461317425,0.0772691355961179,-5.807718256682025
3.61,-1.3252516848235338,7.384161584782153,-0.7732750200858688,0.551976664737665,0.08538983791849017,-0.1788417434827827,50.0,2.9989305566371454,-10.0,0.6249751100459632,-1.6517220896673694,0.5054726440781812,-0.11950246596778202,0.07115535737173809,0.2664046042956225,23.337898661860375,-0.19919155573488853,-2.0710802297785684,-0.38024301066402394,3.290082755945755,-0.3276799323201575,0.05256307834386642,0.07559366788458066,-0.3126712592705916,45.47487499375275,0.6467223166772886,-10.0,-0.7787543337632153,-0.2607064921033679,-0.7732750200858688,0.005479313677346553,0.024017005732370447,-0.1788417434827827,4.677262191301638,0.20712366873936533,-5.835714593772469,-0.7819761654873789,-0.097504988446134,-0.7732750200858688,0.008701145401510124,0.02490893518568929,-0.1788417434827827,9.816277357943282,0.29419105085692193,-8.0219433504273,-0.7792124395296209,-0.19653542502927596,-0.7732750200858688,0.0059374194437521455,0.009538556725157136,-0.1788417434827827,4.532225732677533,0.05676097161061934,-5.646614969180401
3.62,-1.2376847817422596,8.756690308127434,-0.7749413284309368,0.4627434533113228,0.08914160342079067,-0.16663083450679794,50.0,2.434509361160985,-10.0,0.605027921285631,-1.994718876033224,0.5079570980975643,-0.0970708231880667,0.07038412102746074,0.2484454019383131,2.345486339646455,-0.030899119537119997,-0.10764092013145907,-0.34061590212211185,3.962710854191211,-0.3305996752443149,0.010016226877796963,0.07529755906793952,-0.29197429241573647,-3.64636799530319,-0.3906898389858975,5.76076629516889,-0.7816471226161033,-0.2892788852887876,-0.7749413284309368,0.00670579418516648,0.024112991562750992,-0.16663083450679794,5.3809861259360074,0.20428688126133987,-6.735840943774099,-0.7824909825486501,-0.051481706127124105,-0.7749413284309368,0.007549654117713356,0.024989579897479134,-0.16663083450679794,7.380206781285255,0.23083472663400287,-6.140044344416999,-0.7810526833544538,-0.1840243824832845,-0.7749413284309368,0.006111354923516998,0.009618072712640634,-0.16663083450679794,5.420257039072943,0.07952260821417374,-5.396400431603866
3.63,-1.1390352606337564,9.864952110850325,-0.7764852645568404,0.36254999607691596,0.09178060817047479,-0.15439361259036444,50.0,1.7139802402717146,-10.0,0.5820855576592482,-2.2942363626382787,0.5102610773786909,-0.07182448028055732,0.06989529986091898,0.2303979281126578,-11.622400927026137,0.10724944468820946,1.4564316271948854,-0.2998341503180884,4.078175180402345,-0.33331060432771276,-0.033476454009624346,0.07455497700980303,-0.2710929083397873,50.0,-1.3101942897204715,10.0,-0.7845370661002904,-0.28899434841871735,-0.7764852645568404,0.008051801543449977,0.02422240901302736,-0.15439361259036444,9.385860336303974,0.28109686392889177,-7.248177508347442,-0.7828060764076998,-0.031509385904965916,-0.7764852645568404,0.00632081185085942,0.025055938954578225,-0.15439361259036444,4.872923055541662,0.18464234121924558,-4.767644659014126,-0.7827611267940254,-0.17084434395716488,-0.7764852645568404,0.006275862237185015,0.009697915769408202,-0.15439361259036444,5.200179050627781,0.06861835738184228,-5.117260929286514
3.64,-1.0322475019850583,10.678775864869811,-0.777906584658168,0.25434091732689035,0.09325613975725672,-0.14213201013275611,50.0,0.9288793183402413,-5.662165773079603,0.5565516803366304,-2.553387732261778,0.5123837633286932,-0.04416791700793721,0.0697089594640658,0.2122685950002312,-13.840287522164896,0.2198256419733578,2.661857992798127,-0.2630405598768759,3.679359044121247,-0.33581100728943786,-0.07277044741256194,0.07345933663126528,-0.2500402961725101,50.0,-2.032049500844026,10.0,-0.7871497915808173,-0.2612725480526925,-0.777906584658168,0.00924320692264935,0.024340968337059125,-0.14213201013275611,11.977997084381883,0.3125093891417305,-7.311366800812876,-0.7831235062174925,-0.03174298097926185,-0.777906584658168,0.005216921559324517,0.025111282468269398,-0.14213201013275611,3.359168444581482,0.16403346309421574,-3.719216842612619,-0.7843342428799114,-0.1573116085885934,-0.777906584658168,0.006427658221743404,0.009777923512484497,-0.14213201013275611,5.399617014124929,0.08114717234349428,-4.798478763687243
3.65,-0.9204813692501542,11.176613273490414,-0.7792050642919988,0.14127630495815546,0.09355124147948923,-0.12984796338307847,18.035961296177355,0.12034347534228829,-0.6518128696421528,0.5288550975380412,-2.7696582798589233,0.5143244017673605,-0.014530695770680668,0.06984061833434489,0.19406384386673192,-6.306391062039404,0.3106486809416975,3.443992890069704,-0.23487878901939274,2.8161770857483166,-0.33809930482138734,-0.1032205158019946,0.0721455137646705,-0.22882975319494792,50.0,-2.4736899286098635,10.0,-0.789271267981876,-0.2121476401058623,-0.7792050642919988,0.010066203689877207,0.024462845137968484,-0.12984796338307847,13.48957078522535,0.3271838811500144,-6.9436858134012605,-0.7835861863298935,-0.0462680112401004,-0.7792050642919988,0.004381122037894758,0.025159720489772355,-0.12984796338307847,2.695457402821154,0.14173760008838276,-3.0413885718430045,-0.7857670306144268,-0.14327877345154075,-0.7792050642919988,0.006561966322428003,0.00985787105305393,-0.12984796338307847,5.669113946586599,0.0865644779167565,-4.46130177557909
3.66,-0.8071010920692365,11.338027718091775,-0.7803804984133462,0.0267205936558903,0.09268464464423896,-0.11754341213474628,-18.570583948578488,-0.6486026512387929,3.2815480732505864,0.4994878122195273,-2.9367285318513856,0.5160823031950963,0.016594490975568976,0.07030023609728571,0.17579014277357974,9.157371644381199,0.38693759903292957,3.8694079231484535,-0.2191452311346748,1.5733557884717952,-0.3401740515857939,-0.1210288204511191,0.07077788998131214,-0.20747467644065543,50.0,-2.596153270196568,10.0,-0.7907607513443995,-0.14894833625235435,-0.7803804984133462,0.010380252931053269,0.02458154250090425,-0.11754341213474628,13.700028928742805,0.3236716876917102,-6.167040291845878,-0.7842676662649144,-0.06814799350209191,-0.7803804984133462,0.003887167851568174,0.025205406967638243,-0.11754341213474628,2.1380232208219017,0.14476161091863193,-2.6510915677087095,-0.787052381575044,-0.1285350960617197,-0.7803804984133462,0.006671883161697756,0.009937443394277079,-0.11754341213474628,5.817981001144677,0.08627062886051282,-4.089081740139517
3.67,-0.6951760092399253,11.19250828293112,-0.7814327014075365,-0.08625669216761123,0.09070282689426974,-0.10522029941902877,50.0,-1.327273351301715,6.0968755659984275,0.4690851678139552,-3.040264440557213,0.5176568430378936,0.048571675223938404,0.07108997929358081,0.15745398427973178,30.43823880940295,0.44054847314950557,3.938138598772472,-0.21839749002559794,0.07477411090768626,-0.3420339371281324,-0.12363644710253446,0.06953404809919603,-0.1859885542338513,50.0,-2.400860600048819,10.0,-0.7915615175908877,-0.08007662464881206,-0.7814327014075365,0.010128816183351153,0.024690838325202642,-0.10522029941902877,12.30675645090404,0.29763021165840114,-5.140081247361862,-0.7851789154199873,-0.09112491550728505,-0.7814327014075365,0.003746214012450788,0.02525198159931348,-0.10522029941902877,1.3081605722719847,0.1440750199745359,-2.4741668859402415,-0.7881828924875389,-0.11305109124949214,-0.7814327014075365,0.00675019108000241,0.010016250414202052,-0.10522029941902877,5.896234209927538,0.08031016027177298,-3.677983338034978
3.68,-0.5876048272669012,10.7571181973024,-0.7823615071195192,-0.19475667985261802,0.08767954827601332,-0.09288057119827275,50.0,-1.8587513873407708,7.85847461759382,0.43840559377306765,-3.067957404088755,0.5190474618692438,0.08064186809617613,0.07220319371495146,0.13906188313501655,50.0,0.48663448890808086,3.757748387611053,-0.23373590447173132,-1.5338414446133366,-0.34367778670483057,-0.10994188223309925,0.06858801342132638,-0.16438495766981642,50.0,-1.9024562407758563,10.0,-0.7916868039066732,-0.012528631578560698,-0.7823615071195192,0.009325296787153992,0.02478534415623204,-0.09288057119827275,10.189461340063747,0.26425590400127347,-3.9404550493739765,-0.7862758120756274,-0.10968966556400876,-0.7823615071195192,0.003914304956108117,0.025302093615430964,-0.09288057119827275,2.097358573822939,0.16307687504343288,-2.382068740625437,-0.7891506592539616,-0.0967766766422654,-0.7823615071195192,0.006789152134442311,0.010093819603210702,-0.09288057119827275,6.19539889938373,0.08874017780087505,-3.2318073617168386
3.69,-0.4870293284895991,10.057549877730212,-0.7831667688801055,-0.2961374403905064,0.08371241888433523,-0.08052617605862622,50.0,-2.2408621232142343,8.619541581868972,0.4082946710398917,-3.011092273317596,0.5202536656088975,0.11195899456900582,0.07362389288797327,0.1206203739653744,50.0,0.502262789737055,3.3409382374086234,-0.2646606792586583,-3.092477478692701,-0.34510456202526246,-0.08044388276660414,0.06809282234152961,-0.14267753204318945,50.0,-1.178480477966491,9.913965509668953,-0.7912002182557397,0.0486585650933555,-0.7831667688801055,0.008033449375634216,0.02486081279347905,-0.08052617605862622,6.747359672934301,0.20501457557638475,-2.7542949318410566,-0.7874676788019487,-0.119186672632135,-0.7831667688801055,0.004300909921843177,0.02535702138191261,-0.08052617605862622,3.0467981277906633,0.17267439189382108,-2.268913676045723,-0.7899457050218711,-0.07950457679095631,-0.7831667688801055,0.006778936141765612,0.010169559422307455,-0.08052617605862622,5.449965297401519,0.0882430037490158,-2.8056703113767267
3.7,-0.39568292003424915,9.134640845534996,-0.7838483595291283,-0.3881654394948792,0.07891730040483293,-0.06815906490228452,50.0,-2.42689919019425,8.528034497273003,0.37957276763116593,-2.872190340872577,0.5212750256984096,0.14170225806724362,0.07532813450273296,0.10213600895120356,50.0,0.5152535322159604,2.6726414251336204,-0.3090188416992324,-4.435816244057407,-0.3463133619075551,-0.03729452020832269,0.06816345876385212,-0.12087998822926105,14.35713074569532,-0.2552621788395702,1.9093490275781415,-0.7901974759919727,0.10027422637671082,-0.7838483595291283,0.006349116462844306,0.02491427653546982,-0.06815906490228452,3.712747390695614,0.16943035239468296,-1.6601986614242181,-0.7886345663390735,-0.11668875371247954,-0.7838483595291283,0.004786206809945126,0.02541655232538331,-0.06815906490228452,3.64319881379451,0.16583869899085535,-2.100701705406203,-0.7905581543472344,-0.06124493253632614,-0.7838483595291283,0.006709794818106074,0.010242781863742147,-0.06815906490228452,5.220172756857207,0.08424293395716537,-2.3083678048566787
3.71,-0.31530721446328724,8.03757055709619,-0.7844061714355232,-0.4690989569722359,0.07342255377940095,-0.05578119063948117,50.0,-2.534976848833903,7.720891566408642,0.3529399801247859,-2.6632787506380042,0.5221111792534037,0.16917119912861778,0.07728617436908294,0.08361535549941124,50.0,0.47492609532319646,2.0364788774772857,-0.36288570172169354,-5.386686002246119,-0.347303422847794,0.015582278873899569,0.06885795015281572,-0.09900609402389016,17.133958151643345,0.7659824559578196,-4.354799205081189,-0.7887832406260656,0.14142353659070256,-0.7844061714355232,0.004377069190542482,0.024943904873716175,-0.05578119063948117,0.638886294112148,0.09612332705913075,-0.775810609952407,-0.7896437244737113,-0.10091581346378803,-0.7844061714355232,0.005237553038188181,0.025479019437111568,-0.05578119063948117,4.080587759601179,0.20169533091666186,-1.7962661934925135,-0.79097689725727,-0.04187429100356729,-0.7844061714355232,0.006570725821746892,0.010312676551059972,-0.05578119063948117,5.541627760458443,0.07476993198782417,-1.8508160631153574
3.72,-0.2471391912533058,6.8168023209981445,-0.7848401165143235,-0.5377009252610176,0.06736386429469096,-0.043394507880023525,50.0,-2.5016406746873137,6.431943927324009,0.3289592368697232,-2.398074325506268,0.5227618291925029,0.1938025923227797,0.07946400772486137,0.0650649939099246,50.0,0.41835133341014874,1.4000380036695972,-0.4215567968848546,-5.867109516316105,-0.3480741195022691,0.07348267738258552,0.07017948787827319,-0.07706966544751004,50.0,1.842804422737012,-8.144383182859402,-0.7870657590359309,0.1717481590134727,-0.7848401165143235,0.002225642521607396,0.024948986483030903,-0.04339450788003463,-0.15032751979758366,0.011720748485115614,-0.09037844724709797,-0.7903627568703478,-0.07190323966365111,-0.7848401165143235,0.005522640356024344,0.025541436164638175,-0.04339450788003463,2.4181598196612337,0.18872208157688194,-1.3986792249441833,-0.7911854939789028,-0.020859672163273422,-0.7848401165143235,0.006345377464579305,0.010378216292922094,-0.04339450788003463,2.703768988558737,0.08202949737971275,-1.3786264207542265
3.73,-0.19193241617050305,5.520677508280274,-0.7851501262405708,-0.5932177100700677,0.06087961944316225,-0.03100097262472845,50.0,-2.3534933271061824,4.7046653349604215,0.3079439169268478,-2.1015319942875417,0.5232267443428822,0.21528282741603438,0.08182698919845047,0.04649151503792748,50.0,0.35647057879670907,0.7952738590101054,-0.4793607079785849,-5.78039110937303,-0.3486249650824547,0.13073574289613016,0.0720648844181718,-0.05508455801856438,50.0,2.8738858315677143,-8.846159197534295,-0.7851490882393672,0.191667079656361,-0.7851501262405708,-1.038001203546024e-06,0.024929809395053234,-0.03100097262472845,0.0,-0.07186656786789562,0.22263192057857542,-0.7906848756681598,-0.032211879781199194,-0.7851501262405708,0.005534749427589025,0.025600004846892187,-0.03100097262472845,3.437292669575467,0.18314408815925484,-0.9317191638255847,-0.7911772269589773,0.0008267019925482927,-0.7851501262405708,0.006027100718406508,0.010438404629906903,-0.03100097262472845,4.053250702934678,0.0806734790137234,-0.9189473439550058
3.74,-0.15005218079466154,4.18802353758415,-0.7853361516601358,-0.6352839708654743,0.054107977380749094,-0.018602541956502794,50.0,-2.1269272799885974,2.9698797002535358,0.2899976252947297,-1.794629163211808,0.5235057595224024,0.2335081342276727,0.08434153345704837,0.02790151795202256,50.0,0.2797211309044394,0.3639818352697905,-0.5305644984723975,-5.1203790493812615,-0.3489556116624759,0.1816088868099216,0.07439301119120913,-0.033064658002118774,50.0,3.820796163337776,-6.754488508297902,-0.7831359261630804,0.20131620762868788,-0.7853361516601358,-0.0022002254970554525,0.024887675519319807,-0.018602541956502794,1.0534900046807398,-0.14148671640497584,0.30665053317045776,-0.7905237780367298,0.016109763143005724,-0.7853361516601358,0.005187626376593979,0.025650270134343824,-0.018602541956502794,2.995185957193918,0.12170636783872685,-0.5970629207559333,-0.7909304411555622,0.02467858034150604,-0.7853361516601358,0.005594289495426397,0.010491879666827016,-0.018602541956502794,3.4654447388629515,0.046148667168871414,-0.522323008868026
3.75,-0.12159307897624586,2.8459101818415675,-0.7853981633974483,-0.6638050844212025,0.04718533551835291,-0.006201173731246179,50.0,-1.8485081959585465,0.9718667190247807,0.27507551470442637,-1.492211059030337,0.5235987755982988,0.24852326089387244,0.08697598717189013,0.00930160758964016,50.0,0.3522263179417719,0.13792537177410602,-0.5699393491505906,-3.9374850678193187,-0.3490658503988659,0.22087349875172474,0.07699549468550831,-0.011023873638998927,50.0,4.4341627741992236,-2.5007130579401826,-0.7811309138354625,0.20050123276178342,-0.7853981633974483,-0.004267249561985764,0.02482495290042377,-0.006201173731246179,2.1699448254115237,-0.15638947930050517,0.1823097243566888,-0.7898355152886041,0.06882627481257697,-0.7853981633974483,0.004437351891155794,0.025687761025774122,-0.006201173731246179,1.2620082024447383,0.14183885728934043,-0.09256918549915304,-0.7904294445768898,0.05009965786724217,-0.7853981633974483,0.005031281179441516,0.010537182512834708,-0.006201173731246179,1.7151367394212624,0.05513823825504599,-0.13607391894822993
3.7600000000000002,-0.106489753391723,1.510332558452286,-0.7853361516601358,-0.6788463982684129,0.04024583827982355,0.006201173731246179,50.0,-1.5710501230889908,-1.0017978676086563,0.2630892037160373,-1.198631098838908,0.5235057595224024,0.26041655580636514,0.08970001583983768,-0.00930160758964016,50.0,0.35581655624277675,-0.18784777066321703,-0.59335448147858,-2.341513232798941,-0.3489556116624759,0.24439886981610415,0.07967363470694924,0.011023873638998927,50.0,4.656022048396008,2.6023138078262065,-0.779235230417228,0.18956834182345672,-0.7853361516601358,-0.006100921242907842,0.024744986853812347,0.006201173731246179,5.259568495657493,-0.2252338938424547,-0.21924037807772262,-0.7886227024524157,0.12128128361883461,-0.7853361516601358,0.0032865507922799075,0.02570849840533504,0.006201173731246179,1.3661904348703304,0.05894453227596178,0.035586134242785,-0.7896627574852031,0.07666870916866816,-0.7853361516601358,0.004326605825067276,0.010572781700168515,0.006201173731246179,2.1810956134030977,0.03672928738144544,0.11096087689329952
3.77,-0.10459674362645963,0.1893009765263367,-0.7851501262405708,-0.6805533826141111,0.033421374356029813,0.018602541956502794,50.0,-1.2760521939378497,-2.8647400569886936,0.2540146875310933,-0.9074516184943999,0.5232267443428822,0.2692120568117889,0.09248288156980501,-0.02790151795202256,50.0,0.4440406282635271,-0.6820683734137887,-0.598254717057571,-0.4900235578990997,-0.3486249650824547,0.24962975197511633,0.08221893458249033,0.033064658002118774,50.0,4.5061158964311785,7.178957245033363,-0.7775467087227381,0.16885216944898862,-0.7851501262405708,-0.007603417517832667,0.024652067461689124,0.018602541956502794,7.322814718690281,-0.332762649489171,-0.8565411116200845,-0.7869235336569599,0.16991687954558704,-0.7851501262405708,0.0017734074163890945,0.025709240791544376,0.018602541956502794,0.14459410157615274,-0.060935134233086156,0.023745632063630787,-0.7886156981459481,0.10470593392550212,-0.7851501262405708,0.0034655719053773293,0.010596966825829737,0.018602541956502794,1.7920727233717342,0.06969436161968624,0.3727654001513797
3.7800000000000002,-0.11573180935096265,-1.1135065724503028,-0.7848401165143234,-0.6691083071633608,0.02684164194164123,0.031000972624739553,50.0,-0.9895021774009305,-4.54786911827368,0.24797378155345717,-0.6040905977636115,0.5227618291925029,0.27478804763904574,0.09529117110597184,-0.04649151503792748,50.0,0.6017686750427804,-1.1842639162378326,-0.5839642079743714,1.4290509083199574,-0.3480741195022691,0.23589008847210235,0.08443493037637936,0.05508455801856438,50.0,3.82224776174564,9.990624839613256,-0.7761453572453088,0.14013514774294242,-0.7848401165143234,-0.00869475926901464,0.024551106354224684,0.031000972624739553,9.350091803466384,-0.3099278533557808,-1.4331597819554363,-0.7848159282945018,0.2107605362458162,-0.7848401165143234,-2.4188219821641432e-05,0.02568792285572158,0.031000972624739553,0.0,-0.07745035485606136,-0.46399762336337974,-0.7872798857770474,0.13358123689006446,-0.7848401165143234,0.0024397692627240453,0.010608006394767971,0.031000972624739553,0.854778032431877,0.0018442075479914999,0.22110923338531663
3.79,-0.1396901251114541,-2.395831576049145,-0.7844061714355232,-0.6447160463240691,0.020634064636005457,0.043394507880023525,50.0,-0.744162362465836,-6.088030724348129,0.24526689431416882,-0.2706887239288356,0.5221111792534037,0.27684428493923485,0.09808668282775705,-0.0650649939099246,50.0,0.7699069470979895,-2.0811834275120185,-0.5517805925699711,3.218361540440034,-0.347303422847794,0.20447716972217717,0.08615786591955713,0.07706966544751004,50.0,2.8069499290712248,9.986957821943408,-0.7750825663878974,0.10627908574113859,-0.7844061714355232,-0.00932360504762575,0.024447242395174314,0.043394507880023525,11.039683535594072,-0.23505542544611996,-2.02665053650101,-0.7824095274567501,0.2406400837751669,-0.7844061714355232,-0.0019966439787730828,0.02564389240755633,0.043394507880023525,0.6234360543180721,-0.15121453526991305,-1.0413975386976464,-0.7856594392275253,0.16204465495221443,-0.7844061714355232,0.0012532677920021884,0.010604334607192772,0.043394507880023525,0.0,0.0021863076497680607,-0.010178052699901763
3.8000000000000003,-0.17623565886519277,-3.654553375373866,-0.7838483595291283,-0.6076127006639356,0.014923392966903485,0.05578119063948117,50.0,-0.47960020702526857,-7.334195698659734,0.2463487508250219,0.1081856510853062,0.5212750256984096,0.27492627487338767,0.10082512701138241,-0.08361535549941124,50.0,0.9896676967827515,-3.2982903667587418,-0.5048437750697248,4.693681750024642,-0.346313361907555,0.15853041316216976,0.08727380187617637,0.09900609402389571,50.0,1.4466940547063425,6.68898419373414,-0.7743742473484915,0.07083190394059577,-0.7838483595291283,-0.009474112180636873,0.024345418082973885,0.05578119063948117,10.762379891165374,-0.28794479551975144,-2.5435460610136413,-0.7798389685999173,0.25705588568328075,-0.7838483595291283,-0.004009390929211043,0.02557809290969589,0.05578119063948117,3.451407582662829,-0.20128543302138174,-1.9013923703962874,-0.7837688288355172,0.18906103920081518,-0.7838483595291283,-7.953069361110732e-05,0.01058463319633658,0.05578119063948117,0.0,-0.0219983082713642,-0.4597094265258486
3.81,-0.225069006940105,-4.883334807491225,-0.7831667688801055,-0.5580977619400005,0.009830748828252602,0.06815906490228452,50.0,-0.2899620076470577,-8.159821565159836,0.25174975523175364,0.540100440673173,0.5202536656088975,0.2685039103771439,0.10345615607108652,-0.10213600895120356,50.0,1.1654756560561468,-4.588392302092876,-0.44779627893547713,5.704749613424765,-0.3451045620252625,0.10269171691021461,0.08773024408393604,0.12087998822924995,7.436881224962517,0.05017678014330622,0.38591239278229145,-0.7739900129149239,0.03842344335676465,-0.7831667688801055,-0.009176755965181638,0.024249808178986393,0.06815906490228452,8.36417444380463,-0.2701860664246426,-2.89276345268005,-0.7772632113832862,0.2575757216631091,-0.7831667688801055,-0.005903557496819256,0.02549329976256139,0.06815906490228452,6.115525614429805,-0.2615989073826112,-2.9765841017805106,-0.7816382067238326,0.21306221116846427,-0.7831667688801055,-0.0015285621562729501,0.010548041353657006,0.06815906490228452,0.03943234580895229,-0.034058607756607455,-1.0825227757184863
3.8200000000000003,-0.2857802676903149,-6.071126075020989,-0.7823615071195192,-0.49658123942920435,0.005472049041462656,0.08052617605862622,50.0,-0.1283645315371294,-8.501366654664142,0.26201135871395703,1.0261603482203383,0.5190474618692437,0.25703610315528663,0.10592390106781735,-0.1206203739653855,50.0,1.2892668016767006,-5.9667873107035865,-0.3867651557405727,6.103112319490447,-0.3436777867048305,0.043087369035742173,0.08755080654234441,0.14267753204320055,-50.0,-1.2706493445185403,-8.283264394095502,-0.77385011375722,0.013989915770385011,-0.7823615071195192,-0.008511393362299224,0.02416329525378636,0.08052617605862622,7.540478919550308,-0.2480151716736611,-3.106087764066429,-0.7748501131717805,0.2413098211505732,-0.7823615071195192,-0.007511393947738698,0.025394054840968946,0.08052617605862622,8.818141046536455,-0.32668329679958197,-4.106460089241929,-0.7793154245536055,0.2322782170227081,-0.7823615071195192,-0.003046082565913766,0.010494352706295597,0.08052617605862622,1.7017689351179097,-0.08276010875407266,-1.894898143656838
3.83,-0.3577345753086527,-7.19543076183378,-0.7814327014075365,-0.4236981260988838,0.0019546108566571956,0.09288057119827275,50.0,-0.04723377436246494,-8.077613134511438,0.27742907630203584,1.5417717588078832,0.5176568430378937,0.24022776673585788,0.10817200155929514,-0.13906188313499435,50.0,1.3923142801964103,-7.1381015885949965,-0.32768215913473125,5.908299660584142,-0.34203393712813246,-0.014351777993401205,0.08681645879635198,0.16438495766980532,38.744169976159554,-2.365905516131596,-10.0,-0.7738485850242786,0.00015287329414916118,-0.7814327014075365,-0.007584116383257955,0.02408743880262437,0.09288057119827275,6.0444585498570715,-0.20214118798984704,-3.080865127483311,-0.7727607441064671,0.2089369065313441,-0.7814327014075365,-0.0086719573010694,0.025286441577305117,0.09288057119827275,11.563389208277876,-0.3423468334415259,-5.014349387281777,-0.776870622410002,0.2444802143603382,-0.7814327014075365,-0.004562078997534469,0.010424283894884218,0.09288057119827275,3.433274284480627,-0.07800499634811559,-2.8503361042892608
3.84,-0.4399789972451343,-8.224442193648155,-0.7803804984133462,-0.34040150116821194,-0.0006269599356601083,0.10522029941902877,50.0,0.01717945279689494,-6.903997207489524,0.2979403329642768,2.0511256662240966,0.5160823031950963,0.2181419702308195,0.11014830869498093,-0.1574539842797429,50.0,1.400501884301643,-7.970844746990804,-0.2755009103740233,5.218124876070797,-0.340174051585794,-0.0646731412117707,0.0856479148966272,0.18598855423384575,50.0,-3.1149684383416214,-10.0,-0.7738444225660382,0.0004162458240316124,-0.7803804984133462,-0.006536075847307976,0.024022036419568887,0.10522029941902877,4.57138059387631,-0.165399947120386,-2.96402650603169,-0.7711154478344185,0.1645296272048558,-0.7803804984133462,-0.00926505057892768,0.02517733810879535,0.10522029941902877,12.459029774976598,-0.34073172517740846,-5.622496825359359,-0.7743937991058513,0.2476823304150829,-0.7803804984133462,-0.005986699307494958,0.010339648668767762,0.10522029941902877,5.645471283387163,-0.0989023012868681,-3.896553456283069
3.85,-0.5312110358773543,-9.123203863221999,-0.7792050642919989,-0.24799402841464457,-0.002194579833484354,0.11754341213473518,50.0,0.028133101897346073,-4.822540909609199,0.32320352136576996,2.5263188401493166,0.5143244017673605,0.19112088040159053,0.11180688561498191,-0.17579014277357974,50.0,1.3288018663693824,-8.354184770175832,-0.23477805380968245,4.072285656434085,-0.3380993048213874,-0.10332125101170495,0.08420747382086674,0.20747467644066098,50.0,-3.470289934080739,-10.0,-0.7736839571482826,0.016046541775562136,-0.7792050642919989,-0.005521107143716231,0.02396522069395417,0.11754341213473518,3.1902018814110957,-0.1501054778091767,-2.8544953363524384,-0.7699509568025914,0.11644910318271118,-0.7792050642919989,-0.00925410748940747,0.025073152123583006,0.11754341213473518,11.706705938916617,-0.3187709465494754,-5.9053695569946525,-0.7719916429410922,0.24021561647589984,-0.7792050642919989,-0.007213421350906635,0.010243492893611105,0.11754341213473518,7.528076447388551,-0.10160474301761689,-4.927381575831452
3.86,-0.6297320120403077,-9.852097616295337,-0.777906584658168,-0.14817457261786027,-0.0026911157980334223,0.12984796338308957,49.454354765399486,-0.010384946994374993,-1.7465089741647666,0.35254866564870274,2.934514428293276,0.5123837633286933,0.15983509767999055,0.11311178514895248,-0.19406384386672082,50.0,1.1919117262125416,-8.192733509129443,-0.20872167736201563,2.6056376447666816,-0.3358110072894379,-0.12708932992742228,0.08267601675711585,0.22882975319494792,50.0,-3.4145805253549883,-10.0,-0.7732162148329055,0.04677423153771492,-0.777906584658168,-0.004690369825262497,0.023913639572547774,0.12984796338308957,2.613515618190646,-0.13474503417640285,-2.8565873385856064,-0.7692076219862692,0.07433348163221953,-0.777906584658168,-0.008698962671898736,0.024978729148700796,0.12984796338308957,10.21837341526964,-0.27528005909683007,-5.807605581437884,-0.7697744547670067,0.2217188174085516,-0.777906584658168,-0.0081321298911613,0.010139999712958637,0.12984796338308957,9.455283132913957,-0.11986871517010998,-5.7854835491031595
3.87,-0.73346245031754,-10.37304382772323,-0.7764852645568404,-0.04302281423930043,-0.002084039557654104,0.14213201013275611,-17.619316652207786,-0.006839713179476238,2.340876796780451,0.38504288866681,3.2494223018107258,0.510261077378691,0.12521818871188095,0.11403902480589022,-0.2122685950002312,50.0,1.000662479526034,-7.44767142661808,-0.1989315842504886,0.9790093111527047,-0.3333106043277128,-0.13437902007722421,0.08123432562522834,0.2500402961725101,50.0,-3.003489647053339,-10.0,-0.7723134357394685,0.0902779093436995,-0.7764852645568404,-0.004171828817371881,0.023862893493439685,0.14213201013275611,2.294344942909752,-0.12666045732732492,-3.064313719712633,-0.7687299623766563,0.04776596096129512,-0.7764852645568404,-0.007755302180184165,0.024896399530802825,0.14213201013275611,7.398291727398109,-0.23729818349823154,-5.445741145457522,-0.7678396566851768,0.1934798081829839,-0.7764852645568404,-0.008645607871663574,0.010034195653423703,0.14213201013275611,9.69542687108847,-0.1127978789475536,-6.361668714997138
3.88,-0.8399202871083264,-10.645783679078649,-0.7749413284309368,0.06497895867738968,-0.00036967160297234254,0.15439361259036444,50.0,-0.013189513318904264,7.356994352067742,0.4195889405300079,3.4546051863197844,0.5079570980975643,0.0883681575675564,0.1145772458629338,-0.2303979281126689,50.0,0.7619659978520906,-6.147149894497883,-0.20527488281859557,-0.6343298568106965,-0.330599675244315,-0.12532479242571942,0.0800445106866522,0.2710929083397817,50.0,-2.2882534463479294,-10.0,-0.7708900757051173,0.1423360034351315,-0.7749413284309368,-0.004051252725819521,0.023808147365837976,0.15439361259036444,2.4170492548913676,-0.14097309204385927,-3.605629452751152,-0.7682870315102457,0.04429308664105133,-0.7749413284309368,-0.006654296920691083,0.024825427252931808,0.15439361259036444,5.500772444533156,-0.20238021765720318,-5.025264409057606,-0.766246107442653,0.15935492425238307,-0.7749413284309368,-0.008695220988283792,0.009931307951115628,0.15439361259036444,9.290700004895713,-0.1024248989686448,-6.564829200598969
3.89,-0.9465349435809671,-10.66146564726407,-0.7732750200858688,0.17325992349509833,0.002429074196705048,0.16663083450679794,50.0,0.04648555316457217,10.0,0.45500473537848535,3.5415794848477473,0.5054726440781815,0.05046790869969614,0.11472776700144599,-0.2484454019382798,22.299836077146622,0.4923007131445039,-4.341598824213639,-0.2259496422660372,-2.0674759447441637,-0.3276799323201576,-0.10173029005412038,0.07923395538058542,0.291974292415742,50.0,-1.3444448480949722,-10.0,-0.7689235433624338,0.19665323426833836,-0.7732750200858688,-0.004351476723434944,0.02374496727517679,0.16663083450679794,3.2600673961720585,-0.15219479123291213,-4.522705760426654,-0.7676259167507746,0.06611147594710545,-0.7732750200858688,-0.005649103335094163,0.024762325071986155,0.16663083450679794,3.9300642198919093,-0.18166014382511697,-4.776354229697195,-0.7650014197509196,0.12446876917333094,-0.7732750200858688,-0.008273600334949172,0.009836125070848802,0.16663083450679794,7.690653069049105,-0.0953791332885949,-6.408546019702067
3.9,-1.0505094006344038,-10.397445705343667,-0.771486602651041,0.2790227979833628,0.006259046747073043,0.1788417434827827,50.0,0.12246771787832003,10.0,0.49008485268879565,3.508011731031032,0.502808598035225,0.012723745346429394,0.11450420328180719,-0.2664046042956447,1.3216059776517302,0.20478605323595692,-2.072717189761632,-0.257640160899417,-3.169051863337981,-0.3245532197274517,-0.06691305882803472,0.07888172997863888,0.31267125927058603,24.862061725973472,-0.37479026383844466,-4.747998759194137,-0.7664717657439599,0.24517776184739326,-0.771486602651041,-0.005014836907081044,0.023670301129921238,0.1788417434827827,3.829081855616964,-0.26194807095666545,-5.752323170928851,-0.7665222241387747,0.11036926119998883,-0.771486602651041,-0.0049643785122662765,0.024701644360743492,0.1788417434827827,3.4049618771536916,-0.17655909181239346,-5.069653541946354,-0.7640535481213825,0.09478716295371183,-0.771486602651041,-0.007433054529658478,0.009752315809256847,0.1788417434827827,5.953394238611309,-0.06869849625944767,-5.765966931532732
3.91,-1.1489772439352302,-9.846784330082627,-0.7695763585382981,0.37940088539693206,0.011037734034050627,0.1910244112742876,50.0,0.3407735195486351,10.0,0.5237004948272631,3.3615642138467474,0.4999659064915692,-0.023734588335693918,0.11393070097706556,-0.2842691543655851,1.0288556042574246,-0.054245536368218404,0.32476297195315457,-0.29551021702231356,-3.7870056122896556,-0.321221512364887,-0.025711295342573437,0.0790033175864421,0.33317073625647176,-25.407946843893562,0.7516587288103957,10.0,-0.7636687826760921,0.28029830678678336,-0.7695763585382981,-0.005907575862206027,0.0235831955406205,0.1910244112742876,5.577981991297966,-0.24490537336237023,-7.075585481795177,-0.764854700483106,0.16675236556687012,-0.7695763585382981,-0.004721658055192091,0.024637752543634886,0.1910244112742876,3.68021033122003,-0.20553561841173024,-5.587622009849623,-0.7632809796990602,0.0772568422322322,-0.7695763585382981,-0.0062953788392379195,0.009681636336641245,0.1910244112742876,4.7257738327543235,-0.06595476525641734,-4.922292881493016
3.92,-1.2391025529035842,-9.012530896835406,-0.7675445893973297,0.47155796350625445,0.016654566758796712,0.20317691409683647,50.0,0.7054690274896486,10.0,0.554830508112607,3.1130013285343945,0.49694557944198386,-0.05788492867062317,0.11304055155750589,-0.3020327049585325,14.422924739306328,-0.26135827922155624,2.957602822166018,-0.3338128517761231,-3.830263475380954,-0.3176869146102434,0.016125937165879678,0.079547603305639,0.3534597754643598,34.57782542340221,1.7299692553310557,10.0,-0.76070023600758,0.2968546668512082,-0.7675445893973297,-0.006844353389749758,0.02348506654003788,0.20317691409683647,8.840863921427395,-0.23989130480320747,-8.402302942147514,-0.7625941475001508,0.22605529829552273,-0.7675445893973297,-0.00495044189717897,0.024565642594833546,0.20317691409683647,4.340644628103118,-0.2010308775575877,-6.657046206279508,-0.7625217154550571,0.07592642440030971,-0.7675445893973297,-0.005022873942272632,0.009623814954778489,0.20317691409683647,2.6821236660162424,-0.03959388387617266,-3.9934483904911073
3.93,-1.3182147901917443,-7.91122372881602,-0.7653916160680364,0.5528231741237079,0.022973920872915395,0.21529733292933173,50.0,1.0401180130861623,10.0,0.5826563159867572,2.782580787415008,0.4937486899942875,-0.08890762599246965,0.1118732172188397,-0.31968894476963605,35.298792744611745,-0.440583332403958,5.207089652514618,-0.36746853375337096,-3.3655681977247864,-0.31395165899122124,0.053516874762149724,0.08041932887303296,0.373525561902216,50.0,2.4721604834733575,10.0,-0.7577852588385654,0.29149771690145554,-0.7653916160680364,-0.007606357229471006,0.023379853196053027,0.21529733292933173,10.440709028027499,-0.2837479613454946,-9.316973367015668,-0.7598415142655472,0.2752633234603533,-0.7653916160680364,-0.00555010180248916,0.02448261524446262,0.21529733292933173,5.39790907684588,-0.2658488752028359,-8.043010587647744,-0.7615861810323034,0.09355344227537715,-0.7653916160680364,-0.0038054350357330513,0.00957640526019362,0.21529733292933173,-1.1275113040878058,-0.056951874853511,-3.20022127326034
3.94,-1.383870571085387,-6.565578089364275,-0.763117778529865,0.620752792555522,0.02983800660740704,0.22738375381714526,50.0,1.5107623851052967,10.0,0.6064669263945831,2.381061040782597,0.4903763739880788,-0.11609055240650429,0.11047420559069639,-0.33723160062086865,50.0,-0.6039951891323151,7.078538083870832,-0.39153519593604624,-2.4066662182675262,-0.3100181047753287,0.08151709116071754,0.08147516640646689,0.3933554215892532,50.0,2.9500390970745896,10.0,-0.7550924566157895,0.2692802222775891,-0.763117778529865,-0.008025321914075456,0.023272671954684514,0.22738375381714526,7.782940964927486,-0.27419407736220114,-9.98438090915083,-0.756802659269269,0.3038854996278234,-0.763117778529865,-0.006315119260595914,0.024389075501893877,0.22738375381714526,5.733690651806022,-0.23926058286257398,-9.512366660442074,-0.7602904937836521,0.1295687248651303,-0.763117778529865,-0.0028272847462128547,0.009535175540244979,0.22738375381714526,0.4722024526412921,-0.04740426170348739,-2.63046805857679
3.95,-1.4339457867072012,-5.007521562181424,-0.7607234358481215,0.6732223508590797,0.03707098227221598,0.23943426817434332,50.0,1.9984726900988812,10.0,0.6257418292914423,1.9274902896859165,0.48682982959117754,-0.13891199970026474,0.10889233656472516,-0.35465443969012744,50.0,-0.6259736231270745,8.321531794925036,-0.40208149770608137,-1.0546301770035131,-0.3058887364797181,0.09619276122636328,0.08254255703643087,0.41293682956106137,50.0,3.0148743496830406,10.0,-0.7527182501283113,0.23742064874782326,-0.7607234358481215,-0.008005185719810237,0.02316887803261163,0.23943426817434332,7.2902809193306,-0.19407196411760333,-9.920872363648646,-0.7537281918097101,0.3074467459559002,-0.7607234358481215,-0.006995244038411452,0.02428837838691417,0.23943426817434332,7.290828080231078,-0.29483488309744077,-10.0,-0.7584912316023769,0.17992621812752396,-0.7607234358481215,-0.0022322042457446623,0.00949486087597478,0.23943426817434332,0.45987369923765103,-0.015800076733295275,-2.6035967936705244
3.96,-1.4667022920644195,-3.275650535721834,-0.7582089661172722,0.7084933259471473,0.04448348058525964,0.25144697308493447,50.0,2.4895442621888733,10.0,0.6402084439322057,1.4466614640763404,0.4831103168739198,-0.15709812705828585,0.10717668914773466,-0.37195127172577336,50.0,-0.6149549500552252,8.599214410265715,-0.396655335801655,0.5426161904426354,-0.30156616230191147,0.09508917349974355,0.08343918715238405,0.4322574177806626,50.0,2.661852692485002,10.0,-0.7506348244808881,0.20834256474230997,-0.7582089661172722,-0.007574141636384035,0.023072302359773558,0.25144697308493447,5.9771047033964075,-0.21503901870131606,-9.525685558453423,-0.7507411156223244,0.2987076187385685,-0.7582089661172722,-0.007467850494947803,0.024183829120090834,0.25144697308493447,7.904467147332976,-0.27609789472340657,-10.0,-0.7561213659166498,0.23698656857270614,-0.7582089661172722,-0.002087600200622375,0.009450286217111284,0.25144697308493447,0.7895723839690769,-0.027653217632615603,-3.0771175454598487
3.97,-1.4808595817540164,-1.4157289689597055,-0.7555747664012353,0.7252848153527811,0.05187790163568341,0.26341997160368447,50.0,2.8933517675785922,10.0,0.6498068936209713,0.9598449688765616,0.47921915736146353,-0.1705877362595078,0.10537482728825194,-0.3891159512456277,50.0,-0.551084185023916,8.075322959018585,-0.37458384915940196,2.2071486642253038,-0.2970531124724062,0.07753073668699578,0.08399377965283147,0.4513049829505289,50.0,1.9267493019458652,10.0,-0.748719808885401,0.19150155954871503,-0.7555747664012353,-0.0068549575158343146,0.022984602628660342,0.26341997160368447,8.686104097786135,-0.2035834720893741,-8.84802213149532,-0.7478583727228761,0.2882742899448255,-0.7555747664012353,-0.00771639367835919,0.02407783775431276,0.26341997160368447,6.716297921039154,-0.2820377167384011,-10.0,-0.7532021924088599,0.2919173507789925,-0.7555747664012353,-0.0023725739923754485,0.00939736874210963,0.26341997160368447,0.523510527412535,-0.040317766055032594,-4.038122605599454
3.98,-1.475661912269728,0.5197669484288445,-0.7528212526706834,0.7228406595990446,0.05905433153683098,0.2753513730551882,50.0,3.246618529438326,10.0,0.6546496956144182,0.4842801993446935,0.4751577335642558,-0.17949196205016243,0.10353147964781584,-0.40614237972077527,50.0,-0.41049082503787343,6.732910910816194,-0.3370776345228913,3.7506214636510644,-0.2923524375302058,0.04472519699268551,0.08406596947639323,0.4700674942200389,44.527977011162626,0.8265859347318774,10.0,-0.7467847231350992,0.19350857503017463,-0.7528212526706834,-0.006036529535584201,0.02290488647580148,0.2753513730551882,4.5611116922477315,-0.18554771754485058,-8.278403597192188,-0.7450479057483814,0.2810466974494666,-0.7528212526706834,-0.007773346922302027,0.023971999615344793,0.2753513730551882,8.20557993926983,-0.2779777618839025,-10.0,-0.7498485411216793,0.33536512871805774,-0.7528212526706834,-0.0029727115490041367,0.009334105113747784,0.2753513730551882,1.7485094313143943,-0.06826886998002933,-5.243657254159467
3.99,-1.4509460675841124,2.4715844685615664,-0.749948859737354,0.7009972078467583,0.0658171451684424,0.2872392933329415,50.0,3.3774577066885687,10.0,0.6549548734556553,0.030517784123702152,0.4709274884868318,-0.18402738496882348,0.10168815401971523,-0.42302450774239775,50.0,-0.3328437322249062,5.133103894446763,-0.2871325810177457,4.994505350514562,-0.2874671065223542,-0.00033452550460849606,0.08356317368629569,0.4885331007851601,0.2325406832465551,-0.4394277890543687,-9.923610211764979,-0.7446061914285775,0.21785317065216697,-0.749948859737354,-0.005342668308776499,0.0228296744756485,0.2872392933329415,5.363234096383653,-0.16495242652062708,-7.994302546734519,-0.7422530775514604,0.2794828196920963,-0.749948859737354,-0.007695782185893618,0.023867093511516647,0.2872392933329415,9.098474564348182,-0.2669286440992499,-10.0,-0.7462402080053785,0.3608333116300838,-0.749948859737354,-0.003708651731975543,0.009260935265265021,0.2872392933329415,1.6100289643857524,-0.05284044838165603,-6.470282687990874
4.0,-1.4072222639349146,4.372380364919771,-0.746958041185389,0.6602642227495256,0.07198254935944567,0.29908185519650354,50.0,3.3372772137571154,10.0,0.6510519802879041,-0.3902893167751204,0.46652992511512525,-0.18452205517277886,0.09988196239966497,-0.43975633717065477,36.612092637839815,-0.1899694572695768,3.4725589604792417,-0.23019438755966595,5.693819345807975,-0.2824002051286256,-0.05220581756895967,0.0824717335760253,0.5066901393728562,50.0,-1.705528488003408,-10.0,-0.7420221664304762,0.258402499810124,-0.746958041185389,-0.00493587475491275,0.022754475478118364,0.29908185519650354,3.0321147810645783,-0.16591455426623875,-8.279545624646596,-0.7393837859954702,0.2869291555990246,-0.746958041185389,-0.007574255189918833,0.023762658044057555,0.29908185519650354,7.816882597399052,-0.2491908107425494,-10.0,-0.7425797943508412,0.36604136545372523,-0.746958041185389,-0.004378246834547794,0.00918054866037417,0.29908185519650354,2.245778282656166,-0.06448096292475917,-7.396809363663004
4.01,-1.345640821710839,6.158144222407547,-0.7438492692997085,0.6017915524111306,0.07738465046131623,0.31087718856804836,50.0,3.135108759386604,10.0,0.6431216009910802,-0.7930379296823937,0.46196660588246313,-0.18115499510861705,0.09814971624154704,-0.4563319232662122,21.563497268579773,-0.11788108416955156,2.2174562615921096,-0.17150773028123292,5.868665727843304,-0.27715493371254124,-0.10564720343130832,0.08082839496892788,0.5245271416084385,50.0,-2.8684399823131703,-10.0,-0.738970942520735,0.3051223909741182,-0.7438492692997085,-0.004878326778973485,0.022675179971231217,0.31087718856804836,2.506349465698972,-0.1593396636339556,-8.962067564002922,-0.7363410101297989,0.3042775865671216,-0.7438492692997085,-0.0075082591699096035,0.02365714769370175,0.31087718856804836,8.375830415546156,-0.23909798464747903,-10.0,-0.7390368668141312,0.3542927536710036,-0.7438492692997085,-0.0048124024855773495,0.009096995360151296,0.31087718856804836,3.191018746434246,-0.06245003350168905,-7.890429623854949
4.0200000000000005,-1.2679951650927086,7.764565661813059,-0.7406230349914312,0.5273721301012774,0.08188191519614771,0.3226234308277287,50.0,2.6884041402837706,10.0,0.6312041372228516,-1.1917463768228609,0.4572391521144385,-0.17396498510841313,0.0965292410281452,-0.47274537680246365,10.775008626068164,-0.02004799693624662,1.1542596661988014,-0.11653960361707356,5.496812666415936,-0.2717346052999514,-0.15519500168287786,0.0787267636854575,0.5420328412589825,50.0,-3.7348042864401174,-10.0,-0.7354998754868567,0.3471067033878357,-0.7406230349914312,-0.005123159504574537,0.022589237705846688,0.3226234308277287,3.61234708099217,-0.2094682073385035,-9.933846736546144,-0.7330478364257739,0.3293173704025055,-0.7406230349914312,-0.0075751985656573595,0.023548463971004928,0.3226234308277287,8.52630052730921,-0.23853446971894948,-10.0,-0.7357114263341078,0.33254404800233794,-0.7406230349914312,-0.00491160865732343,0.009014624868777828,0.3226234308277287,2.6541141823705807,-0.06965844735974734,-7.75241598798726
4.03,-1.1766474276364387,9.134773745626987,-0.7372798477203544,0.4393675799160843,0.08536211362074585,0.3343187271076853,50.0,2.1142110936182337,10.0,0.6151816123220966,-1.6022524900755086,0.45234924345286676,-0.1628323688692298,0.09506114258846045,-0.488990866157174,3.7230007179615954,-0.01541862183132557,0.47852902364428784,-0.07042222421695243,4.611737940012113,-0.2661426434864577,-0.19572041926950529,0.07630838569876124,0.5591961813493695,50.0,-4.276993354726647,-10.0,-0.7317533924591819,0.3746483027674773,-0.7372798477203544,-0.005526455261172458,0.022496508322958218,0.3343187271076853,4.643538727857984,-0.18445114231934792,-10.0,-0.729454661562023,0.3593174863750841,-0.7372798477203544,-0.007825186158331388,0.023434280360784106,0.3343187271076853,9.266135668999922,-0.2644425736892028,-10.0,-0.7325830980113174,0.31283283227903863,-0.7372798477203544,-0.004696749709036996,0.008936374088459554,0.3343187271076853,2.535012156647169,-0.044535266088139056,-7.3242992557665545
4.04,-1.0744151179738337,10.223230966260505,-0.7338202354145031,0.34059488255933057,0.0877457393497131,0.3459612305851234,50.0,1.407649715779503,10.0,0.594837816526552,-2.0343795795544573,0.44729861725901043,-0.14753919926754155,0.09378918855374048,-0.5050626193856322,0.3467842868156741,-0.007445177206436096,0.052537847697810156,-0.03748245936837379,3.293976484857864,-0.26038258027499617,-0.22290012090662237,0.07374998684120924,0.5760063211461552,50.0,-4.435375110657391,-10.0,-0.7277522494063879,0.4001143052793931,-0.7338202354145031,-0.0060679860081152,0.022395817032349122,0.3459612305851234,5.469296097488716,-0.20964147814117692,-10.0,-0.7255536080220066,0.39010535400163154,-0.7338202354145031,-0.008266627392496506,0.023312603551458977,0.3459612305851234,10.256868847975262,-0.28865869966525715,-10.0,-0.7295641549041265,0.3018943107190891,-0.7338202354145031,-0.004256080510376625,0.008863623852283882,0.3459612305851234,1.9745756135543677,-0.042693566678688066,-6.6804741021569
4.05,-0.964440188850291,10.99749291235427,-0.7302447443867662,0.2341954444635248,0.08898794450311291,0.357549102773691,50.0,0.656962879985643,10.0,0.5699592271608857,-2.48785893656663,0.44208906799630726,-0.1278701591645784,0.09275927285575136,-0.5209549262703173,-1.3738883264492656,0.008017656361606094,-0.20643715370540175,-0.020883750524060305,1.6598708844313486,-0.25445805384494935,-0.23357430332088905,0.0712482567195572,0.5924526430046817,50.0,-4.2295763155039845,-10.0,-0.7235263756610762,0.42258737453116546,-0.7302447443867662,-0.006718368725689983,0.022286374607639107,0.357549102773691,6.500880253893053,-0.22491021157445404,-10.0,-0.7213788713977268,0.4174736624279796,-0.7302447443867662,-0.008865872989039403,0.023182197455325786,0.357549102773691,12.096466730427387,-0.3148964802797443,-10.0,-0.7265105938473634,0.3053561056763121,-0.7302447443867662,-0.0037341505394028474,0.00879574673632222,0.357549102773691,1.5180145787977943,-0.037899966745679484,-6.0444001926492765
4.0600000000000005,-0.8500497745376714,11.439041431261964,-0.7265539392486247,0.12349583528904673,0.08907899871287717,0.3690805138141573,-12.864031948020818,-0.0938567532931238,-1.5195904470745065,0.5404513120304889,-2.950791513039672,0.4367224465928032,-0.10372886543768572,0.09201706335267847,-0.5366621403504079,-2.56138391754855,0.022216178468504582,-0.5319496205854612,-0.022390688661822186,-0.15069381377618818,-0.24837280625419195,-0.22598211759236975,0.06900350492501113,0.6085247590757403,50.0,-3.692044820144683,-10.0,-0.7191198984611523,0.4406477199923945,-0.7265539392486247,-0.00743404078747234,0.022167969427765145,0.3690805138141573,8.07881518023581,-0.23935015760047473,-10.0,-0.7170045926218946,0.437427877583214,-0.7265539392486247,-0.009549346626730015,0.02304296120130016,0.3690805138141573,13.898395777198253,-0.33296358036401164,-10.0,-0.7232684644111284,0.3242129436235062,-0.7265539392486247,-0.003285474837496305,0.008730470693584907,0.3690805138141573,1.2318886333567667,-0.03504512258976001,-5.717826482271174
4.07,-0.7349849809245566,11.506479361311483,-0.7227484028209954,0.012236578103561158,0.08805071655778164,0.38055364276292636,-10.662473144952122,-0.7753949546416256,-10.0,0.5063908793219827,-3.4060432708506214,0.4312006597835312,-0.07519021953845145,0.09160576548437901,-0.5521786809271956,-3.0514347651437768,0.03832827530190676,-0.9084288292499608,-0.04227869060060377,-1.9888001938781583,-0.2421306810755311,-0.19985199047492733,0.06720386503964967,0.6242125178660851,50.0,-2.892745873287661,-10.0,-0.7145790448980551,0.45408535630971714,-0.7227484028209954,-0.008169357922940268,0.02204086731290477,0.38055364276292636,9.48818603766897,-0.2544586999582821,-10.0,-0.7125283040243046,0.44762885975900546,-0.7227484028209954,-0.010220098796690835,0.02289599732735735,0.38055364276292636,15.831336561606621,-0.3520676714572776,-10.0,-0.7197395489767642,0.352891543436418,-0.7227484028209954,-0.0030088538442312185,0.008665093000798953,0.38055364276292636,1.151999812246478,-0.03175260430908341,-5.733388868117451
4.08,-0.6223580826548054,11.262689826975118,-0.7188287360421957,-0.09647065338739025,0.08595974104121024,0.3919666778799735,50.0,-1.3481704039743547,-10.0,0.46817313258003307,-3.8217746741949616,0.42552566943305054,-0.042647463146982534,0.09156146832032867,-0.5674990350480691,-2.301987358859833,0.05618979025752651,-1.3507547025612268,-0.07921524974774448,-3.693655914714071,-0.23573562096901965,-0.15652037122127516,0.06600802691890834,0.6395060106511474,50.0,-1.8994065498565385,-10.0,-0.7099464448340954,0.4632600063959722,-0.7188287360421957,-0.008882291208100246,0.021905718400184168,0.3919666778799735,11.112994945479242,-0.2698648728558672,-10.0,-0.7080547033230405,0.4473600701264058,-0.7188287360421957,-0.010774032719155113,0.022743520993153164,0.3919666778799735,17.047694496796165,-0.3660311119824903,-10.0,-0.7158985370508069,0.38410119259573694,-0.7188287360421957,-0.0029301989913887994,0.008597380891625492,0.3919666778799735,1.1108281746115665,-0.0336717121543954,-6.057349893451881
4.09,-0.5150864098985204,10.727167275628501,-0.7147955578730476,-0.1997091479745272,0.0828899328339021,0.4033178169148055,50.0,-1.7756942510192648,-10.0,0.4264089421046961,-4.176419047533699,0.4196994918384109,-0.006709450266285222,0.09191201572241921,-0.5826177594639659,-0.1978119346484191,0.07636630372263345,-1.7654168186827528,-0.13037326498050317,-5.115801523275869,-0.22919166519168788,-0.09881840021118471,0.06553142306912407,0.6543955777331772,50.0,-0.7658307256984452,-10.0,-0.7052486085498613,0.46978362842341487,-0.7147955578730476,-0.009546949323186338,0.021763270544109967,0.4033178169148055,12.457066558290833,-0.28683272745443533,-10.0,-0.7036716790760821,0.4383024246958419,-0.7147955578730476,-0.011123878796965525,0.022588451962713925,0.4033178169148055,18.214256071207593,-0.36530682752419275,-10.0,-0.7117931859236324,0.41053511271745263,-0.7147955578730476,-0.003002371949415217,0.008526303660859595,0.4033178169148055,1.4116865646053198,-0.03888118847612846,-6.502606176358801
4.1,-0.41564957439994255,9.943683549857784,-0.7106495051991386,-0.29499993079919606,0.07894556517092437,0.41460526739089953,50.0,-2.051877824697624,-10.0,0.3818660822001036,-4.454285990459249,0.41372419701277025,0.03185811481266665,0.09267602546959179,-0.5975294825640631,2.7004638213612813,0.09335250635383355,-2.2616926573631355,-0.1915502439340791,-6.117697895357592,-0.22250294704626486,-0.03095270311218576,0.06583366582753797,0.6688718145423017,-20.1246918706971,0.4162498802537489,10.0,-0.7004909372843326,0.4757671265528621,-0.7106495051991386,-0.01015856791480596,0.021614108152306622,0.41460526739089953,13.62245986019488,-0.2853504449935342,-10.0,-0.6994374302918901,0.4234248784191969,-0.7106495051991386,-0.011212074907248515,0.02243398872579952,0.41460526739089953,17.9645190033026,-0.36480234331123335,-10.0,-0.7075088972948418,0.4284288628790574,-0.7106495051991386,-0.0031406079042968216,0.008452054695528722,0.41460526739089953,1.2795133665382397,-0.026799117287099893,-6.929206946902585
4.11,-0.3258870195445715,8.976255485537104,-0.7063912327302477,-0.38050421318567623,0.0742428974905139,0.4258272468890878,50.0,-2.1996618624972157,-10.0,0.33520899276312255,-4.665708943698105,0.40760190794992707,0.07239291518680452,0.09386652551582965,-0.6122289062843178,9.232729678644851,0.1153067594053078,-3.039224753507066,-0.25565058407840163,-6.410034014432251,-0.21567369127049177,0.039976892807909864,0.06687443815706029,0.6829255775773091,50.0,1.5878211562163649,10.0,-0.69565734565259,0.4833591631742712,-0.7063912327302477,-0.010733887077657767,0.021458433365212616,0.4258272468890878,15.045778023028653,-0.30262084421012253,-10.0,-0.6953717464210976,0.4065683870792494,-0.7063912327302477,-0.011019486309150173,0.02228313702400009,0.4258272468890878,17.091959923750846,-0.3400895128359428,-10.0,-0.7031354194563596,0.43734778384821626,-0.7063912327302477,-0.0032558132738881307,0.008375761784405019,0.4258272468890878,1.5763767785725065,-0.034127875190974606,-7.218640189556338
4.12,-0.24702875189199452,7.885826765257696,-0.7020214128969621,-0.45499266100496755,0.06890438820393845,0.43698198332856597,50.0,-2.1956942718434886,-10.0,0.2872432224979865,-4.796577026513603,0.40133479987003384,0.11409157737204734,0.09548709899220148,-0.6267108079893224,21.840701551667042,0.189627232572303,-4.481130367226337,-0.3169046964988408,-6.125411242043917,-0.20870821136869225,0.10819648513014854,0.06856894413256617,0.6965479901799521,50.0,2.678054304074831,10.0,-0.6907312184912658,0.4926127161324079,-0.7020214128969621,-0.01129019440569623,0.021296270149542412,0.43698198332856597,15.377346485319809,-0.23765538643333148,-10.0,-0.6914352054124875,0.3936541008610046,-0.7020214128969621,-0.010586207484474586,0.022137909539069245,0.43698198332856597,16.533280345200147,-0.31335619756018224,-10.0,-0.6987370852421829,0.43983342141766446,-0.7020214128969621,-0.003284327654779151,0.00829893516571546,0.43698198332856597,1.5226891495324846,-0.051163347246973356,-7.258863667343064
4.13,-0.1797236051342789,6.730514675771562,-0.6975407357444899,-0.5178171306102111,0.06305316543025917,0.44806771524721345,50.0,-2.0942967152615393,-10.0,0.23871854488251948,-4.852467761546702,0.3949250994467504,0.15620655456423094,0.09753441131399847,-0.6409700423283426,41.834891217524266,0.22034661541232162,-6.972157178341984,-0.3692175233055891,-5.231282680674834,-0.20161090688726616,0.16760661641832295,0.07076813856481688,0.7097304481426092,50.0,3.501171624191489,10.0,-0.685692396605223,0.5038821886042918,-0.6975407357444899,-0.011848339139266972,0.021127398539289313,0.44806771524721345,18.66896754293407,-0.3275452209514294,-10.0,-0.6875575265621647,0.38776788503227777,-0.6975407357444899,-0.009983209182325203,0.021999300658742768,0.44806771524721345,14.535456725451194,-0.2948467825005902,-10.0,-0.6943206729972963,0.44164122448866683,-0.6975407357444899,-0.003220062747193664,0.008222570415794658,0.44806771524721345,1.2160601770892798,-0.043887350952850214,-7.148578590484019
4.14,-0.12419494549961613,5.552865963466278,-0.6929499088236947,-0.5687549633240785,0.05681032920067176,0.45908269207952657,50.0,-1.976188336706223,-10.0,0.1903928190375776,-4.832572584494188,0.38837508401611603,0.19798226497853844,0.09999749122223327,-0.6550015430634382,50.0,0.4159769428807816,-10.0,-0.40708246569496953,-3.786494238938043,-0.19438626063584236,0.21269620505912717,0.07327375003930196,0.72246462514238,50.0,4.142656359666108,10.0,-0.6805522802271614,0.5140116378061502,-0.6929499088236947,-0.012397628596533261,0.020952021089543367,0.45908269207952657,20.067352830202292,-0.3563692757831969,-10.0,-0.6836377646181414,0.3919761944023323,-0.6929499088236947,-0.009312144205553263,0.021866981597247002,0.45908269207952657,11.879776955294203,-0.3007014900745539,-10.0,-0.6898534664510678,0.4467206546228443,-0.6929499088236947,-0.003096442372626851,0.008146933926606105,0.45908269207952657,1.251083494426389,-0.04086130342842855,-6.999815541624092
4.15,-0.08043164511232767,4.376330038728845,-0.6882496570793656,-0.6078180119670379,0.050294516077128495,0.4700251744329087,50.0,-1.8059824026669793,-10.0,0.14303338234751628,-4.735943669006133,0.38168708076742325,0.23865369841990697,0.10285762257333295,-0.6688003248692787,50.0,0.65150159015838,-10.0,-0.4262055322031894,-1.91230665082199,-0.1870388358558419,0.2391666963473475,0.07585664766785763,0.7347424780000444,50.0,4.266839257215372,10.0,-0.6753237885612039,0.5228491665957463,-0.6882496570793656,-0.012925868518161687,0.020770477487702176,0.4700251744329087,21.73269466462944,-0.35803884437229905,-10.0,-0.6795633392780598,0.4074425340081597,-0.6882496570793656,-0.008686317801305798,0.021739374165833127,0.4700251744329087,10.429348965666632,-0.28634240218074675,-10.0,-0.6852899299356587,0.4563536515409101,-0.6882496570793656,-0.0029597271437068473,0.008071701290014947,0.4700251744329087,1.0803076400370484,-0.026746257692761524,-6.860369772075142
4.16,-0.04834876445617178,3.208288065615589,-0.6834407227357413,-0.6350919582795695,0.04362276768777124,0.48089343436242826,50.0,-1.6152646880436967,-10.0,0.09744862305768673,-4.558475928982954,0.3748634659163832,0.27741484285869644,0.1060876185948182,-0.6823614851040105,50.0,0.9401462689913029,-10.0,-0.4240177607184685,0.21877714847209107,-0.17957327333823783,0.24444448738023064,0.07827921482681274,0.746556251760408,50.0,3.9902882729777662,10.0,-0.6700325237005154,0.5291264860688546,-0.6834407227357413,-0.013408199035225943,0.02058348284874303,0.48089343436242826,22.754804779014535,-0.3312887037675242,-10.0,-0.6752312942897787,0.4332044988281051,-0.6834407227357413,-0.008209428445962619,0.02161395943149069,0.48089343436242826,9.023985530507877,-0.2719633686767955,-10.0,-0.6805839655922792,0.4705964343379567,-0.6834407227357413,-0.0028567571434621186,0.007996074075146528,0.48089343436242826,1.3701264638463082,-0.012569187347076032,-6.879394706000646
4.17,-0.027883917431104497,2.0464847025067288,-0.6785238651793004,-0.6506399477481959,0.03691171974003861,0.491685755644089,50.0,-1.3745211553204113,-10.0,0.05464276302050328,-4.280586003718345,0.36790666386085974,0.3132639008403565,0.1096483162035936,-0.6956802055523403,50.0,1.3770074547812987,-10.0,-0.4000507127200527,2.3967047998415767,-0.17199428849232695,0.22805642422772576,0.08032010858910583,0.757898484591088,50.0,3.1562388332338918,10.0,-0.6647052248736104,0.5327298826904933,-0.6785238651793004,-0.013818640305690022,0.020392023457417082,0.491685755644089,24.130544048693842,-0.3489620999172525,-10.0,-0.6705518229958227,0.4679471293955936,-0.6785238651793004,-0.00797204218347769,0.021487444296716354,0.491685755644089,10.106201323633199,-0.24858394794046113,-10.0,-0.675729453451319,0.48545121409602615,-0.6785238651793004,-0.0027944117279814495,0.007919584836457112,0.491685755644089,0.834652389532007,-0.03859430579975823,-6.944826629759697
4.18,-0.01904373877943542,0.8840178651669077,-0.6734998608388499,-0.6544561220594145,0.030278756732927778,0.5024004340450472,50.0,-1.0974795113559446,-10.0,0.015846808167440905,-3.879595485306237,0.36081914631949674,0.34497233815205586,0.11348599913364478,-0.7087517541362998,50.0,1.8060640125954968,-10.0,-0.3560040832579517,4.404662946210104,-0.1643066683673825,0.19169741489056918,0.08179661644339052,0.768762012494445,50.0,1.9131591756128914,10.0,-0.6593716465482233,0.5333578325387005,-0.6734998608388499,-0.014128214290626606,0.020197405531256943,0.5024004340450472,25.52134446924841,-0.3495462630372279,-10.0,-0.6654674427581142,0.5084380237708477,-0.6734998608388499,-0.008032418080735737,0.021356276313531913,0.5024004340450472,9.65366403028484,-0.25252144751354255,-10.0,-0.6707330903308659,0.499636312045304,-0.6734998608388499,-0.0027667705079840177,0.007841953500172742,0.5024004340450472,1.3286280958211436,-0.04537195435248685,-7.083916058801371
4.19,-0.02190795638902158,-0.28642176095861616,-0.6683695030629142,-0.6464615466738927,0.023842783442284715,0.5130357775935734,50.0,-0.8523976585584243,-10.0,-0.01751898088909075,-3.3365789056531656,0.3536034314535294,0.37112241234262017,0.1175308811476363,-0.7215714865967338,50.0,2.2648612789458813,-10.0,-0.29554432912776474,6.045975413018697,-0.15651526862904555,0.1390290604987192,0.08258230950707583,0.7791399738336952,50.0,0.42932454646172885,10.0,-0.6540563540207524,0.531529252747103,-0.6683695030629142,-0.014313149042161855,0.020001121115560617,0.5130357775935734,27.443575900038997,-0.35294886650512874,-10.0,-0.6599404828284944,0.5526959929619774,-0.6683695030629142,-0.008429020234419826,0.02121671651189152,0.5130357775935734,10.985798815748865,-0.300916282220881,-10.0,-0.6656243491033219,0.5108741227544044,-0.6683695030629142,-0.0027451539595922947,0.007763414548301379,0.5130357775935734,-1.3650860586506972,-0.025607836090507506,-7.188108774385504
4.2,-0.03659758552906136,-1.4689629140039777,-0.66313360199446,-0.6265360164653987,0.017724319569031127,0.5235901068454174,50.0,-0.6085391745464723,-10.0,-0.04394911276505285,-2.64301318759621,0.3462620829720911,0.39021119573714397,0.12169729442376737,-0.7341348481438303,50.0,2.681912950710646,-10.0,-0.2238831397856434,7.1661189342121325,-0.1486250104923887,0.0752581292932547,0.08261827890658717,0.7890258136656864,-50.0,-1.079180081499289,-10.0,-0.6487791191005621,0.5277234920190307,-0.66313360199446,-0.014354482893897957,0.019804803937419735,0.5235901068454174,26.40414219292879,-0.32617650297078055,-10.0,-0.6539753067325622,0.596517609593222,-0.66313360199446,-0.00915829526189782,0.02106548179831322,0.5235901068454174,13.591430058422906,-0.30022254851980207,-10.0,-0.660420500463825,0.5203848639496905,-0.66313360199446,-0.002713101530634976,0.007684245046600061,0.5235901068454174,1.031560085112443,-0.010152935494549566,-7.22625911128746
4.21,-0.06328172712584156,-2.66841415967802,-0.657792984442963,-0.5945112573171214,0.012046048411827714,0.5340617551497062,50.0,-0.4042321466813612,-10.0,-0.06175101069854199,-1.7801897933489137,0.3387977092213406,0.4005487199198826,0.12588080060230106,-0.7464373750750486,50.0,3.0061653760769937,-10.0,-0.1498294003600948,7.405373942554858,-0.14064087761356606,0.009188522746528732,0.08196962673979698,0.7984132878822631,-29.174653664742557,-2.4747887288046693,-10.0,-0.6435314452562471,0.5247673844314997,-0.657792984442963,-0.01426153918671591,0.019609711807109426,0.5340617551497062,24.232419625508793,-0.3428253180990426,-10.0,-0.6476017799006987,0.637352683186352,-0.657792984442963,-0.010191204542264298,0.02089983448457194,0.5340617551497062,18.82175361913108,-0.3453572757608458,-10.0,-0.6551285050263288,0.5291995437496215,-0.657792984442963,-0.002664479416634169,0.0076046802980587564,0.5340617551497062,0.7106940949276696,-0.019568262199649012,-7.180062682018713
4.22,-0.10187818682293776,-3.8596459697096206,-0.6523484937538435,-0.5504703069309058,0.006927309939489618,0.5444490689119341,50.0,-0.21749311250500503,-10.0,-0.06987795866488544,-0.8126947966343447,0.3312129622577298,0.4010909209226152,0.12997297929119064,-0.7584746963610833,50.0,3.2293835273040457,-10.0,-0.07890434692101035,7.092505343908444,-0.13256791294202996,-0.05366356602101961,0.08072374054519593,0.8072964671536093,50.0,-3.5331709402473117,-10.0,-0.6382801886482574,0.5251256607989606,-0.6523484937538435,-0.014068305105586099,0.01941651618997367,0.5444490689119452,24.212789408965765,-0.3353676033106645,-10.0,-0.6409290096126685,0.6672770288030114,-0.6523484937538435,-0.011419484141174996,0.020718911940279888,0.5444490689119452,22.05266081508005,-0.3914216590932912,-10.0,-0.6497281864490133,0.5400318577315517,-0.6523484937538435,-0.002620307304830205,0.007524474039237299,0.5444490689119452,1.003587627755063,0.0031856114120912436,-7.192705965025298
4.23,-0.1520488860050379,-5.017069918210014,-0.6468009896752964,-0.4947521036702585,0.0024814958946080346,0.5547504078547039,50.0,-0.06472816675297188,-10.0,-0.0676379950838881,0.22399635809973395,0.3235105369057376,0.39114853198962574,0.13386206497527695,-0.770242535199217,50.0,3.2947462831809067,-10.0,-0.016897547413160595,6.200679950784975,-0.12441121553529802,-0.10751366812213742,0.07902853586889606,0.8156697406731944,50.0,-4.222549896758366,-10.0,-0.6330032140604054,0.5276974587852054,-0.6468009896752964,-0.013797775614891039,0.01922576868794624,0.5547504078547094,24.28231716166198,-0.32518205886999846,-10.0,-0.6340828228570518,0.6846186755616775,-0.6468009896752964,-0.01271816681824467,0.020523268404541273,0.5547504078547094,25.309942070089683,-0.40910612443878236,-10.0,-0.6442163716772269,0.5511814771786409,-0.6468009896752964,-0.002584617998069527,0.0074435097115387394,0.5547504078547094,0.9125775288595048,-0.015573208239733082,-7.251201582298631
4.24,-0.21307659081872116,-6.1027704813683235,-0.6411513482225255,-0.42807475740380435,-0.0011889746312931763,0.5649641452770915,50.0,0.0301281860322351,-10.0,-0.05485596709679713,1.2782027987090967,0.31569316980041645,0.3705491368972136,0.13743973606437815,-0.781736710532116,50.0,3.1867492856555404,-10.0,0.03125604279847642,4.815359021163702,-0.11617593733827977,-0.14743198013675618,0.07707268016541213,0.8235278197018248,50.0,-4.426855028722148,-10.0,-0.6276744069784088,0.5328807081996592,-0.6411513482225255,-0.013476941244116691,0.019037711204685108,0.5649641452770915,22.688031769112868,-0.31597050210371497,-10.0,-0.627207199161851,0.6875623695200745,-0.6411513482225255,-0.013944149060674538,0.02031507067698252,0.5649641452770915,30.341704412154986,-0.43055068013758635,-10.0,-0.63860339347254,0.56129782046869,-0.6411513482225255,-0.0025479547499854815,0.007361900381992016,0.5649641452770915,0.8926933076605272,-0.011956243505322506,-7.309962536213464
4.25,-0.28380708992651976,-7.073049910779862,-0.6354004615394075,-0.3515933716128878,-0.003997603356344068,0.5750886683117962,50.0,0.07861046442679948,-10.0,-0.03191806397070966,2.293790312608747,0.3077636384150762,0.3396817023857859,0.14060717405697512,-0.7929531385340249,50.0,2.934274795484842,-10.0,0.06199209320831493,3.0736050409838507,-0.10786727992919275,-0.16985937313750768,0.07506672592993865,0.8308657409087011,50.0,-4.236794729915376,-10.0,-0.6222519106173748,0.5422496361034,-0.6354004615394075,-0.013148550922032709,0.018852000731854442,0.5750886683117962,21.852335113152392,-0.3071463347880661,-10.0,-0.6204619395819533,0.6745259579897733,-0.6354004615394075,-0.014938521957454265,0.020098232861609003,0.5750886683117962,33.85823040171481,-0.4468379542912956,-10.0,-0.63290049755927,0.5702895913270025,-0.6354004615394075,-0.0024999639801375206,0.007279871783057941,0.5750886683117962,0.9980287803335525,-0.017756607785782003,-7.26498683809246
4.26,-0.36266561793548857,-7.885852800896881,-0.6295492377576167,-0.26688361982212816,-0.005877854274475662,0.5851223781790815,50.0,0.07122226221112252,-10.0,0.00025243437828272736,3.217049834899239,0.29972476007446003,0.2994723256961773,0.14328019233044695,-0.8038878340616173,50.0,2.5440141328346426,-10.0,0.07343630294635413,1.1444209738039202,-0.09949049123413987,-0.172926794180494,0.07322301589075332,0.8376788695052872,50.0,-3.666081258383823,-10.0,-0.6166975043177897,0.5554406299585142,-0.6295492377576167,-0.01285173343982704,0.01866793933446032,0.5851223781790815,20.902080151696584,-0.30698537338846904,-10.0,-0.6139753979351645,0.6486541646788782,-0.6295492377576167,-0.015573839822452196,0.019877629046916593,0.5851223781790815,35.43128299472318,-0.4521746748107625,-10.0,-0.6270886958592111,0.5811801700058954,-0.6295492377576167,-0.0024605418984056104,0.007197148347073296,0.5851223781790815,0.7065645648196972,-0.0249800570786941,-7.300341263819377
4.2700000000000005,-0.44773821892759086,-8.507260099210228,-0.6235986008532177,-0.17586038192562686,-0.006785732083810908,0.5950636904399009,50.0,0.041878142861524165,-10.0,0.040264973238687815,4.001253886040509,0.2915793909537627,0.25131441771507484,0.14539321111899367,-0.8145369120697354,50.0,2.028103473970029,-10.0,0.065592297531298,-0.7844005415056128,-0.09105086221240402,-0.15664315974370202,0.07173502434746687,0.8439629021735839,50.0,-2.7812774650496475,-10.0,-0.6109724622752405,0.5725042042549157,-0.6235986008532177,-0.01262613857797723,0.018484427528255055,0.5950636904399009,20.40567124156522,-0.29720545544102844,-10.0,-0.6078189647716435,0.6156433163521006,-0.6235986008532177,-0.015779636081574178,0.019658268354465644,0.5950636904399009,35.6672892553509,-0.4556566240254169,-10.0,-0.6211729575079276,0.5915738351283547,-0.6235986008532177,-0.0024256433452901627,0.007113734530107559,0.5950636904399009,0.6734585385877521,-0.022718768442770796,-7.3346166408195534
4.28,-0.536889472806592,-8.915125387900114,-0.6175494905007596,-0.08066001769416753,-0.006700819721962571,0.6049110352458142,-5.9130115360025055,-0.005733759218437025,1.8651432661026277,0.08635865771796628,4.609368447927845,0.2833304250638507,0.19697176734588442,0.14690199194765974,-0.8248965889911974,50.0,1.4385732829304816,-10.0,0.040380613657876444,-2.521168387342156,-0.08255372351456526,-0.1229343371724417,0.07075779781447666,0.8497138697838774,50.0,-1.6769300786028525,-10.0,-0.605044501520306,0.5927960754934473,-0.6175494905007596,-0.012504988980453602,0.01830009803090117,0.6049110352458142,20.311867225581473,-0.2971234616877796,-10.0,-0.6019999958245481,0.5818968947095395,-0.6175494905007596,-0.015549494676211473,0.019444583718232572,0.6049110352458142,33.89596382338373,-0.42213494382784517,-10.0,-0.6151590410180162,0.6013916489911375,-0.6175494905007596,-0.002390449482743362,0.007029690870381012,0.6049110352458142,0.7068966889236671,-0.02279159337377453,-7.339991533878048
4.29,-0.627576288828939,-9.068681602234697,-0.6114028619248906,0.016173426904048438,-0.005632217292698617,0.6146628575869006,11.74906045997527,-0.043121024426330916,10.0,0.13652260577513137,5.016394805716509,0.2749807932230247,0.13845818744789334,0.147784934341567,-0.8349631840825988,50.0,0.7866751199719973,-10.0,0.0015588049122691322,-3.8821808745607314,-0.07400444211554771,-0.07556324702781685,0.07039038343165457,0.8549281399017546,47.38544673222554,-0.4394523745988265,-10.0,-0.5988953557256087,0.6149145794697292,-0.6114028619248906,-0.01250750619928187,0.01811353151096138,0.6146628575869006,20.61352439392113,-0.30044157708961017,-10.0,-0.5964546129174471,0.5545382907101029,-0.6114028619248906,-0.014948249007443515,0.019239647399087127,0.6146628575869006,30.89242748143138,-0.39607490329053985,-10.0,-0.6090443507924843,0.6114690225531871,-0.6114028619248906,-0.00235851113240626,0.00694495885680163,0.6146628575869006,0.6900657813487129,-0.021381557659281965,-7.356629554750692
4.3,-0.717555406444184,-8.997911761524499,-0.6051596857495173,0.11239572069466675,-0.0036084689095995,0.6243176175373288,50.0,-0.05282439026957902,10.0,0.1885879325808583,5.206532680572693,0.2665334620157186,0.0779455294348603,0.14804373636785836,-0.8447331207306119,7.436358926449852,0.1309073451344089,-3.1582070108513913,-0.04560902337351993,-4.716782828578906,-0.0654084179247238,-0.019799394551203865,0.07066406776900043,0.859602419082392,-21.890063554337836,0.7851263200920372,10.0,-0.5925172568351096,0.6378098890499104,-0.6051596857495173,-0.0126424289144077,0.01792332623291231,0.6243176175373288,21.47442607887528,-0.30185593489268253,-10.0,-0.5910640012922614,0.5390611625185563,-0.6051596857495173,-0.014095684457255842,0.019044784438262713,0.6243176175373288,27.331797623563205,-0.3815274779785659,-10.0,-0.6028300719470238,0.6214278845460537,-0.6051596857495173,-0.0023296138024935242,0.006859519930322089,0.6243176175373288,0.6818704313311332,-0.018459446455405454,-7.396360264229474
4.3100000000000005,-0.8045744883619056,-8.701908191772159,-0.5988209478445297,0.20575354051737593,-0.0006807426852485248,0.6338737904987624,50.0,-0.014687048803592388,10.0,0.23996455803084693,5.137662544998864,0.25799143273849034,0.018026874707643414,0.1477102388604349,-0.8542029277228247,-6.044466048826227,-0.4582303117889065,10.0,-0.09269112713829705,-4.708210376477712,-0.0567710803752126,0.035920046763084454,0.07149408927427904,0.8637337549511195,50.0,1.934840295703171,10.0,-0.5859179203591796,0.6599336475929993,-0.5988209478445297,-0.012903027485350105,0.01772830259329951,0.6338737904987624,22.325953028605074,-0.2983078344455231,-10.0,-0.5856917195835457,0.5372281708715783,-0.5988209478445297,-0.01312922826098395,0.018859769338565716,0.6338737904987624,23.768885076968438,-0.3432381264300475,-10.0,-0.5965253287153902,0.6304743231633523,-0.5988209478445297,-0.002295619129139448,0.006773516306714359,0.6338737904987624,0.6454566741271248,-0.024499766362531598,-7.382457998359384
4.32,-0.8865868411362289,-8.201235277432325,-0.5923876491701251,0.2941991919661038,0.0030813727621557463,0.6433298674404564,50.0,0.08644595185095943,10.0,0.28835361678468235,4.838905875383542,0.24935774033366684,-0.038995876451015515,0.1468363895083864,-0.8633692404823506,25.430459251825905,-0.978068528946927,10.0,-0.13316458492751482,-4.047345778921776,-0.04809788499453977,0.08506669993297505,0.07274949085150097,0.8673195380672835,50.0,2.828377723470069,10.0,-0.5791259861266892,0.6791934232490332,-0.5923876491701251,-0.0132616630434359,0.017527766620540248,0.6433298674404564,23.839355294972282,-0.31078435390235404,-10.0,-0.5801767480355746,0.5514971547971139,-0.5923876491701251,-0.012210901134550478,0.0186825106117405,0.6433298674404564,20.979354698961938,-0.3223285583251759,-10.0,-0.5901216936433391,0.6403635072051101,-0.5923876491701251,-0.00226595552678599,0.006686820400725988,0.6433298674404564,0.6710802367963574,-0.013931820122089912,-7.384087911934167
4.33,-0.961610843343655,-7.5024002207426115,-0.5858608056187417,0.37575003772491333,0.007589113161479141,0.6526843551383443,50.0,0.23170431061365013,10.0,0.3319248203215823,4.35712035369,0.24063545231104744,-0.09128936801053489,0.14548778379291202,-0.8722288022619401,50.0,-1.3364410588807043,10.0,-0.16088321605946723,-2.7718631131952405,-0.03939430995880378,0.12148890610066346,0.07424156622382713,0.8703575035735989,50.0,3.4306197850782705,10.0,-0.572188443237948,0.6937542888741148,-0.5858608056187417,-0.013672362380793612,0.0173216675678449,0.6526843551383443,25.18268688794927,-0.33554239016178805,-10.0,-0.5743752866778048,0.5801461357769814,-0.5858608056187417,-0.011485518940936856,0.018509640808753433,0.6526843551383443,18.923251502230272,-0.2922373850929369,-10.0,-0.5836159833142682,0.6505710329070901,-0.5858608056187417,-0.002244822304473426,0.0065993150743905455,0.6526843551383443,0.2716197710189852,-0.017987848772176997,-7.457148253128055
4.34,-1.0277592734266527,-6.614843008299776,-0.5792414478546366,0.44851782557201614,0.01273577571802928,0.6619357764105049,50.0,0.467665105338588,10.0,0.36912942369937407,3.720460337779175,0.23182766765803767,-0.1373017560413364,0.14374272019872075,-0.880778465300977,50.0,-1.5673034816489075,10.0,-0.1708235969586524,-0.9940380899185182,-0.0306658526325432,0.1401577443261092,0.07574254747608007,0.8728457326260569,50.0,3.5382277187469535,10.0,-0.5651601879328979,0.702825530505012,-0.5792414478546366,-0.014081259921738698,0.01711057241557701,0.6619357764105049,25.477191016414235,-0.3376368340946492,-10.0,-0.5681684839569849,0.6206802720819833,-0.5792414478546366,-0.011072963897651666,0.018336843142568716,0.6619357764105049,19.38583166665129,-0.3266813750706609,-10.0,-0.5770289934227928,0.658698989147539,-0.5792414478546366,-0.0022124544318438133,0.006511320631157352,0.6619357764105049,0.9252727413186574,-0.024627741368713218,-7.466271651272093
4.3500000000000005,-1.0832416057924832,-5.548233236583043,-0.5725306211511348,0.5107109846413483,0.018397708888101067,0.671082670350176,50.0,0.7560127708297121,10.0,0.39888307450098215,2.9753650801608065,0.22293751573858211,-0.17594555876240003,0.14168572810308067,-0.8890151919455552,50.0,-1.6183637556839559,10.0,-0.159755426343207,1.1068170615445414,-0.0219180260964858,0.1378374002467212,0.07701023977239282,0.8747826536057407,50.0,3.177644336897975,10.0,-0.5580895533070682,0.7070634625829719,-0.5725306211511348,-0.014441067844066624,0.01689545539087805,0.671082670350176,26.856914815536268,-0.3376945576635137,-10.0,-0.5614838583935772,0.6684625563407813,-0.5725306211511348,-0.011046762757557671,0.018159529259359063,0.671082670350176,19.010462522162317,-0.3260145259800629,-10.0,-0.5703609932250769,0.6668000197715896,-0.5725306211511348,-0.0021696279260579043,0.006422944349919615,0.671082670350176,0.4655087256369697,-0.02939623006271863,-7.477265058127505
4.36,-1.1264017524361893,-4.316014664370614,-0.5657293852255689,0.5606723672106204,0.024436034026644335,0.6801235925565918,50.0,1.0334339216280222,10.0,0.4205849968676438,2.1701922366661623,0.21396815518132958,-0.2066168416863142,0.1394025404625509,-0.8969360557252531,50.0,-1.575009558110356,10.0,-0.12668128390554792,3.3074142437659075,-0.01315635566536927,0.11352492824017865,0.07781474763041803,0.876167043111653,50.0,2.296803402465612,10.0,-0.5510261068546769,0.7063446452391368,-0.5657293852255689,-0.014703278370892026,0.016677788142645218,0.6801235925565918,28.350142403766217,-0.3214232601030114,-10.0,-0.5542758605240492,0.7207997869528002,-0.5657293852255689,-0.011453524701519724,0.017972914033648583,0.6801235925565918,20.112782319539495,-0.35567370893786787,-10.0,-0.5636110947155981,0.674989850947878,-0.5657293852255689,-0.0021182905099708105,0.006334262459725118,0.6801235925565918,0.027086930812326812,-0.02712392577609237,-7.384768863981758
4.37,-1.1557884883213334,-2.938673588514404,-0.5588388140719323,0.5969496742494012,0.030699398127989785,0.6890571153636671,50.0,1.3276077022517325,10.0,0.43408739922169237,1.350240235404859,0.2049227727573758,-0.22916462646431657,0.13697587017436724,-0.904538242395378,50.0,-1.4415242118598885,10.0,-0.0730260143640318,5.365526954151611,-0.0043863753980284415,0.06863963896600336,0.0779645913246629,0.8769980267340827,50.0,0.9338713519542619,10.0,-0.5440050043454054,0.7021102509271412,-0.5588388140719323,-0.014833809726526814,0.016459239020287234,0.6890571153636671,28.5195822429709,-0.3426271532038271,-10.0,-0.5465453831096749,0.7730477414374229,-0.5588388140719323,-0.012293430962257323,0.01777267494988227,0.6890571153636671,23.738264375167887,-0.36923690936646353,-10.0,-0.556741752914207,0.6869341801391051,-0.5588388140719323,-0.002097061157725233,0.006244598430133954,0.6890571153636671,0.42070821247157364,-0.013239456756841992,-7.477665844361457
4.38,-1.1702563848958347,-1.4467896574501375,-0.551859995791289,0.6183963891045458,0.037028040984780256,0.6978818280643284,50.0,1.5543143652041131,10.0,0.4395893772437789,0.5501978022086533,0.1958045822480253,-0.2437847949957536,0.13448300244418887,-0.9118190509350504,50.0,-1.2044061865708722,10.0,-0.0025280214590018835,7.0497992905029925,0.0043863753980281,0.006914396857029983,0.07732875536418289,0.8772750796056541,-4.388262879619016,-0.5536319683871186,-10.0,-0.5370293584045588,0.69756459408466,-0.551859995791289,-0.014830637386730183,0.016241176187011465,0.6978818280643284,29.653885743002846,-0.31879288275561574,-10.0,-0.5383495461259535,0.8195836983721405,-0.551859995791289,-0.013510449665335433,0.017555612083391698,0.6978818280643284,29.898453034906318,-0.3688510830251497,-10.0,-0.5497827118726111,0.695904104159598,-0.551859995791289,-0.002077283918677897,0.006154235180531216,0.6978818280643284,0.2443336048487836,-0.01011200910467505,-7.500567763647526
4.39,-1.1691289038283033,0.1127481067531384,-0.5447940324199458,0.6243348714083574,0.04326011488818852,0.7065963371343131,50.0,1.8703984651160348,10.0,0.4376360786133392,-0.19532986304396838,0.1866168233029487,-0.2510192553103905,0.13199234287738934,-0.9187758945076591,50.0,-1.0401080916250336,10.0,0.0771759193223242,7.970394078132609,0.013156355665368928,-0.06401956365695527,0.07589152031980007,0.876998026734084,50.0,-2.130996676091598,-10.0,-0.5300881088239752,0.694124958058359,-0.5447940324199458,-0.014705923595970671,0.01602470445524592,0.7065963371343131,27.54119158082284,-0.3036310309143669,-10.0,-0.529790012717498,0.8559533408455479,-0.5447940324199458,-0.015004019702447802,0.017319976552282665,0.7065963371343131,35.53573006553136,-0.41831837374733694,-10.0,-0.5427386399555771,0.7044071917033898,-0.5447940324199458,-0.0020553924643686994,0.00606324053671719,0.7065963371343131,0.2460010217592689,-0.017524242824020736,-7.443726190078054
4.4,-1.1521680242719943,1.6960879556309005,-0.5376420397554302,0.614525984516564,0.04923576593779107,0.7151992664515605,50.0,2.0328526837271164,10.0,0.42856740052303166,-0.9068678090307551,0.17736276028914885,-0.2512046402338828,0.12957098325595362,-0.9254063013799829,50.0,-0.8715196931019021,10.0,0.15938495553770476,8.220903621538055,0.021918026096486694,-0.13746692944121808,0.07369476066323408,0.8761670431117752,50.0,-3.4989138652176663,-10.0,-0.5231205272473192,0.6967581576655952,-0.5376420397554302,-0.014521512508111067,0.015809813514398252,0.7151992664515605,27.471592170783623,-0.2821167926806029,-10.0,-0.5210228228105146,0.8767189906983389,-0.5376420397554302,-0.016619216944915638,0.017066112483763673,0.7151992664515605,42.06720734023589,-0.44735925581078917,-10.0,-0.5355854665000911,0.7153173455486017,-0.5376420397554302,-0.0020565732553391447,0.0059711430696089375,0.7151992664515605,-0.3817274768133977,-0.024439685387718027,-7.528015310376918
4.41,-1.1196639526431196,3.250407162887459,-0.5304051471802941,0.5892588054628255,0.054803313276130576,0.7236892575136156,50.0,2.0995371457973815,10.0,0.4126155540844385,-1.5951846438593176,0.16804568113115373,-0.24456987295328478,0.1272848029908067,-0.9317079157995123,50.0,-0.7260988100330987,10.0,0.23696292161670776,7.757796607900299,0.03066585263254286,-0.2062970689841649,0.0708560103126024,0.8747826536056186,50.0,-4.563143354207157,-10.0,-0.5160711973606184,0.70493298867008,-0.5304051471802941,-0.014333949819675729,0.015595980717334486,0.7236892575136156,28.136219871457104,-0.2747723310930525,-10.0,-0.512243603954516,0.8779218855998681,-0.5304051471802941,-0.01816154322577812,0.016796704862945905,0.7236892575136156,50.0,-0.49301291340362147,-10.0,-0.5283510043779809,0.7234462122110193,-0.5304051471802941,-0.002054142802313197,0.0058782570203647026,0.7236892575136156,0.2577530662904802,-0.014342887105636195,-7.522569954804331
4.42,-1.0724071681021152,4.725678454100444,-0.5230844974837662,0.549322670618349,0.05982397213690402,0.7320649696527903,50.0,2.0298176510732664,10.0,0.38988701277113297,-2.2728541313305555,0.1586688961428203,-0.23121811662831268,0.12519990723765662,-0.9376784988333442,50.0,-0.5816168164690183,10.0,0.3030999946359857,6.613707301927796,0.03939430995880344,-0.26370568467718225,0.0675575827356378,0.8728457326260597,50.0,-5.0,-10.0,-0.5088915670669195,0.7179630293698818,-0.5230844974837662,-0.01419293041684666,0.01538225511022903,0.7320649696527903,27.238907963914475,-0.286718149782759,-10.0,-0.5036772128702192,0.8566391084296834,-0.5230844974837662,-0.019407284613547016,0.016516968105967467,0.7320649696527903,50.0,-0.467821051720889,-10.0,-0.5210313956381204,0.7319608739860449,-0.5230844974837662,-0.0020531018456457772,0.005784529914509641,0.7320649696527903,0.689080322572316,-0.011824889830660516,-7.606309887195658
4.43,-1.0116293762544555,6.077779184765973,-0.5156812466812981,0.49594812957315737,0.064175675514159,0.7403250802468064,50.0,1.8752021395565954,10.0,0.3604384551689431,-2.9448557602189895,0.14923573685120975,-0.21120271831773332,0.12338236563050119,-0.9433159291610538,50.0,-0.45707318418761844,10.0,0.3519628453558535,4.8862850719867765,0.04809788499453943,-0.30386496036131405,0.06403030462482599,0.8703575035735989,50.0,-5.0,-10.0,-0.5015331660097498,0.735840105716963,-0.5156812466812981,-0.014148080671548269,0.015167190292941852,0.7403250802468064,26.577264664691274,-0.2833868189343189,-10.0,-0.4954460856411537,0.8231127229065421,-0.5156812466812981,-0.02023516104014439,0.01623230522327537,0.7403250802468064,50.0,-0.4484764920424419,-10.0,-0.5136562881207071,0.7375107517413371,-0.5156812466812981,-0.002024958560591039,0.005690529253729597,0.7403250802468064,0.5595117340995803,-0.033363091727185365,-7.570126671774665
4.44,-0.9389363535762788,7.269302267817664,-0.5081965638320115,0.4307397897442673,0.0677561431848199,0.7484682849286606,50.0,1.5667562670215374,10.0,0.3244085232691819,-3.6029931899761145,0.13974955481289955,-0.18465896845628235,0.12189607526493598,-0.9486182038310198,49.41057281471144,-0.3412107578911608,10.0,0.3792140513558569,2.7251206000003427,0.05677108037521288,-0.322442970980644,0.06053336285501952,0.867319538067346,50.0,-4.895116254677341,-10.0,-0.4939686885883586,0.7564477421391268,-0.5081965638320115,-0.014227875243652932,0.01494926676629141,0.7484682849286606,27.166005901637924,-0.2942230908495952,-10.0,-0.4876338386949725,0.7812246946181196,-0.5081965638320115,-0.020562725137038995,0.015948555502443167,0.7484682849286606,50.0,-0.45593132132900216,-10.0,-0.5062084995829821,0.7447788537724955,-0.5081965638320115,-0.00198806424902942,0.005596170725862052,0.7484682849286606,0.7275875314399873,-0.020108265669022896,-7.54269281109894
4.45,-0.8562427147513034,8.269363882497537,-0.5006316308540948,0.35561108389720864,0.07048531763554224,0.7564932977916716,50.0,1.2067267833877122,10.0,0.28215617435109464,-4.225234891808729,0.1302137204231965,-0.15194245392789812,0.12079917421483786,-0.9535834389703041,22.236039241413767,-0.18037326016689614,5.473302133405571,0.3823658471283986,0.31517957725417034,0.06540841792472346,-0.31695742920367515,0.05733227060525735,0.8637337549510571,50.0,-4.240861171758845,-10.0,-0.4862018280732496,0.7766860515109023,-0.5006316308540948,-0.014429802780845213,0.014727300133331867,0.7564932977916716,28.13618739343208,-0.29469333404274983,-10.0,-0.48027498177031636,0.735885692465617,-0.5006316308540948,-0.020356649083778433,0.015671400442358818,0.7564932977916716,50.0,-0.4314981672703844,-10.0,-0.4986738206224951,0.7534678960486979,-0.5006316308540948,-0.001957810231599688,0.005501245833941185,0.7564932977916716,0.550960222114287,-0.013326723731809677,-7.544826463021066
4.46,-0.7656867840748314,9.055593067647209,-0.4929876423381607,0.27269914173667065,0.07230674974614422,0.7643988515934064,50.0,0.7929481863177914,10.0,0.23455338244201368,-4.760279190908095,0.12063162171865692,-0.11392176072335676,0.12013598452669512,-0.958209870453959,0.5030063290005534,-0.008005406180877934,0.199520462137799,0.36090860949392684,-2.1457237634471795,0.07400444211554738,-0.2869041673783794,0.05467780130781827,0.8596024190823948,50.0,-3.3258139851878195,-10.0,-0.4782562802360789,0.7945547837170636,-0.4929876423381607,-0.014731362102081813,0.014500531033939343,0.7643988515934064,29.509341203520677,-0.2847564748812909,-10.0,-0.4733510754276782,0.692390634263815,-0.4929876423381607,-0.019636566910482545,0.015405795709827612,0.7643988515934064,50.0,-0.4129435208484647,-10.0,-0.49104947835718343,0.7624342265311679,-0.4929876423381607,-0.0019381639809772921,0.005405620771478296,0.7643988515934064,0.43551478608901023,-0.009897883373972995,-7.559195987916365
4.47,-0.6695763468234345,9.611043725139687,-0.4852658053586069,0.18431054146482756,0.07318875078827852,0.7721836979553809,50.0,0.3622645250818999,10.0,0.1827430125648276,-5.181036987718606,0.11100666317332242,-0.0717363493915052,0.11993672473155194,-0.9624958545334502,-9.115594445135882,0.15686751657971648,-5.01283992112692,0.3163694024364785,-4.453920705744837,0.08255372351456493,-0.23381567892191357,0.05278503658917362,0.8549281399017533,50.0,-2.2483522688622104,-10.0,-0.4701668652346435,0.8089415001435418,-0.4852658053586069,-0.0150989401239634,0.014268647482685354,0.7721836979553809,30.3983791144299,-0.2909921493491832,-10.0,-0.4667902631873078,0.6560812240370356,-0.4852658053586069,-0.018475542171299097,0.015155432165710917,0.7721836979553809,45.31992808292396,-0.36674427392950587,-10.0,-0.4833381950676153,0.7711283289568165,-0.4852658053586069,-0.0019276102909916437,0.005309231835672698,0.7721836979553809,0.4571622661377863,-0.00566860626688276,-7.602294299599615
4.48,-0.5702930244236426,9.92833223997919,-0.4774673392830068,0.09282568514063583,0.07312417441568697,0.7798466075600141,-4.438765084660482,-0.036002199942086116,-1.5184875421703716,0.12804283717326553,-5.470017539156206,0.10134226448913192,-0.026700572684133617,0.12021672075862622,-0.96643986841905,-6.442075476463572,0.2961847461988814,-9.536310343141547,0.25216412759796814,-6.420527483851037,0.0910508622124043,-0.16111326538556384,0.051815956683703084,0.8497138697839385,50.0,-1.0608793015043454,-10.0,-0.461962039899685,0.8204825334958518,-0.4774673392830068,-0.015505299383321791,0.01403154623550255,0.7798466075600141,32.03559273135369,-0.29275245425756763,-10.0,-0.4604233514051181,0.6366911782189749,-0.4774673392830068,-0.01704398787788869,0.014921323169110134,0.7798466075600141,38.52199662781874,-0.3358829961507987,-10.0,-0.47555479304252285,0.7783402025092426,-0.4774673392830068,-0.0019125462404839255,0.005212272353016934,0.7798466075600141,0.46169634577263047,-0.013385241930269916,-7.6042702644700135
4.49,-0.470551192608408,9.974183181523461,-0.469593475579558,0.0009577170288500025,0.07213633326782312,0.787386370344878,-0.49019738770267157,-0.40303091099761335,-10.0,0.0718082564278271,-5.623458074543844,0.09164185938092342,0.01983360295309633,0.12097740259561157,-0.9700405108208493,6.611338920881263,0.40769458205189857,-10.0,0.17329814684356,-7.886598075440812,0.09949049123413954,-0.07380765560942047,0.05186653993515296,0.8439629021735242,-23.95206515154731,0.16793589989622362,10.0,-0.4536612402505918,0.8300799649093216,-0.469593475579558,-0.015932235328966204,0.013789215885721958,0.787386370344878,33.67561593662719,-0.2929624094855212,-10.0,-0.4540400847043634,0.6383266700754661,-0.469593475579558,-0.015553390875194584,0.01470195659335064,0.787386370344878,32.35398474209246,-0.3062536750327539,-10.0,-0.4676975302700889,0.7857262772433944,-0.469593475579558,-0.0018959453094690715,0.0051147402721979035,0.787386370344878,0.45674877611998144,-0.012139997989034946,-7.609314404901678
4.5,-0.3724267189353434,9.81244736730646,-0.46164545762261433,-0.08921873868727093,0.07026290114421976,0.7948017956943665,50.0,-0.7169141481066745,-10.0,0.015101747986256991,-5.67065084415701,0.0819088943564404,0.06680714637018341,0.12221253914372911,-0.9732965024483022,26.51796400659883,0.48483591889734734,-10.0,0.08864648815460835,-8.465165868895166,0.10786727992919241,0.019220791774584065,0.05290526443978831,0.8376788695052872,50.0,1.416253616313431,10.0,-0.4452705359271889,0.8390704323402906,-0.46164545762261433,-0.016374921695425426,0.013541559625533673,0.7948017956943665,35.871796278852216,-0.29532361525158946,-10.0,-0.44746342620530355,0.6576658499059878,-0.46164545762261433,-0.014182031417310781,0.014494369694186934,0.7948017956943665,27.674600747602014,-0.28183544932289467,-10.0,-0.45976595883404686,0.7931571436042065,-0.46164545762261433,-0.0018794987885674685,0.005016629569951808,0.7948017956943665,0.4362499585663257,-0.013330960575203511,-7.616837408673321
4.51,-0.2776622670515942,9.47644518837492,-0.45362454049634815,-0.17596227344475396,0.06755563389093473,0.802091712626618,50.0,-0.9423538793418982,-10.0,-0.04104326519253571,-5.61450131787927,0.07214682749181142,0.11319009268434713,0.12390589020236051,-0.9762066864628993,49.57473759117992,0.5504414158762165,-10.0,0.004810452339913993,-8.383603581469435,0.11617593733827944,0.11136548499836545,0.05485727964791891,0.8308657409087025,50.0,2.6187649186030053,10.0,-0.43679483689800613,0.8475699029182746,-0.45362454049634815,-0.016829703598342016,0.013288505599258425,0.802091712626618,38.20440473293014,-0.2860261768348821,-10.0,-0.4405241260818667,0.6939300123436872,-0.45362454049634815,-0.013100414414481454,0.014293972548807751,0.802091712626618,24.74045312720095,-0.25782758544488377,-10.0,-0.4517606575398495,0.8005301294197338,-0.45362454049634815,-0.0018638829564986414,0.004917937727444848,0.802091712626618,0.37311026282536297,-0.018751374868097862,-7.616158072775127
4.5200000000000005,-0.1875935149003459,9.006875215124829,-0.4455319907965551,-0.2579384758962092,0.06407556161046016,0.8092549699793006,50.0,-1.1658742779357405,-10.0,-0.095848198896056,-5.480493370352029,0.06235912720290839,0.1582073260989644,0.12603601280038534,-0.9787700288903023,50.0,0.6378705577055697,-10.0,-0.07069952920904586,-7.550998154895985,0.12441121553529828,0.19511074474434414,0.05756348691085195,0.8235278197018858,50.0,3.7674245180500154,10.0,-0.42823987058561097,0.8554966312395171,-0.4455319907965551,-0.017292120210944117,0.013030034734025033,0.8092549699793061,39.81048576973518,-0.2931057554026287,-10.0,-0.43310780306578783,0.7416323016078877,-0.4455319907965551,-0.012424187730767255,0.01409556744133929,0.8092549699793061,22.510297731134838,-0.26100544444588936,-10.0,-0.44367910949519035,0.8081548044659181,-0.4455319907965551,-0.0018528813013647394,0.00481859343398461,0.8092549699793061,0.5365357066952294,-0.01691013443012727,-7.638348357164314
4.53,-0.10320204377528812,8.439147112505777,-0.4373690864306446,-0.33416704265535646,0.05988997647265602,0.8162904365910495,50.0,-1.2744054705653793,-10.0,-0.14881823929988167,-5.297004040382567,0.052549271013042353,0.20136751031292402,0.12857938830755286,-0.9809856189866045,50.0,0.7572063678811243,-10.0,-0.13065886654403552,-5.995933733498967,0.13256791294202966,0.2632267794860652,0.0607953480790625,0.8156697406731417,50.0,4.678658239488112,10.0,-0.41961293972618224,0.8626930859428711,-0.4373690864306446,-0.01775614670446235,0.012766203958386122,0.8162904365910495,41.47429775516219,-0.288009697863793,-10.0,-0.4251492989665422,0.7958504099245648,-0.4373690864306446,-0.012219787464102405,0.01389378452570581,0.8162904365910495,22.976032025406067,-0.25437717749431654,-10.0,-0.4355290119355273,0.8150097559663064,-0.4373690864306446,-0.0018400744951173054,0.004718691713436806,0.8162904365910495,0.7076976010492988,0.003959103143437131,-7.641880066498569
4.54,-0.025232608915028543,7.796943486025957,-0.42913711641584334,-0.4039045075008148,0.05507123704904527,0.8231970014801249,50.0,-1.371154821514332,-10.0,-0.19958041547907596,-5.07621761791943,0.04272074431740308,0.24230115979647904,0.1315100216673096,-0.9828526695639273,50.0,0.991572687289666,-10.0,-0.16889877048765775,-3.8239903943622235,0.14064087761356575,0.3095396481012235,0.06427314359951096,0.8072964671536065,50.0,5.0,10.0,-0.4109339739506918,0.867896577549045,-0.42913711641584334,-0.018203142465151534,0.012497382875979703,0.8231970014801249,43.2609686628493,-0.29142002819796853,-10.0,-0.4166513181420218,0.849798082452042,-0.42913711641584334,-0.012485798273821569,0.01368394673472239,0.8231970014801249,24.490957909924816,-0.25705372522934233,-10.0,-0.42731045666182615,0.8218555273701154,-0.42913711641584334,-0.0018266597540171903,0.004618239563159622,0.8231970014801249,0.8664377397041412,-0.006580627933875444,-7.649913706209069
4.55,0.04566531748392162,7.089792639895016,-0.4208373806756454,-0.466502698159567,0.0496972308034601,0.8299735740197933,50.0,-1.3722785088729783,-10.0,-0.24770021481840238,-4.8119799339326415,0.03287703914472956,0.28057725396313193,0.1347969922003342,-0.9843705172673523,50.0,1.3032288019588243,-10.0,-0.18105440428377734,-1.2155633796119596,0.14862501049238838,0.3296794147761657,0.06769149408523381,0.7984132878822603,50.0,5.0,10.0,-0.4022351613525226,0.8698812598169253,-0.4208373806756454,-0.018602219323122837,0.012224372556766781,0.8299735740197933,44.924464408739496,-0.28777680667904487,-10.0,-0.40766973869749407,0.8981579444527731,-0.4208373806756454,-0.013167641978151345,0.013462454520495598,0.8299735740197933,29.21065707831443,-0.2813692000629579,-10.0,-0.4190256248114998,0.8284831850326378,-0.4208373806756454,-0.0018117558641456144,0.0045172736860149025,0.8299735740197933,0.541680112052508,-0.038204592680338836,-7.646999542444795
4.5600000000000005,0.10882186045901714,6.315654297509551,-0.4124711898345359,-0.521293050293553,0.04385273487077361,0.8366190841109566,50.0,-1.379463865722638,-10.0,-0.2925098259775506,-4.480961115914822,0.023021652916595817,0.3155314788941464,0.13840040310086713,-0.9855386228133756,50.0,1.795282625969447,-10.0,-0.16513653146697793,1.5917872816799403,0.1565152686290458,0.32165180009602373,0.07074883335802605,0.7890258136657391,50.0,4.664721040601345,10.0,-0.39355250711910206,0.8682654233420508,-0.4124711898345359,-0.018918682715433843,0.011948359187278237,0.8366190841109511,45.90155431845956,-0.2804003181785715,-10.0,-0.3983221369401089,0.9347601757385205,-0.4124711898345359,-0.014149052894427028,0.013227487973977478,0.8366190841109511,32.976415764825,-0.31658698110834316,-10.0,-0.4106716041225543,0.8354020688945446,-0.4124711898345359,-0.0017995857119815772,0.004415737622005631,0.8366190841109511,0.7142113088278935,-0.011683849059285338,-7.6810221199105575
4.57,0.1634726833530558,5.465082289403865,-0.40403986501103434,-0.5675125483640902,0.03763110115819232,0.8431324823501507,50.0,-1.342340641015557,-10.0,-0.3330020337460966,-4.049220776854599,0.013158087204799265,0.3461601209508959,0.14226692638806154,-0.9863565711796529,50.0,2.3396907702463006,-10.0,-0.12181064948950018,4.332588197747775,0.1643066683673822,0.2861173178568824,0.0731767477168201,0.7791399738336369,50.0,3.5263276717065684,10.0,-0.38491194241844895,0.8640564700653133,-0.40403986501103434,-0.01912792259258539,0.011670674314345852,0.8431324823501563,45.28089578383755,-0.265289687520558,-10.0,-0.3887422104606074,0.957992647950144,-0.40403986501103434,-0.01529765455042692,0.012978712163678194,0.8431324823501563,37.44065015730419,-0.31617298758550083,-10.0,-0.40226176944617564,0.840983467637867,-0.40403986501103434,-0.001778095564858695,0.004313858319593258,0.8431324823501563,0.136648906999683,0.0005635711431798418,-7.621049681244172
4.58,0.20871970562499848,4.52470222719427,-0.3955447376090695,-0.604264443234068,0.03113598650313221,0.8495127401964786,50.0,-1.1867550350624483,-10.0,-0.36782365542210765,-3.482162167601107,0.003289846487274494,0.37111350190938214,0.14632627762391548,-0.986824071752479,50.0,3.0326612922068885,-10.0,-0.054337555466852816,6.747309402264737,0.17199428849232667,0.2263318439591795,0.07476533521618543,0.7687620124944478,50.0,1.922321695449065,10.0,-0.3763128631092437,0.8599079309205245,-0.3955447376090695,-0.019231874499825774,0.011392364776255541,0.8495127401964842,48.47548160679515,-0.24987137242127183,-10.0,-0.3790755685665237,0.9666641894083738,-0.3955447376090695,-0.016469169042545806,0.012717354054311899,0.8495127401964842,44.809067711125394,-0.29134141942004815,-10.0,-0.3937675984901742,0.8494170956001489,-0.3955447376090695,-0.0017771391188953212,0.00421114521884429,0.8495127401964842,0.26395919934184076,-0.026787753342009342,-7.716229100660572
4.59,0.24351999465038163,3.480028902538315,-0.3869871491077355,-0.6305071437581171,0.024482912175297206,0.8557588501334035,50.0,-0.9587053952585627,-10.0,-0.39537638756706955,-2.755273214496188,-0.006579563097042214,0.38879682447002734,0.15048977319006537,-0.9869409584316702,50.0,3.4957932288027895,-10.0,0.03180197623145899,8.61395316983118,0.17957327333823753,0.14777129710677855,0.0753816528702701,0.7578984845910852,17.471405504262826,0.011375263147938977,3.3323843985876183,-0.36777950545499866,0.8533357654245061,-0.3869871491077355,-0.01920764365273686,0.011114954763185721,0.8557588501333979,47.684378521672016,-0.24852038484385872,-10.0,-0.3694851692425317,0.9590399323991954,-0.3869871491077355,-0.0175019798652038,0.01244643026241994,0.8557588501333979,47.8191329568902,-0.3702815896913994,-10.0,-0.38522966806488046,0.8537930425293712,-0.3869871491077355,-0.001757481042855058,0.004108191104162802,0.8557588501333979,1.2790583544680287,6.710471612244808e-05,-7.673439985758434
4.6000000000000005,0.26667616699909397,2.3156172348712336,-0.37836845084945947,-0.6450446178485534,0.01780090427332455,0.8618698258276103,50.0,-0.7313920855316808,-10.0,-0.41392271213647563,-1.8546324569406103,-0.016446634993921766,0.39747607714255384,0.15464999720718495,-0.9867071896879576,50.0,3.9745357951055,-10.0,0.12840966707053425,9.660769083907526,0.1870388358558427,0.05862916878530844,0.07500186764973242,0.7465562517605162,-50.0,-1.7544699449456171,-10.0,-0.3592802510962402,0.8499254358758498,-0.37836845084945947,-0.019088199753219293,0.010839080222065945,0.8618698258276047,49.71114781963357,-0.23215845897333068,-10.0,-0.36005496158729433,0.9430207655237381,-0.37836845084945947,-0.01831348926216514,0.012168993293245915,0.8618698258276047,50.0,-0.3206896837019983,-10.0,-0.3766278405878503,0.8601827477030142,-0.37836845084945947,-0.0017406102616091546,0.00400476672677641,0.8618698258276047,-0.12491925910386034,-0.012170649722106838,-7.637020080392081
4.61,0.2769589198242562,1.028275282516222,-0.3696900038266092,-0.6466489236508655,0.011231587508564272,0.8678447022850255,50.0,-0.45758319564293354,-10.0,-0.42195940564139417,-0.8036693504918562,-0.026307863479698716,0.39565154216169546,0.1586868795638511,-0.9861228485776918,50.0,4.244168053796413,-10.0,0.2263579355338609,9.794826846332667,0.19438626063584208,-0.03197167489801883,0.07370266821611896,0.734742477999939,50.0,-3.3148603872754463,-10.0,-0.35080053851836474,0.8479712577875423,-0.3696900038266092,-0.01888946530824448,0.010565388443204746,0.8678447022850255,46.270889368468055,-0.24239108588829844,-10.0,-0.3508217821348033,0.9233179452491009,-0.3696900038266092,-0.01886822169180591,0.011887979281802945,0.8678447022850255,50.0,-0.32913650946990536,-10.0,-0.3679424271209323,0.8685413466918048,-0.3696900038266092,-0.0017475767056769342,0.003900436825050459,0.8678447022850255,0.1137903652470704,-0.0008606226039346056,-7.711181990312602
4.62,0.2733789490438676,-0.3579970780388553,-0.3609531784665717,-0.6343321275104393,0.004924065941263767,0.8736825360037503,50.0,-0.21813697889226044,-10.0,-0.41862052354715895,0.33388820942352115,-0.036159744906849325,0.38246077864030964,0.16247809852931183,-0.98518814271506,50.0,4.27869664219934,-10.0,0.31837271045141247,9.201477491755155,0.20161090688726588,-0.11676180356414659,0.07161490243130197,0.72246462514238,50.0,-4.530787753292985,-10.0,-0.34226562355452994,0.8534914963834787,-0.3609531784665717,-0.01868755491204177,0.01029316374444598,0.8736825360037503,44.76771243713153,-0.2562916634280072,-10.0,-0.34178159459833435,0.9040187536468943,-0.3609531784665717,-0.019171583868237363,0.011605861567755883,0.8736825360037503,50.0,-0.3243040720269056,-10.0,-0.3592056672867626,0.8736759834169633,-0.3609531784665717,-0.0017475111798090914,0.0037955941149106715,0.8736825360037503,0.17668128035892483,0.0031728143987855527,-7.745440889800071
4.63,0.2553412415572659,-1.8037707486601735,-0.35215935441535295,-0.6075005959726189,-0.0009705629435964053,0.8793824051218757,50.0,0.0380004854714533,-10.0,-0.40361782510418986,1.5002698442969078,-0.04599877894881342,0.35761904615537643,0.16590426200643593,-0.9839034041964123,50.0,4.074381779984895,-10.0,0.39708594755826365,7.8713237106851155,0.20870821136869197,-0.18837773618957168,0.06894399269833776,0.7097304481426092,50.0,-5.0,-10.0,-0.3336280987979252,0.8637524756604738,-0.35215935441535295,-0.018531255617427744,0.010021475940705656,0.8793824051218757,45.17180858762845,-0.2406546467976433,-10.0,-0.3328947743036949,0.8886820294639453,-0.35215935441535295,-0.019264580111658047,0.011324347563692907,0.8793824051218757,50.0,-0.316479393039019,-10.0,-0.3504318809634548,0.8773786323307813,-0.35215935441535295,-0.001727473451898165,0.003690581517158612,0.8793824051218757,0.034700214553385504,-0.00039926282651264137,-7.7153271190494115
4.64,0.22287861776099435,-3.2462623796271544,-0.34330992031971064,-0.566188538080705,-0.00630782208644074,0.8849434095642317,50.0,0.2264464635393955,-10.0,-0.3773624226581281,2.6255402446061797,-0.055821469843647484,0.3215409528144806,0.1688571175101201,-0.9822690894834063,50.0,3.6291925705698063,-10.0,0.4562813198395373,5.919537228127365,0.21567369127049155,-0.24060762856904575,0.06594596268983455,0.6965479901799576,50.0,-5.0,-10.0,-0.324873941395096,0.8754157402829189,-0.34330992031971064,-0.018435978924614627,0.009749574577431218,0.8849434095642317,43.97113167842424,-0.24478048485949755,-10.0,-0.3241034254968802,0.879134880681469,-0.34330992031971064,-0.019206494822830433,0.011044369127396456,0.8849434095642317,50.0,-0.29914539484527913,-10.0,-0.34160546377557466,0.8826417187880136,-0.34330992031971064,-0.0017044565441359794,0.003585272779838451,0.8849434095642317,0.5549178061319312,-0.007281075668524193,-7.699869011689722
4.65,0.17676341153339545,-4.6115206227598895,-0.33440627360787434,-0.5111696851412698,-0.010958366875577448,0.8903646711836299,50.0,0.3593119646635639,-10.0,-0.34092536214814784,3.6437060509980217,-0.06562432763604475,0.2753010345121031,0.17124575725014135,-0.9802857792397257,50.0,3.038745699195379,-10.0,0.49142033919978567,3.513901936024835,0.22250294704626458,-0.26891739215352106,0.06290539857469686,0.6829255775773091,50.0,-5.0,-10.0,-0.31598883034963643,0.8885111045459576,-0.33440627360787434,-0.01841744325823791,0.009476549034394243,0.8903646711836299,42.972447421971715,-0.21256470140755843,-10.0,-0.31534303660730234,0.8760388889577858,-0.33440627360787434,-0.019063237000571998,0.010766132868494958,0.8903646711836299,50.0,-0.2903555143001296,-10.0,-0.3327180669998253,0.888739677574933,-0.33440627360787434,-0.0016882066080490254,0.0034795167460004673,0.8903646711836299,0.09370488986011209,-0.009090772490994232,-7.669657656765809
4.66,0.1184700619396653,-5.829334959373013,-0.32544982026887614,-0.44391988220854145,-0.014814632201725561,0.8956453338998194,50.0,0.41118637464219465,-10.0,-0.2959244643815033,4.500089776664454,-0.07540386941731275,0.22052059496419057,0.1730009542221168,-0.9779541781267997,50.0,2.314737540667079,-10.0,0.5000586944674148,0.8638355267629074,0.22919166519168763,-0.27086702927572714,0.0601103447292633,0.6688718145423045,50.0,-4.360281638756094,-10.0,-0.30697306995278634,0.9015760396850108,-0.32544982026887614,-0.018476750316089807,0.009201623927264844,0.8956453338998194,44.0388639613658,-0.21876185804521164,-10.0,-0.30655374617878184,0.8789290428520504,-0.32544982026887614,-0.018896074090094306,0.01048927922330881,0.8956453338998194,50.0,-0.2803317355135395,-10.0,-0.3237542607961695,0.8963806203655816,-0.32544982026887614,-0.0016955594727066647,0.003372923089236842,0.8956453338998194,0.3648738040040887,-0.015374932143802712,-7.781828985279596
4.67,0.05001198752130262,-6.845807441836268,-0.31644197463052287,-0.36645396215182546,-0.01779459107906019,0.9007845638353329,50.0,0.37242261783337666,-10.0,-0.24438223236854112,5.154223201296222,-0.08515662056281938,0.15922561180572176,0.1740777880200444,-0.9752751145506611,50.0,1.464686053273044,-10.0,0.48211225587770906,-1.7946438589705758,0.23573562096901943,-0.24637663490868963,0.05782604276607346,0.6543955777331828,50.0,-3.3090508953954116,-10.0,-0.29785544405174763,0.9117625901038717,-0.31644197463052287,-0.01858653057877524,0.008924582362466703,0.9007845638353273,45.38561097525622,-0.2061183589073559,-10.0,-0.29769004546663014,0.886370071215168,-0.31644197463052287,-0.018751929163892733,0.010213122924548365,0.9007845638353273,49.44973968048023,-0.264244867547321,-10.0,-0.31476623830948586,0.8988022486683621,-0.31644197463052287,-0.0016757363210370135,0.0032662855011596358,0.9007845638353273,0.34675955012283605,-0.00767669194222121,-7.691687025738315
4.68,-0.026276580984263137,-7.628856850556576,-0.3073841591360643,-0.2811075781518012,-0.019842781175522545,0.9057815494458499,50.0,0.2760107580240733,-10.0,-0.18858805394437128,5.579417842416985,-0.09487911596652333,0.09370893797784795,0.17445693561558118,-0.9722495403703957,31.613392294145655,0.5907190020859554,-10.0,0.4399257754968835,-4.218648038082559,0.24213068107553085,-0.19779509442135265,0.056269956625668194,0.6395060106511419,50.0,-2.094009694747728,-10.0,-0.28866999718559383,0.9185446866153826,-0.3073841591360643,-0.018714161950470487,0.008645586274300461,0.9057815494458554,45.74110914486199,-0.20400486620523348,-10.0,-0.28872180948377063,0.8968235982859533,-0.3073841591360643,-0.018662349652293686,0.009936817068196832,0.9057815494458554,49.932306464707786,-0.2604147238806383,-10.0,-0.3057113557449129,0.9054882564572918,-0.3073841591360643,-0.0016728033911513895,0.003159008641602393,0.9057815494458554,0.3439306003234384,-0.00970091807731331,-7.736031654095853
4.69,-0.10794148663746932,-8.166490565320618,-0.29827780411956667,-0.19033631748209734,-0.020929495293811454,0.9106355016497647,50.0,0.14639657152037067,-10.0,-0.13102406928346572,5.756398466090555,-0.10456790127210432,0.0264561680113614,0.1741458574490857,-0.9688785305580982,-4.504252371489955,-0.3011338158256828,6.713315716121144,0.378151054040173,-6.177472145671046,0.24837280625419214,-0.12977824778598088,0.055589921362375484,0.6242125178661295,50.0,-0.7545069839268883,-10.0,-0.27943985253278963,0.9230144652804201,-0.29827780411956667,-0.018837951586777035,0.008364905311904649,0.9106355016497647,46.23465144564354,-0.204975142651211,-10.0,-0.27965541205077205,0.906639743299857,-0.29827780411956667,-0.018622392068794624,0.009659929173178901,0.9106355016497647,50.0,-0.260541193240996,-10.0,-0.2966102317816657,0.9101123963247248,-0.29827780411956667,-0.001667572337900991,0.0030513216785909105,0.9106355016497647,0.34578717768571193,-0.007128396527062921,-7.743569706021039
4.7,-0.192558243214858,-8.46167565773887,-0.2891243475800532,-0.09656610436519517,-0.021048988771689522,0.9153456539513494,-0.5091831752957132,-0.0006062059956074392,0.17946325527902873,-0.07457512326017221,5.64489460232935,-0.1142195341002739,-0.03964441084010169,0.17318492388045179,-0.9651632828169582,26.28287681969728,-1.1600595750736453,10.0,0.30349830483024043,-7.465274920993259,0.2544580538449491,-0.049040250985291356,0.055846046344621904,0.6085247590756931,-50.0,0.6180218542851182,10.0,-0.2701873328095959,0.9252519723193723,-0.2891243475800532,-0.018937014770457283,0.00808300996696814,0.9153456539513494,46.827292958046485,-0.19964581837543377,-10.0,-0.270512860553917,0.9142551496855074,-0.2891243475800532,-0.018611487026136186,0.00938238878794899,0.9153456539513494,50.0,-0.2542297049466637,-10.0,-0.28746634344848665,0.9143888333179037,-0.2891243475800532,-0.0016580041315665262,0.0029433027539434546,0.9153456539513494,0.3440852236414911,-0.0063264582034922535,-7.742472856165437
4.71,-0.2773765878103194,-8.481834459546134,-0.2799252349544217,-0.0025486471441023006,-0.02022629179717593,0.91991126256315,-1.5710652026034615,-0.13233733371836268,10.0,-0.021828186694548404,5.2746936565623805,-0.12383058527184745,-0.10200239857729905,0.17163743052902253,-0.9611051171573556,50.0,-1.953069618947686,10.0,0.22596968058890526,-7.752862424133515,0.2603825802749959,0.034412899686090626,0.056965461583896156,0.5924526430046817,50.0,1.9528034640943057,10.0,-0.26093645848846897,0.9250874321126901,-0.2799252349544217,-0.018988776465952706,0.007800613459097342,0.91991126256315,46.976295541475494,-0.19218395771916008,-10.0,-0.26135214115416483,0.9160719399752146,-0.2799252349544217,-0.018573093800256846,0.0091050506559489,0.91991126256315,50.0,-0.24615754959263228,-10.0,-0.2782790356683173,0.9187307780169329,-0.2799252349544217,-0.0016461992861043773,0.002834967683280717,0.91991126256315,0.3060508044622007,-3.100888640388509e-05,-7.734529305914102
4.72,-0.3601891056011765,-8.281251779085713,-0.27068191888919396,0.08950718671198254,-0.018503094752147533,0.9243316065227714,50.0,-0.24404339435873257,10.0,0.024871872635292246,4.670005932984065,-0.13339764002610785,-0.1582695126614001,0.16958773480911013,-0.9567054754260396,50.0,-2.5878488138433204,10.0,0.15370666199795965,-7.226301859094561,0.26614264348645744,0.11243598148849779,0.05881245158469059,0.5760063211461552,50.0,3.185597671255339,10.0,-0.2517017819294274,0.9234676559041579,-0.27068191888919396,-0.01898013695976658,0.007518465323909261,0.9243316065227714,46.84802310600816,-0.17114248764961917,-10.0,-0.2522085567290355,0.9143584425129313,-0.27068191888919396,-0.018473362160158435,0.008828881190096022,0.9243316065227714,49.89459073553112,-0.24135500046220262,-10.0,-0.2690441159613548,0.923491970696251,-0.27068191888919396,-0.0016378029278391604,0.002726240456932701,0.9243316065227714,0.3968758583476992,-0.013519300100361092,-7.751950587949586
4.73,-0.4390536606941387,-7.886455509296221,-0.26139585901112866,0.17765780168301004,-0.01593787118438781,0.92860598780653,50.0,-0.29609803382122535,10.0,0.06337846190798713,3.8506589272694884,-0.1429172992340574,-0.20629576114204454,0.16713971130496272,-0.951965920794956,50.0,-3.0402918415175315,10.0,0.0951420439707216,-5.856461802723805,0.2717346052999516,0.17659256132922999,0.06116402337825527,0.559196181349414,50.0,4.140314475619435,10.0,-0.24248850526400087,0.921327666542651,-0.26139585901112866,-0.018907353747127792,0.007237259019783717,0.92860598780653,47.13504952892111,-0.17256997197141016,-10.0,-0.2431108516859359,0.9097705043099616,-0.26139585901112866,-0.018285007325192754,0.008555054066413098,0.92860598780653,48.57944480626037,-0.23213977961241472,-10.0,-0.25976970182871717,0.9274414132637635,-0.26139585901112866,-0.0016261571824114918,0.0026172347437822094,0.92860598780653,0.41361195311298715,-0.00976566112104111,-7.741057938667774
4.74,-0.5121947492915899,-7.314108859745121,-0.2520685216967299,0.26012622759486004,-0.012605198022464697,0.9327337314398776,50.0,-0.29092508975366876,10.0,0.09188362121936428,2.8505159311377155,-0.15238618060610487,-0.24426980182546915,0.16441196169359426,-0.9468881372047461,50.0,-3.287226822507494,10.0,0.057568904165260226,-3.7573139805461366,0.277154933712541,0.2195860295472808,0.0637356150717827,0.5420328412589437,50.0,4.699008746936811,10.0,-0.23329957702707008,0.9188928236930797,-0.2520685216967299,-0.01876894466965981,0.006957680290717812,0.9327337314398776,45.57019530744974,-0.17535621878705385,-10.0,-0.23405324954872136,0.9057602137214553,-0.2520685216967299,-0.01801527214800852,0.008284325323560868,0.9327337314398776,47.3308175673347,-0.2183919347925524,-10.0,-0.2504501362891823,0.9319565539534865,-0.2520685216967299,-0.0016183854075476067,0.0025078552343113843,0.9327337314398776,0.15603273312106114,-0.010865041899642743,-7.721851546454969
4.75,-0.5779898837792794,-6.579513448768948,-0.24270137984068352,0.3352885039385959,-0.008594361638201844,0.9367141856046368,50.0,-0.23548759709474182,10.0,0.10906268476434339,1.7179063544979112,-0.16180091989378956,-0.270863604658133,0.16153153501156314,-0.9414739287684715,50.0,-3.2983882864592062,10.0,0.04626607293023742,-1.1302831235022803,0.2824002051286254,0.23613413219838797,0.06620998470611679,0.5245271416084385,50.0,4.732872492116971,10.0,-0.22411199928257317,0.9187577744496903,-0.24270137984068352,-0.018589380558110352,0.006679910707691738,0.9367141856046368,44.916987891323515,-0.172659292526056,-10.0,-0.22500387834686864,0.9049371201852737,-0.24270137984068352,-0.017697501493814882,0.00801685659660419,0.9367141856046368,45.2949229532555,-0.20937589799611359,-10.0,-0.24107565369300196,0.9374482596180305,-0.24270137984068352,-0.0016257261476815554,0.002397853146872766,0.9367141856046368,-0.12106143543098853,-0.009562453159373256,-7.807183539701472
4.76,-0.6349500042136723,-5.696012043439294,-0.23329591262327662,0.40165409159039567,-0.004008219517953957,0.9405467217406871,50.0,-0.1256240252576662,10.0,0.11419187503298632,0.5129190268642938,-0.1711581720850684,-0.28535004711805473,0.15862674263769616,-0.9357252191278864,50.0,-3.0758591564024624,10.0,0.06380378510335373,1.7537712173116313,0.287467106522354,0.2236633214190003,0.06827124079857563,0.5066901393728618,50.0,4.12481248519847,10.0,-0.21490601396603193,0.9205985316541249,-0.23329591262327662,-0.01838989865724469,0.0064039518679538795,0.9405467217406899,44.02551047989656,-0.15338260589957328,-10.0,-0.21589568815882132,0.9108190188047304,-0.23329591262327662,-0.0174002244644553,0.0077517724500791646,0.9405467217406899,44.06802999921279,-0.19541540810248034,-10.0,-0.23168758408452983,0.9388069608472118,-0.23329591262327662,-0.0016083285387467894,0.0022878891654005765,0.9405467217406899,0.5638068694676576,-0.0057057670970687095,-7.7283021709251996
4.7700000000000005,-0.6817116910806269,-4.676168686695455,-0.22385360527681453,0.4578580858038124,0.0010379782087537124,0.944230734646212,50.0,0.045588999465473345,10.0,0.10719334063337173,-0.6998534399614587,-0.18045461259279524,-0.287647953226167,0.15582024844943065,-0.9296440507726877,50.0,-2.6770710079525055,10.0,0.1096587844133948,4.585499931004106,0.29235243753020557,0.18269365311681077,0.06963962733664333,0.48853310078515455,50.0,2.949985033755936,10.0,-0.2056555627591568,0.9250451206875131,-0.22385360527681453,-0.01819804251765772,0.006129466930708551,0.9442307346462092,43.30072797126757,-0.13724515350936123,-10.0,-0.20664984388161067,0.924584427721064,-0.22385360527681453,-0.017203761395203854,0.00748727639335502,0.9442307346462092,44.05579037368181,-0.19279552516385623,-10.0,-0.22224753212327505,0.9440051961254774,-0.22385360527681453,-0.0016060731535394723,0.002177427914252634,0.9442307346462092,0.19199090347386832,-0.006637387791488849,-7.777690020034143
4.78,-0.71705212251476,-3.5340431434133146,-0.2143759488510859,0.5026761736636741,0.006418144259731785,0.947765642572862,50.0,0.21838337561502508,10.0,0.08857974182251031,-1.8613598810861414,-0.18968693843592552,-0.2782666802584358,0.1532237176349549,-0.9232325843130273,50.0,-2.2203351672608824,10.0,0.18021738572135176,7.055860130795696,0.29705311247240634,0.11683572675105458,0.07010239859107431,0.47006749422007776,50.0,1.3137342311807099,10.0,-0.1963345473323559,0.9321015426800904,-0.2143759488510859,-0.018041401518730016,0.005855842761253241,0.947765642572862,42.00126184754969,-0.18041739440111162,-10.0,-0.19719045136568114,0.9459392515929531,-0.2143759488510859,-0.017185497485404766,0.007220827493341677,0.947765642572862,42.92783667558922,-0.17626031055878882,-10.0,-0.21277909411721466,0.9468438006060397,-0.2143759488510859,-0.0015968547338712502,0.0020667749868533178,0.947765642572862,0.3213897970205323,-0.008593495795844508,-7.806093151645439
4.79,-0.7399268479450049,-2.287472543024482,-0.20486443997790887,0.535062407967096,0.011997515593705195,0.9511508873177088,50.0,0.44255553328270203,10.0,0.05930465260785535,-2.927508921465496,-0.19885186941304456,-0.2581565220208999,0.15093490330689244,-0.9164930977119012,50.0,-1.691104878475727,10.0,0.2691661907988534,8.89488050775016,0.3015661623019113,0.0323999715030579,0.06953691025532988,0.4513049829504956,-25.929953773036818,-0.5285378381177332,-10.0,-0.1869121497415835,0.942239759077239,-0.20486443997790887,-0.017952290236325386,0.005582095882982263,0.9511508873177033,42.25860666041832,-0.12917189297196666,-10.0,-0.1874342570319656,0.9756194333715554,-0.20486443997790887,-0.017430182945943284,0.006948963720545089,0.9511508873177033,44.93674307791793,-0.1825864021257519,-10.0,-0.20329583194194217,0.9483262175272472,-0.20486443997790887,-0.001568608035966701,0.001956256284740926,0.9511508873177033,0.1864585769742927,-0.00896419598739815,-7.699671955592747
4.8,-0.7495578889052198,-0.9631040960214992,-0.19532058063479604,0.5542373082704237,0.017636199086011578,0.9543859343112748,50.0,0.6485022156250296,10.0,0.020642515751602655,-3.8662136856252696,-0.2079461492678178,-0.22858866501942043,0.14903563802526076,-0.9094279854773235,50.0,-1.2211542676326295,10.0,0.3669460810984104,9.777989029955704,0.3058887364797179,-0.0610573446186925,0.06794853790614738,0.4322574177806626,50.0,-2.310227628896267,-10.0,-0.1773753484983929,0.9536801243190589,-0.19532058063479604,-0.017945232136403144,0.005307275549186326,0.9543859343112832,42.941463720842904,-0.12831438038937917,-10.0,-0.17733838863210663,1.009586839985896,-0.19532058063479604,-0.017982192002689412,0.006668183116519605,0.9543859343112832,47.90375159135578,-0.175497041824371,-10.0,-0.19374406106260245,0.9551770879339714,-0.19532058063479604,-0.0015765195721935965,0.0018449733802255927,0.9543859343112832,0.4455587334746493,-0.001564453175143941,-7.751651423842884
4.8100000000000005,-0.7453782719228434,0.41796169823763396,-0.18574587790777164,0.5596323940150718,0.023190726856338533,0.9574702727024431,50.0,0.839614802148562,10.0,-0.026185831324875238,-4.682834707647789,-0.21696654684591798,-0.19078071552104275,0.1475961143408151,-0.9020397578100192,50.0,-0.7136485992322329,10.0,0.4645928415064989,9.764676040808844,0.3100181047753289,-0.15457473673117,0.0654263229347548,0.4129368295610947,50.0,-3.7303661964129353,-10.0,-0.16772082531941335,0.9654523178979549,-0.18574587790777164,-0.018025052588358292,0.005030479791512948,0.9574702727024403,43.122869029461384,-0.10596970046953463,-10.0,-0.16692315846386896,1.041523016823768,-0.18574587790777164,-0.01882271944390268,0.006375803620398202,0.9574702727024403,50.0,-0.130456245207355,-10.0,-0.1841497531049604,0.9594307957642049,-0.18574587790777164,-0.0015961248028112385,0.0017330690526210597,0.9574702727024403,0.6437454755480448,0.01119289835841416,-7.772828507513162
4.82,-0.7271171281110647,1.8261143811778815,-0.17614184375339176,0.550975284357673,0.028517868261797474,0.9604034154379937,50.0,0.9632827939321525,10.0,-0.07994724333388731,-5.376141200901207,-0.22590985724303395,-0.14596261390914664,0.14667410232181374,-0.8943310397115961,29.338711005822187,-0.2836477191055608,6.805751821897182,0.5528131187804314,8.822027727393252,0.31395165899122135,-0.23886145978921003,0.062155505564123366,0.39335542158924763,50.0,-4.787047420752999,-10.0,-0.15794880481160387,0.9772020507809476,-0.17614184375339176,-0.018193038941787892,0.004750829197016974,0.9604034154379881,43.70348822570991,-0.12334544198375254,-10.0,-0.15624221949408781,1.068093896978114,-0.17614184375339176,-0.019899624259303944,0.006069997988107351,0.9604034154379881,50.0,-0.19751007182342162,-10.0,-0.1745243501494801,0.9625402955480306,-0.17614184375339176,-0.0016174936039116683,0.0016206400870271398,0.9604034154379881,0.4899182611271382,0.0019867899660544345,-7.872908141680495
4.83,-0.6947959177106273,3.232121040043735,-0.16650999475998285,0.5282859229506445,0.033477515387299546,0.9631848993408854,50.0,1.030899358029822,10.0,-0.13923200031777827,-5.9284756983890965,-0.2347729029435679,-0.09554090262578963,0.14631154086539477,-0.886304570053395,-9.367510795269737,0.14880831159649854,-3.733542284836223,0.623122471560788,7.030935278035662,0.31768691461024323,-0.3054355569505448,0.058398056466814355,0.3735255619021882,50.0,-5.0,-10.0,-0.14807492405389105,0.9873880757712814,-0.16650999475998285,-0.018435070706091794,0.004467739682378928,0.9631848993408909,45.43288817864225,-0.10202701163998192,-10.0,-0.14537396181458434,1.0868257679503466,-0.16650999475998285,-0.02113603294539851,0.005749955081858331,0.9631848993408909,50.0,-0.17255148888269167,-10.0,-0.16491820862688766,0.960614152259244,-0.16650999475998285,-0.0015917861330951855,0.0015086608104702638,0.9631848993408909,0.32835256852119843,-0.029177478171058747,-7.789442068769343
4.84,-0.6487522016741064,4.604371603652087,-0.1568518519081556,0.4919003497659508,0.03793608172459385,0.9658142851827256,50.0,1.0389765998591127,10.0,-0.20233742263189308,-6.310542231411481,-0.24355253494958493,-0.04121511231769184,0.14653044396535903,-0.877963200601703,-15.999191178739581,0.61397954293588,-10.0,0.6686347751856628,4.551230362487476,0.32122151236488683,-0.347413262820776,0.054468800802357845,0.3534597754643598,50.0,-5.0,-10.0,-0.1381383748090292,0.9936549244861843,-0.1568518519081556,-0.01871347709912638,0.004181239418939046,0.9658142851827256,46.911213756745646,-0.0990752649972183,-10.0,-0.13444016809131368,1.0933793723270662,-0.1568518519081556,-0.022411683816841915,0.005416500306457205,0.9658142851827256,50.0,-0.1798618432795888,-10.0,-0.15528849739839368,0.9629711228493977,-0.1568518519081556,-0.0015633545097619161,0.001396730153087705,0.9658142851827256,0.7671441378980227,-0.0036139344998606915,-7.731718076210476
4.8500000000000005,-0.5896873022228998,5.906489945120659,-0.14716894033062697,0.4425183618922728,0.0417706163490045,0.9682911577528597,50.0,0.99040223339929,10.0,-0.2675583695922319,-6.5220946960338795,-0.25224563389964016,0.015312735692591728,0.1473357807918883,-0.8693098950055239,11.4518322933066,1.070636404690018,-10.0,0.684706172420262,1.6071397234599134,0.3245532197274518,-0.36015295269281017,0.05070655730308375,0.3331707362564995,50.0,-4.500201899676641,-10.0,-0.12818501934053936,0.9953355468489865,-0.14716894033062697,-0.01898392099008761,0.003891866654353271,0.9682911577528625,47.8481402259681,-0.09590594834450321,-10.0,-0.12359371813972878,1.08464499515849,-0.14716894033062697,-0.023575222190898193,0.0050722835850323745,0.9682911577528625,50.0,-0.16550333674058568,-10.0,-0.14560531443640856,0.9683182961985128,-0.14716894033062697,-0.0015636258942184067,0.0012842620645256697,0.9682911577528625,0.24431505665371273,-0.003652945755097989,-7.805366482749571
4.86,-0.5187096477949295,7.097765442797032,-0.13746278907138507,0.38124685872354436,0.04487330839196024,0.9706151259241902,50.0,0.8243859339521419,10.0,-0.33305111202949056,-6.549274243725867,-0.26084911117706655,0.07220200085242401,0.14871272822478512,-0.8603477277426386,50.0,1.5144605723313573,-10.0,0.6692484655698698,-1.5457706850392108,0.32767993232015746,-0.34156853324971237,0.04744544903909056,0.31267125927056383,50.0,-3.6384485222778244,-10.0,-0.1182567481218948,0.992827121864456,-0.13746278907138507,-0.019206040949490272,0.0036005235326719226,0.9706151259241902,48.72853088258762,-0.09051242062351181,-10.0,-0.11300221490097839,1.0591503238750382,-0.13746278907138507,-0.024460574170406674,0.004721762810940804,0.9706151259241902,50.0,-0.17034205637210387,-10.0,-0.13590489155071592,0.9700422885692632,-0.13746278907138507,-0.0015578975206691492,0.0011716788604620517,0.9706151259241902,0.3199076352686321,-0.0028026895076183334,-7.795189645135046
4.87,-0.4373790660229795,8.133058177194998,-0.12773493084422885,0.30964413517875067,0.04715644392602825,0.9727858227156272,50.0,0.6398376687085758,10.0,-0.39661543339161054,-6.356432136211998,-0.26935991000735715,0.1272555233842534,0.15062092667224888,-0.85107988302906,50.0,1.9439752201278289,-10.0,0.622782817332296,-4.646564823757382,0.3305996752443149,-0.29218314208798113,0.044988274100586485,0.291974292415742,50.0,-2.5750757660843413,-10.0,-0.1083857753592312,0.9870972762663591,-0.12773493084422885,-0.019349155484997646,0.0033083222501953105,0.9727858227156216,49.16655614955547,-0.08116265499679211,-10.0,-0.10282788330405837,1.0174331596920019,-0.12773493084422885,-0.02490704754017048,0.0043709490195698985,0.9727858227156216,50.0,-0.15436729205598557,-10.0,-0.12618181467435566,0.9723076876360269,-0.12773493084422885,-0.0015531161698731921,0.001058916929999717,0.9727858227156216,0.32997425951923676,-0.0024039920130563127,-7.786409485364903
4.88,-0.34771230516842655,8.966676085455292,-0.11798690179074277,0.22972540337768377,0.048557030351259564,0.9748029053486068,50.0,0.39769946845851956,10.0,-0.45593914360658866,-5.932371021497812,-0.27777500654420956,0.1781641370623791,0.15299580514502245,-0.8415096536852407,50.0,2.266170107397656,-10.0,0.5483453094085787,-7.443750792371729,0.33331060432771276,-0.21503470508086597,0.043582302129014996,0.2710929083397873,50.0,-1.3985674267916894,-10.0,-0.09858003740733007,0.9805737951901132,-0.11798690179074277,-0.0194068643834127,0.003016196226842172,0.9748029053486081,49.07339121858512,-0.07504310247106573,-10.0,-0.09320250671850497,0.9625376585553398,-0.11798690179074277,-0.0247843950722378,0.004026851302991986,0.9748029053486081,50.0,-0.13800733162384085,-10.0,-0.11643113988339723,0.9750674790958419,-0.11798690179074277,-0.0015557619073455348,0.0009458525630166774,0.9748029053486081,0.3345775024840242,-0.0021208953038782206,-7.803720140221768
4.89,-0.25209865846523677,9.561364670318978,-0.10822024123771566,0.1438784172275211,0.049039678056502875,0.9766660553027107,41.502994409284135,0.14084353218260767,10.0,-0.5088102098463864,-5.287106623979765,-0.28609141094389523,0.22271879890249113,0.15575170379644535,-0.8316404399685673,50.0,2.4504385859324795,-10.0,0.4512366177282447,-9.710869168033405,0.33581100728943786,-0.11542561043880684,0.04339913294143027,0.2500402961725101,37.00603074157137,-0.18853623642891248,-3.158096809122293,-0.08881667352310553,0.9763363884224538,-0.10822024123771566,-0.01940356771461013,0.002724526910853825,0.9766660553027107,48.630362466631176,-0.04588864091705323,-10.0,-0.08420377344629278,0.8998733272212187,-0.10822024123771566,-0.024016467791422885,0.0036966992923556353,0.9766660553027107,50.0,-0.13686825626247007,-10.0,-0.10666111431542988,0.9770025567967359,-0.10822024123771566,-0.0015591269222857834,0.0008325610381141461,0.9766660553027107,0.333021335626262,0.0043221390150018175,-7.810910831812811
4.9,-0.153123615834888,9.897504263034875,-0.09843649145406762,0.05468712438082039,0.04859679887400759,0.9783749783648044,-11.876269028817262,-0.11282087714646816,-8.696067957513215,-0.5534267055544219,-4.461649570803554,-0.2943061684275322,0.25912053712688965,0.1587890741247946,-0.8214757483636981,50.0,2.474428834897416,-10.0,0.3390591039096799,-11.217751381856477,0.33809930482138745,-0.0009597990882924679,0.04451131008873299,0.22882975319495902,-2.369308490267533,1.2205862948453907,10.0,-0.07904768117071491,0.9768992352390621,-0.09843649145406762,-0.01938881028335271,0.002432948884496392,0.9783749783648044,48.939919165544204,-0.05535954848951466,-10.0,-0.07583917098157089,0.8364602464721879,-0.09843649145406762,-0.022597320472496726,0.003387080062983449,0.9783749783648044,50.0,-0.1037970027793382,-10.0,-0.09687472696963953,0.9786387345790345,-0.09843649145406762,-0.0015617644844280881,0.0007190795198119617,0.9783749783648044,0.26785943913833693,-0.00474554003107663,-7.8327943916171465
4.91,-0.05380990992532282,9.931370590956519,-0.08863719740730833,-0.034827287481985506,0.04725538894009208,0.979929404675929,23.369651579939145,-0.3483243748232111,-10.0,-0.5886421109266754,-3.521540537225352,-0.30241636033089886,0.28622575059577654,0.1620034856844749,-0.8110191903366648,50.0,2.2999816420540236,-10.0,0.22071951373907026,-11.833959017060966,0.3401740515857939,0.11945453784672364,0.04688925136890632,0.20747467644064432,50.0,2.690692358765164,10.0,-0.06922070938014743,0.9826971790567474,-0.08863719740730833,-0.019416488027160894,0.0021405142863191082,0.979929404675929,49.288607746092744,-0.04775079546322427,-10.0,-0.06802779335550836,0.7811377626062523,-0.08863719740730833,-0.020609404051799965,0.0031028722462048243,0.979929404675929,50.0,-0.09017051683047625,-10.0,-0.08708214861272126,0.9792578356918261,-0.08863719740730833,-0.0015550487945870661,0.0006056032482969082,0.979929404675929,0.05647394412958453,-0.0012763117323704573,-7.814812818055759
4.92,0.04380020536528258,9.76101152906054,-0.07882390651956274,-0.12262411188484532,0.04505304666833757,0.9813290887745602,50.0,-0.525325491124792,-10.0,-0.6142139325088352,-2.55718215821598,-0.3104191051414311,0.30379482736740404,0.16529715217397054,-0.8002744810532259,50.0,2.0100032441298663,-10.0,0.10615855136214163,-11.456096237692863,0.3420339371281324,0.23587538576599076,0.050393614850335514,0.1859885542338513,50.0,4.241252971970419,10.0,-0.05930076457493239,0.991994480521504,-0.07882390651956274,-0.019523141944630347,0.0018460834188206543,0.9813290887745587,49.19009728864319,-0.03198534222392555,-10.0,-0.06059945612786805,0.7428337227640307,-0.07882390651956274,-0.018224450391694687,0.002846344370011474,0.9813290887745587,45.14517701090194,-0.055093181400728525,-10.0,-0.07727317237669723,0.9808976236024025,-0.07882390651956274,-0.0015507341428655091,0.0004920061445080129,0.9813290887745587,0.014663439473442633,-0.009069747607116083,-7.805359696010626
4.93,0.13795530776850634,9.415510240322378,-0.0689981684232227,-0.20695347619172905,0.04204196088238805,0.982573809634002,50.0,-0.6901329595736143,-10.0,-0.6307314641464808,-1.6517531637645706,-0.31831155952200385,0.312419904624477,0.16858652653659179,-0.7892454380572733,50.0,1.6829083965617984,-10.0,0.0056295251319624096,-10.052902623017921,0.3436777867048304,0.338048261572868,0.054779387728365984,0.16438495766979977,50.0,5.0,10.0,-0.04927187280295387,1.0028891771978523,-0.0689981684232227,-0.019726295620268834,0.0015485315448981807,0.9825738096340033,50.0,-0.06940196526123979,-10.0,-0.05326127957937193,0.7338176548496125,-0.0689981684232227,-0.01573688884385078,0.002615593716088005,0.9825738096340033,34.88676366676407,-0.07365031006048389,-10.0,-0.06744246348430798,0.9830708892389255,-0.0689981684232227,-0.0015557049389147287,0.00037814200619497307,0.9825738096340033,0.42646413411278783,-0.00408700157371759,-7.8603366018826115
4.94,0.22726504628638938,8.930973851788302,-0.059161534716235115,-0.2864265810026245,0.038284597687182974,0.9836633706987563,50.0,-0.7721017658022427,-10.0,-0.6393814845784268,-0.865002043194595,-0.32609091932115797,0.31329056525726884,0.1718059323934839,-0.7779359799154117,50.0,1.353256834174365,-10.0,-0.07128396647211109,-7.69134916040735,0.3451045620252624,0.4163885284973735,0.05971240792938046,0.14267753204320055,50.0,5.0,10.0,-0.03915749338381382,1.011437941914005,-0.059161534716235115,-0.020004041332421292,0.0012473473373825674,0.9836633706987591,50.0,-0.037915680703578,-10.0,-0.04564902658288182,0.7612252996490105,-0.059161534716235115,-0.013512508133353293,0.002404346104789571,0.9836633706987591,23.994521377366954,-0.05347031996376107,-10.0,-0.05761851554265038,0.98239479416576,-0.059161534716235115,-0.0015430191735847365,0.0002644723350425498,0.9836633706987591,0.21407943847315172,0.0,-7.80852754651858
4.95,0.3105653695418686,8.330032325547919,-0.04931555871709425,-0.35988092825896284,0.03385278517203855,0.9845975999140888,50.0,-0.8204123582147785,-10.0,-0.641560015906953,-0.21785313285261954,-0.33375442056939625,0.30780559533755675,0.17490577366014473,-0.766350124823828,50.0,1.1916635095019368,-10.0,-0.11679266940618285,-4.550870293407176,0.3463133619075551,0.46310603131373795,0.06479855527185856,0.12087998822927215,50.0,5.0,10.0,-0.028997529675150555,1.0159963708663269,-0.04931555871709425,-0.020318029041943693,0.0009425674098764977,0.9845975999140867,50.0,-0.027552637219084897,-10.0,-0.03743149074203571,0.8217535840846113,-0.04931555871709425,-0.011884067975058539,0.0022033300666305243,0.9845975999140867,21.026910093351827,-0.03782481816438787,-10.0,-0.04777467014559998,0.9843845397050398,-0.04931555871709425,-0.0015408885714942658,0.00015062499535710314,0.9845975999140867,0.03762500929957975,-0.005186406723650416,-7.804486917593294
4.96,0.3868435873177561,7.627821777588748,-0.039461795219548554,-0.42630538253730466,0.028826949168906633,0.9853763497545687,50.0,-0.8251915039300832,-10.0,-0.6384730092708228,0.3087006636130192,-0.3412993404612172,0.29717366880960566,0.1778466402818795,-0.7544919891820934,50.0,1.2104059806839866,-10.0,-0.12590870643531565,-0.9116037029132804,0.347303422847794,0.47321212928310963,0.06962183693498097,0.09900609402389016,50.0,5.0,10.0,-0.018845819961415905,1.015170971373465,-0.039461795219548554,-0.02061597525813265,0.0006348905601578248,0.9853763497545693,50.0,0.0021301918255733857,-10.0,-0.02840520041811575,0.9026290323919961,-0.039461795219548554,-0.011056594801432805,0.002002501215376997,0.9853763497545693,20.499964103138584,-0.03051055297958751,-10.0,-0.037909194796960775,0.9865475348639207,-0.039461795219548554,-0.0015526004225877785,3.6444237644833274e-05,0.9853763497545693,0.318303158838259,0.0,-7.86066484633979
4.97,0.45520654944228306,6.836296212452695,-0.029601800247081363,-0.4848083496893644,0.02329523605076772,0.9859994972467201,50.0,-0.7378036066578016,-10.0,-0.6308376297233748,0.7635379547448091,-0.3487229983225108,0.28211463140086396,0.18059143280041368,-0.742365786129362,50.0,1.4399093587723304,-10.0,-0.09713592240444492,2.877278403087073,0.3480741195022691,0.445210041906714,0.0737862095137394,0.07706966544751004,50.0,5.0,10.0,-0.008756306191253126,1.008951377016278,-0.029601800247081363,-0.020845494055828237,0.0003255404818979146,0.985999497246719,50.0,0.015616790988602145,-10.0,-0.018458522262861498,0.994667815525425,-0.029601800247081363,-0.011143277984219865,0.0017916016539822556,0.985999497246719,22.231851278318636,-0.04399075926504933,-10.0,-0.02805201581894632,0.9857178978014455,-0.029601800247081363,-0.0015497844281350433,-7.76253964166617e-05,0.985999497246719,0.33291322371741544,0.002020307121396237,-7.818318783373106
4.98,0.5148456041886755,5.963905474639253,-0.019737130807199504,-0.534582734995875,0.017353018153345046,0.9864669439881846,50.0,-0.555569945518629,-10.0,-0.6187497037841957,1.2087925939179025,-0.35602275656298477,0.2627269472212109,0.183097823013234,-0.7299758240473964,50.0,1.8125717900132687,-10.0,-0.03270000187795878,6.443592052648613,0.3486249650824548,0.38132496696041357,0.07695509997807869,0.05508455801856993,50.0,5.0,10.0,0.0012301693959608055,0.9986475587213932,-0.019737130807199504,-0.02096730020316031,1.6002723994172218e-05,0.9864669439881859,50.0,0.0,-10.0,-0.007580789338057234,1.0877732924804264,-0.019737130807199504,-0.01215634146914227,0.0015612609100427901,0.9864669439881858,25.998832179116008,-0.018810701691239946,-10.0,-0.018181958295242842,0.9870057523703476,-0.019737130807199504,-0.0015551725119566616,-0.0001918776967732631,0.9864669439881859,0.19293006463724174,-0.014681237791200754,-7.873310801933108
4.99,0.5649540413298929,5.0108437141217355,-0.0098693446455645,-0.5748233859754575,0.011103699922178297,0.9867786161634973,50.0,-0.42311721087149473,-10.0,-0.6017438819943267,1.7005821789868991,-0.3631960216132976,0.2385478603810291,0.1853132433991456,-0.7173265050312849,50.0,2.0849964630374522,-10.0,0.06171017623551807,9.441017811347685,0.3489556116624759,0.28724543542695785,0.0788834525512135,0.03306465800211322,50.0,2.8905998536747437,4.885509736023736,0.011095595180637866,0.986542578467706,-0.0098693446455645,-0.020964939826202365,-0.00029230093211462204,0.9867786161635004,50.0,0.022338797486902255,-10.0,0.004132867240643361,1.1713656578700595,-0.0098693446455645,-0.014002211886207861,0.0013041022253937056,0.9867786161635004,35.35219995906023,-0.02338101619868989,-10.0,-0.008327362485247035,0.9854595809995806,-0.0098693446455645,-0.001541982160317465,-0.00030584347647639586,0.9867786161635004,0.35505813237827155,0.001607814987120578,-7.795990260749125
5.0,0.6046050994252032,3.965105809531037,-1.9236706937217898e-16,-0.6046050994252035,0.004661138346973158,0.9869344645564326,50.0,-0.20136433263123402,-10.0,-0.5790389909528283,2.2704891041498434,-0.3702402448465307,0.20879874610629762,0.18717418194979357,-0.704422323323306,50.0,2.23480226640405,-10.0,0.17757063788482516,11.586046164930709,0.3490658503988659,0.17149521251404073,0.07943980005986083,0.011023873638998927,42.14473544834588,0.22112680521890363,0.1615528224122644,0.020848829861637615,0.9753234680999747,-1.9236706937217898e-16,-0.020848829861637806,-0.0005983215775409976,0.9869344645564309,50.0,0.015736753571178368,-10.0,0.016452117199110043,1.231924995846668,-1.9236706937217898e-16,-0.016452117199110234,0.0010163885538179364,0.9869344645564309,45.63405852878474,-0.04985918223687078,-10.0,0.0015516585044012005,0.9879020989648235,-1.9236706937217898e-16,-0.0015516585044013929,-0.0004201502714168921,0.9869344645564307,0.23329658020415073,-0.006194645108325388,-7.843996891356517
5.01,0.63266645423856,2.8061354813356756,0.009869344645564115,-0.622797109592996,-0.0018474462970903697,0.9869344645564326,50.0,0.07929707817671759,-10.0,-0.5499195246801842,2.911946627264404,-0.3771529234837124,0.17276660119647186,0.18861065329903184,-0.6912678637181702,50.0,2.2156204539852387,-10.0,0.30434792014308365,12.677728225825852,0.3489556116624759,0.044607691519392256,0.07861810415247217,-0.011023873638998927,-50.0,-2.450331654706718,1.2908388168747196,0.030522845784190608,0.9674015922552992,0.009869344645564115,-0.020653501138626493,-0.0009015967481527925,0.9869344645564305,50.0,0.02382349816971013,-10.0,0.029053371871672,1.260125467256196,0.009869344645564115,-0.019184027226107885,0.0006985357348312379,0.9869344645564305,50.0,-0.025012725242393397,-10.0,0.011430547379376597,0.9878888874975397,0.009869344645564115,-0.0015612027338124824,-0.0005345511875047709,0.9869344645564307,-0.34802481463005575,0.0012714564957682416,-7.872854441534398
5.0200000000000005,0.6478617613110598,1.5195307072499726,0.019737130807199812,-0.6281246305038599,-0.008280645672853967,0.986778616163575,50.0,0.3586775368446173,-10.0,-0.5141568756705384,3.5762649009645893,-0.38393160148303973,0.13022527418749863,0.18955527955081036,-0.6778677999327354,50.0,1.8976734861149862,-10.0,0.4304628202929849,12.611490014990123,0.3486249650824547,-0.08183785521053016,0.07653857659886786,-0.033064658002118774,50.0,-4.701373499750528,8.272219813423973,0.040164937973123795,0.9642092188933187,0.019737130807199812,-0.020427807165923982,-0.001202295741701364,0.9867786161635698,50.0,0.03613330333510475,-10.0,0.04162315507218634,1.2569783200514342,0.019737130807199812,-0.02188602426498653,0.00035397766017622917,0.9867786161635701,50.0,-0.010002016625320211,-10.0,0.021294920609744895,0.9864373230368297,0.019737130807199812,-0.0015577898025450829,-0.0006487728178339047,0.9867786161635698,-0.6205075156295932,0.0004773392978420978,-7.8742443944443865
5.03,0.6490718464217899,0.12100851107302169,0.029601800247080978,-0.6194700461747089,-0.014487446985708356,0.986466943988118,50.0,0.6518782405833748,-10.0,-0.4723686093066658,4.178826636387256,-0.39057387041249453,0.08179473889417127,0.18995534427611338,-0.6642268929454798,50.0,1.3598925434691864,-10.0,0.5452774846540578,11.481466436107286,0.3480741195022691,-0.1972033651517887,0.07341839630373923,-0.05508455801856438,50.0,-5.0,10.0,0.049821799011291856,0.9656861038168064,0.029601800247080978,-0.020219998764210878,-0.0015010643397251537,0.9864669439881165,50.0,0.04018143164212045,-10.0,0.053890568041374994,1.2267412969188654,0.029601800247080978,-0.024288767794294015,-1.1584147458597527e-05,0.9864669439881165,50.0,-0.002697612864284886,-10.0,0.031144622333960825,0.9849701724215929,0.029601800247080978,-0.0015428220868798463,-0.0007626980559448625,0.9864669439881165,0.7599588691699982,0.0032061012620782136,-7.81077428288902
5.04,0.6356418043457136,-1.34300420760763,0.03946179521954817,-0.5961800091261654,-0.020314946656209247,0.9859994972467256,50.0,0.9080393661011543,-10.0,-0.42596884312649164,4.6399766180174185,-0.39707737030555534,0.028891472820936293,0.189780261342521,-0.6503499893060816,7.453448131114887,0.6638527908913313,-8.559087131101476,0.6387064690596381,9.342898440558029,0.34730342284779403,-0.2914030462118441,0.06957007599756498,-0.07706966544750449,50.0,-5.0,10.0,0.05952611190217836,0.9704312890886503,0.03946179521954817,-0.020064316682630187,-0.0017987506354603204,0.9859994972467194,50.0,0.07793914618661396,-10.0,0.06562821566032749,1.1737647618952498,0.03946179521954817,-0.02616642044077932,-0.0003906248280559157,0.9859994972467194,50.0,0.03749545176983022,-10.0,0.04101139966686723,0.9866777332906408,0.03946179521954817,-0.0015496044473190598,-0.0008768618737471171,0.9859994972467194,-0.672494092963552,0.0109080129508973,-7.837470889520509
5.05,0.6076621961699817,-2.7979608175731845,0.049315558717093866,-0.5583466374528878,-0.025618616948980807,0.9853763497545742,50.0,1.009071707707047,-10.0,-0.3770738902549323,4.889495287155931,-0.4034397904996774,-0.026365900244745055,0.18902765281135794,-0.6362420194122032,2.2442159972768367,-0.15683035142464954,2.1341994127913306,0.7025720017832799,6.3865532723641785,0.3463133619075551,-0.35625863987572487,0.06536883427157131,-0.09900609402389571,50.0,-5.0,10.0,0.06928967100028655,0.9763559098108189,0.049315558717093866,-0.01997411228319268,-0.002096127349273329,0.9853763497545693,50.0,0.056282670787828476,-10.0,0.0766699028453804,1.1041687185052909,0.049315558717093866,-0.027354344128286537,-0.0007745851411893103,0.9853763497545693,50.0,0.03691282497970506,-10.0,0.050881917684225,0.9870518017357769,0.049315558717093866,-0.001566358967131136,-0.0009912306435920061,0.9853763497545693,0.41422818241305387,-8.626112323167987e-05,-7.899675553299724
5.0600000000000005,0.5659962819303199,-4.166591423966179,0.05916153471623542,-0.5068347472140845,-0.030270305278725033,0.9845975999141499,50.0,1.0519042133897873,-10.0,-0.3281665940706306,4.890729618430171,-0.40965887045726224,-0.08149227638663165,0.18772365708564862,-0.6219079957584861,40.61069710208125,-0.9274481913937342,10.0,0.7313197336141235,2.87477318308435,0.3451045620252624,-0.3862151715888611,0.061219205237374265,-0.1208799882292666,50.0,-5.0,10.0,0.0791061515593261,0.9816480559039557,0.05916153471623542,-0.01994461684309068,-0.0023937383232946314,0.9845975999141554,50.0,0.0710611060403273,-10.0,0.08692391380023927,1.0254010954858863,0.05916153471623542,-0.02776237908400385,-0.0011547490415779373,0.9845975999141554,50.0,0.0319817230726731,-10.0,0.060722091943694864,0.984017425946986,0.05916153471623542,-0.0015605572274594443,-0.0011052379584612993,0.9845975999141554,0.9333479631902184,0.004685121028760908,-7.851911064247856
5.07,0.5121117262311655,-5.38845556991544,0.06899816842322232,-0.4431135578079432,-0.03416259529981292,0.9836633706986897,50.0,0.9921531087180181,-10.0,-0.2817273691877734,4.64392248828572,-0.41573240056881156,-0.13400503138103814,0.1859192145230097,-0.6073530111549319,50.0,-1.5864433296189604,10.0,0.7225222438226756,-0.8797489791447903,0.3436777867048305,-0.3788444571178451,0.057518735564110295,-0.14267753204318945,50.0,-5.0,10.0,0.08895912702129259,0.9852975461966488,0.06899816842322232,-0.019960958598070275,-0.002691877663894999,0.9836633706986897,50.0,0.07183826418328658,-10.0,0.09637654329927864,0.9452629499039371,0.06899816842322232,-0.02737837487605632,-0.0015230590853288943,0.9836633706986897,50.0,0.06309310362715698,-10.0,0.07055527807243453,0.9833186128739665,0.06899816842322232,-0.0015571096492122127,-0.001219140916240818,0.9836633706986897,0.20109290330874022,0.0017318092401816662,-7.858288565970119
5.08,0.4478712342112033,-6.424049201996222,0.07882390651956236,-0.36904732769164095,-0.03721066365652971,0.982573809634002,50.0,0.8342866752942653,-10.0,-0.23983794451775384,4.188942467001957,-0.42165822293799765,-0.1818202784202438,0.18368211749210706,-0.5925822369186096,50.0,-2.1516342834058606,10.0,0.6770958160785514,-4.542642774412416,0.34203393712813246,-0.33506187895041895,0.05462238105204735,-0.16438495766980532,50.0,-3.8425286590750622,10.0,0.09882920225631261,0.9870075235020026,0.07882390651956236,-0.02000529573675025,-0.0029906313736127016,0.9825738096340048,50.0,0.07811874322810451,-10.0,0.10508694967197982,0.8710406372701173,0.07882390651956236,-0.026263043152417453,-0.0018727935805800805,0.9825738096340048,50.0,0.06602194865086035,-10.0,0.08037838037666575,0.9823102304231227,0.07882390651956236,-0.001554473857103389,-0.0013329166778541643,0.9825738096340048,0.3935284869239668,0.0011207532279785925,-7.852322364659948
5.09,0.37541342107816794,-7.245781313303534,0.08863719740730794,-0.28677622367086,-0.03935384776190795,0.9813290887745629,50.0,0.5943927578887805,-10.0,-0.20414566264402273,3.5692281873731098,-0.42743423214835036,-0.22328856950432763,0.18109230897832648,-0.5776009210352706,50.0,-2.6247403007322974,10.0,0.5992549031402948,-7.784091293825654,0.340174051585794,-0.25908085155450084,0.05280998166588491,-0.18598855423384575,50.0,-2.2052742641364085,10.0,0.10869611610247266,0.9866913846160048,0.08863719740730794,-0.020058918695164726,-0.0032898896990259494,0.9813290887745574,50.0,0.08663910027465188,-10.0,0.113177155658786,0.8090205986806188,0.08863719740730794,-0.02453995825147806,-0.002199095222962923,0.9813290887745574,50.0,0.06805097721410482,-10.0,0.09019390699208905,0.9815526615423301,0.08863719740730794,-0.0015567095847811158,-0.0014466390398562084,0.9813290887745574,0.37463813952806946,0.0071621776396984796,-7.859526847429404
5.1000000000000005,0.29712241357492947,-7.829100750323847,0.09843649145406862,-0.19868592212086084,-0.04055779690808417,0.9799294046760693,50.0,0.3210244536609801,-10.0,-0.1758602789145844,2.8285383729438327,-0.43305837601129826,-0.2571980970967139,0.17823747417006494,-0.5624143862947906,50.0,-3.0224385184900515,10.0,0.49615653868315196,-10.309836445714286,0.3380993048213872,-0.15805723386176473,0.05226039297183869,-0.20747467644067763,50.0,-0.45645955160789503,7.231431302018836,0.11853684384142554,0.9840727738952879,0.09843649145406862,-0.020100352387356926,-0.0035893005002890473,0.9799294046760678,50.0,0.09153363977847807,-10.0,0.12081808339044615,0.7640927731660158,0.09843649145406862,-0.022381591936377537,-0.0024993204196433,0.9799294046760678,50.0,0.07477836914660953,-10.0,0.0999976258348907,0.9803718842801646,0.09843649145406862,-0.0015611343808220879,-0.0015602875720924457,0.9799294046760678,0.24188972857476623,0.0033214467361670436,-7.867680716661314
5.11,0.21561938324354962,-8.150303033137982,0.1082202412377153,-0.10739914200583432,-0.04081675802482872,0.9783749783646684,4.6691180265157355,0.0203609114373768,-1.557461791289724,-0.15585211242700678,2.0008166487577608,-0.43852865629530885,-0.2826765438683021,0.17521062706650614,-0.5470280284010642,50.0,-3.3874714867609463,10.0,0.37735066132002226,-11.88058773631297,0.33581100728943797,-0.041539654030584294,0.053033055205164145,-0.2288297531949257,-50.0,1.3611457572714778,-10.0,0.1283233661135859,0.978652227216036,0.1082202412377153,-0.020103124875870612,-0.0038881969717693573,0.9783749783646684,50.0,0.10061138435130956,-10.0,0.12821320095649372,0.7395117566047563,0.1082202412377153,-0.019992959718778416,-0.00277320119249156,0.9783749783646684,50.0,0.07104487296713767,-10.0,0.10978467848458368,0.9787052649692966,0.1082202412377153,-0.0015644372468683748,-0.0016738024710580592,0.9783749783646684,0.2992274660939393,0.00459210824259255,-7.869135798095634
5.12,0.13404858636332212,-8.157079688022751,0.1179869017907424,-0.016061684572579726,-0.040161666901752234,0.9766660553027092,-10.207383339182503,-0.25946178396072334,10.0,-0.14487723397505475,1.097487845195202,-0.44384312943584275,-0.298965895460788,0.17211121932737874,-0.5314473140533904,50.0,-3.7113242481660706,10.0,0.2547818350278769,-12.256882629214541,0.33331060432771287,0.07852876929983599,0.05504403116108396,-0.2500402961725101,50.0,3.1952935539624185,-10.0,0.13802156788922681,0.9698201775640894,0.1179869017907424,-0.02003466609848442,-0.00418552565051061,0.9766660553027092,50.0,0.10434481141842529,-10.0,0.13557536618666843,0.7362165230174706,0.1179869017907424,-0.01758846439592604,-0.0030227074887525674,0.9766660553027092,40.93020063208006,0.07123962527596107,-10.0,0.1195531839418174,0.9768505457233718,0.1179869017907424,-0.001566282151075002,-0.0017871503471411465,0.9766660553027092,0.22725524793081553,0.0030356441054332204,-7.871564430999141
5.13,0.055244691449372926,-7.880389491394919,0.1277349308442285,0.07249023939485556,-0.038648725558664186,0.9748029053486096,50.0,-0.4858939792727852,10.0,-0.14365337719154367,0.1223856783511098,-0.4489999072258995,-0.30534653003435586,0.16904551545920007,-0.5156777790056744,50.0,-3.955225333006434,10.0,0.1396028875942429,-11.517894743363396,0.330599675244315,0.19099678765007208,0.05810578851192101,-0.2710929083397873,50.0,4.97572474622819,-10.0,0.1476038629001229,0.9582295010896085,0.1277349308442285,-0.019868932055894406,-0.004480037921178515,0.9748029053486096,50.0,0.11877760034024015,-10.0,0.14322765043358526,0.7652284246916843,0.1277349308442285,-0.015492719589356774,-0.003254157527115304,0.9748029053486096,33.15965305148114,0.07480755179367202,-10.0,0.12930078954280144,0.9747605600984038,0.1277349308442285,-0.0015658586985729528,-0.0019002849901367165,0.9748029053486096,0.22133707765421087,0.004852803017260771,-7.857574699144971
5.14,-0.01849352583396073,-7.373821728333366,0.13746278907138465,0.1559563149053454,-0.03635178023677739,0.9727858227156161,50.0,-0.6353682868713156,10.0,-0.15297839029406207,-0.9325013102518404,-0.453997157486885,-0.30101876719282294,0.16612857791829702,-0.49972502609855196,50.0,-4.042205196763534,10.0,0.042882881099613926,-9.672000649462898,0.32767993232015763,0.2847970512205437,0.06192095908907274,-0.29197429241573647,50.0,5.0,-10.0,0.15705986648903728,0.9456003588914386,0.13746278907138465,-0.019597077417652625,-0.004770568731244184,0.9727858227156161,48.93031078554111,0.12940163602187973,-10.0,0.15142451652477615,0.8196866091190886,0.13746278907138465,-0.013961727453391498,-0.0034757434625611277,0.9727858227156161,28.825359203614518,0.06980518442414993,-10.0,0.13903342706388347,0.9732637521082036,0.13746278907138465,-0.001570637992498819,-0.002013317745272525,0.9727858227156161,0.36325285510037375,0.0006733253105663318,-7.862727999241282
5.15,-0.08532639761739638,-6.683287178343565,0.14716894033062797,0.23249533794802435,-0.033358498139462796,0.9706151259243317,50.0,-0.751258275287764,10.0,-0.1735859233785023,-2.0607533084440206,-0.45883310471957733,-0.2852471813410751,0.16348218143573068,-0.4835947232692317,50.0,-3.9525208165749866,10.0,-0.025951456407040302,-6.883433750665423,0.3245532197274515,0.35050467613449177,0.0661143492254842,-0.3126712592706138,50.0,5.0,-10.0,0.16641270861681476,0.935284212777749,0.14716894033062797,-0.01924376828618679,-0.005056534835383828,0.9706151259243317,46.42315667757215,0.13322500175081842,-10.0,0.16032537530493746,0.8900858780161313,0.14716894033062797,-0.013156434974309489,-0.003696316400105836,0.9706151259243317,27.634421577099182,0.06830255528672197,-10.0,0.1487471003045091,0.9713673240625643,0.14716894033062797,-0.001578159973881138,-0.002126236077417593,0.9706151259243317,0.10534961678275745,-0.018695692828102933,-7.9225656573899235
5.16,-0.14389219562204356,-5.856579800464718,0.1568518519081552,0.3007440475301988,-0.029765399684114336,0.9682911577527265,50.0,-0.77468565150385,10.0,-0.20589913811513202,-3.231321473662974,-0.46350603073494984,-0.25760689261981784,0.16122924465689878,-0.4672926015372503,50.0,-3.554830982130297,10.0,-0.060194946684300615,-3.4243490277260316,0.321221512364887,0.38141645904918764,0.07027094871874869,-0.33317073625644955,50.0,5.0,-10.0,0.1757207165362894,0.930800791947463,0.1568518519081552,-0.018868864628134197,-0.005338303560859917,0.9682911577527237,46.173149961352706,0.13907266590347903,-10.0,0.16999400974605977,0.9668634441122301,0.1568518519081552,-0.013142157837904567,-0.003924424322896105,0.9682911577527237,29.286910843953294,0.10308364067682459,-10.0,0.158410839925274,0.9663739620764877,0.1568518519081552,-0.0015589880171187898,-0.0022384633537964297,0.9682911577527237,0.17388363585341385,0.017478167114544797,-7.834872722487544
5.17,-0.19317792345021434,-4.928572782817079,0.1665099947599825,0.35968791821019686,-0.02567566322373066,0.9658142851827312,50.0,-0.7201526876680052,10.0,-0.2497713489011369,-4.387221078600486,-0.468014275264641,-0.21824292636350412,0.1594855375011238,-0.45082445296911744,50.0,-2.8955572297175944,10.0,-0.056722969209042254,0.3471977475258359,0.3176869146102434,0.37440988381928564,0.07398032778218896,-0.3534597754643598,50.0,5.0,-10.0,0.18502954009840608,0.9308823562116689,0.1665099947599825,-0.018519545338423593,-0.005616587249865319,0.9658142851827284,43.94135393197518,0.12637025339491723,-10.0,0.18039876820093878,1.0404758454879,0.1665099947599825,-0.013888773440956292,-0.004167359641854457,0.9658142851827284,32.365930045563815,0.0901235098056916,-10.0,0.16806862665588448,0.965778673061048,0.1665099947599825,-0.0015586318959019962,-0.0023506275400615546,0.9658142851827284,0.1729264901767437,0.0011127927582150103,-7.847220952084084
5.18,-0.23235543198700565,-3.9177508536791317,0.17614184375339137,0.408497275740397,-0.021198915380958777,0.9631848993408909,50.0,-0.6359012910547179,10.0,-0.3043210483699086,-5.454969946877172,-0.47235623655083664,-0.16803518818092805,0.15835068261400223,-0.4341961286195628,50.0,-2.0424852390303534,10.0,-0.016419192241283347,4.030377696775891,0.3139516589912215,0.33037085123250487,0.07688099852483642,-0.3735255619021882,50.0,5.0,-10.0,0.1944030625695119,0.9373522471105812,0.17614184375339137,-0.018261218816120528,-0.0058929346627375825,0.9631848993408881,43.87650871312842,0.14830645146807525,-10.0,0.19142417443993973,1.1025406239000954,0.17614184375339137,-0.015282330686548357,-0.00443043701110995,0.9631848993408881,38.64174350298766,0.11919096871986141,-10.0,0.17771367479759256,0.964504814170808,0.17614184375339137,-0.001571831044201194,-0.0024627963319206474,0.9631848993408881,0.3121534324059852,-0.013461122769724472,-7.886574896276111
5.19,-0.26065278866102926,-2.829735667402358,0.18574587790777194,0.44639866656880123,-0.016451955148530532,0.9604034154380603,50.0,-0.5143753529880306,10.0,-0.3679176577391779,-6.3596609369269315,-0.47653037191536485,-0.10861271417618695,0.15790052156593307,-0.41741353645282087,50.0,-1.0831007226582767,10.0,0.05594167293713959,7.236086517842294,0.31001810477532876,0.2540764318381892,0.07869815419143408,-0.3933554215892754,50.0,3.7605491501594313,-10.0,0.20386980905152272,0.9466746482010828,0.18574587790777194,-0.01812393114375077,-0.006168841438995198,0.9604034154380575,43.10284997954223,0.14964381016373907,-10.0,0.20286136885710976,1.1437194417170018,0.18574587790777194,-0.017115490949337814,-0.004715963864775029,0.9604034154380575,48.189322651049466,0.1425636350810581,-10.0,0.18732504460420868,0.9611369806616128,0.18574587790777194,-0.0015791666964367346,-0.0025747016969511756,0.9604034154380575,0.21878413130785798,-0.00011581751519096394,-7.848443093551314
5.2,-0.27729126420776046,-1.6638475546731184,0.19532058063479565,0.47261184484255614,-0.011559451944637658,0.9574702727023765,50.0,-0.3704955081917601,10.0,-0.43831590850136803,-7.039825076219011,-0.4805351983078072,-0.042219289806439186,0.1581823111754906,-0.4004826392442373,1.856904834222413,-0.07744777717508305,0.7306131068228052,0.15232217063114917,9.638049769400956,0.3058887364797181,0.15356656584856893,0.07927001487297967,-0.4129368295610669,50.0,1.1993982259673237,-10.0,0.21344413211516047,0.9574323063637754,0.19532058063479565,-0.01812355148036482,-0.006445820184435225,0.957470272702371,43.60552278643711,0.1527901001558884,-10.0,0.21441843964046,1.155707078335025,0.19532058063479565,-0.019097859005664353,-0.005022513162665175,0.957470272702371,50.0,0.15145670276961912,-10.0,0.19692069341718085,0.9595648812972186,0.19532058063479565,-0.001600112782385199,-0.0026866593129047495,0.957470272702371,0.21966415214863144,0.015208603229741177,-7.9147602014621645
5.21,-0.28149891136121524,-0.42076471534547655,0.20486443997790849,0.48636335133912373,-0.006653741959711873,0.9543859343112804,50.0,-0.21498036292110181,10.0,-0.5127538324656409,-7.443792396427279,-0.48436929283241664,0.028384539633224237,0.15921053581146555,-0.38340945246094216,16.159206684561624,0.8928421072103511,-8.682221397816749,0.26238607654090995,11.006390590976075,0.3015661623019115,0.03918008576100157,0.0785611766714921,-0.43225741778065707,-50.0,-1.3808516303559686,10.0,0.22310483254039512,0.9660700425234645,0.20486443997790849,-0.018240392562486635,-0.006724831114312437,0.9543859343112832,44.11024885317607,0.17321407017443588,-10.0,0.22586351530695223,1.1445075666492213,0.20486443997790849,-0.020999075329043743,-0.005346954672620534,0.9543859343112832,50.0,0.16214023564185534,-10.0,0.2064661622716004,0.9545468854419544,0.20486443997790849,-0.001601722293691904,-0.0027981312243858638,0.9543859343112832,0.14405404522412704,0.00911687896241829,-7.88236019388817
5.22,-0.27263197021815594,0.8866941143059284,0.21437594885108552,0.48700791906924146,-0.0018723321804500516,0.9511508873177033,50.0,-0.05986876030463485,10.0,-0.5883741600239074,-7.562032755826651,-0.48803129325366346,0.10034286677024395,0.16097016775475065,-0.3662000421246814,50.0,1.803719212332851,-10.0,0.37340926694095483,11.102319040004486,0.29705311247240657,-0.07635615446854827,0.07668738322280615,-0.4513049829504956,50.0,-3.5951814915978173,10.0,0.23281091349333788,0.9706080952942768,0.21437594885108552,-0.01843496464225236,-0.0070062415702643885,0.9511508873177033,45.0539677952645,0.1737827168531767,-10.0,0.2370188595581127,1.115534425116047,0.21437594885108552,-0.022642910707027175,-0.005684937222202411,0.9511508873177033,50.0,0.19925977748298196,-10.0,0.21597689052109434,0.951072824949394,0.21437594885108552,-0.0016009416700088208,-0.0029092479235808912,0.9511508873177033,0.3526709029739544,0.007689549467995813,-7.874083147635527
5.23,-0.2502033540666327,2.2428616151523246,0.22385360527681483,0.4740569593434475,0.0026439512514691912,0.9477656425729286,50.0,0.08090598472901572,10.0,-0.6624981363516426,-7.412397632773513,-0.49151989848023653,0.17097823787140604,0.16342118989674204,-0.34886052265730716,50.0,2.6038136393205256,-10.0,0.4746050982809446,10.119583133998976,0.29235243753020546,-0.18225266075073915,0.07385289830189885,-0.47006749422011107,50.0,-5.0,10.0,0.24250626544348203,0.9695351950144153,0.22385360527681483,-0.018652660166667195,-0.007289721691432501,0.9477656425729314,45.907454741761555,0.16310304490060498,-10.0,0.24772728338923242,1.0708423831119733,0.22385360527681483,-0.023873678112417585,-0.006030758241637783,0.9477656425729314,50.0,0.2254990877628208,-10.0,0.22545632327968113,0.9479432758586772,0.22385360527681483,-0.0016027180028662935,-0.0030200694311954225,0.9477656425729314,0.28072846795121237,0.016213343167743435,-7.869271965119287
5.24,-0.2141390457439951,3.6064308322637597,0.23329591262327629,0.4474349583672714,0.006757657751915529,0.9442307346461454,50.0,0.16677058223202013,10.0,-0.7325819155950246,-7.008377924338206,-0.4948338690273089,0.2377480465677157,0.166499508154853,-0.3313970547072387,50.0,3.355603890337686,-10.0,0.555846437138088,8.124133885714338,0.28746710652235424,-0.26837933061573377,0.07035669160717009,-0.48853310078512124,50.0,-5.0,10.0,0.25213535520306674,0.9629089759584695,0.23329591262327629,-0.01883944257979045,-0.007574407014826253,0.9442307346461454,47.07679699359634,0.17840250267296553,-10.0,0.25788718555729484,1.0159902168062411,0.23329591262327629,-0.024591272934018554,-0.006378269992658593,0.9442307346461454,50.0,0.2313470162900662,-10.0,0.23490637497448716,0.9450051694806029,0.23329591262327629,-0.0016104623512108729,-0.0031306745716555913,0.9442307346461454,0.1433242905717415,0.009104635115178046,-7.882445274922145
5.25,-0.16494424605863223,4.919479968536287,0.24270137984068313,0.40764562589931536,0.010342166014055054,0.9405467217406815,50.0,0.19085141328433242,10.0,-0.7961986818247255,-6.361676622970097,-0.49797202745692587,0.29822665436779966,0.17011794236082803,-0.3138158429616955,50.0,3.9690505629965616,-10.0,0.6088552090753196,5.300877193723167,0.2824002051286257,-0.32645500394669397,0.06656205384833085,-0.5066901393728562,50.0,-5.0,10.0,0.2616502204552836,0.9514865252216822,0.24270137984068313,-0.01894884061460045,-0.007859044073494425,0.9405467217406843,47.54905953004213,0.1991904527008636,-10.0,0.26745351168034026,0.9566326123045403,0.24270137984068313,-0.024752131839657132,-0.006721454572285618,0.9405467217406843,50.0,0.25263796726707716,-10.0,0.2443200673495125,0.9413692375025347,0.24270137984068313,-0.001618687508829375,-0.0032409983704941385,0.9405467217406843,0.18389296604865235,0.001997804317659808,-7.838154953357157
5.26,-0.10383279822040423,6.1111447838228,0.2520685216967295,0.3559013199171337,0.013290064734844112,0.9367141856046368,50.0,0.21112410911832777,10.0,-0.8510109259580422,-5.481224413331663,-0.5009332587963399,0.3500776671617023,0.1741668414737782,-0.29612313394140055,50.0,4.5578880663502455,-10.0,0.6277895612065632,1.8934352131243526,0.27715493371254124,-0.3506346274940219,0.06286636405207818,-0.524527141608444,50.0,-5.0,10.0,0.27103003400965103,0.9379813554367463,0.2520685216967295,-0.018961512312921536,-0.008142457332167317,0.9367141856046368,46.829092326206215,0.20746178205380283,-10.0,0.2764359653584888,0.8982453678148512,0.2520685216967295,-0.024367443661759303,-0.007054953545684697,0.9367141856046368,50.0,0.2473773188641369,-10.0,0.2537182415119604,0.9398174162447845,0.2520685216967295,-0.0016497198152308767,-0.003351477310270926,0.9367141856046368,0.644456237256231,0.0042662401110903974,-7.957610155319751
5.2700000000000005,-0.03275131764978638,7.1081480570617845,0.26139585901112894,0.29414717666091533,0.015520721695747088,0.9327337314399442,50.0,0.13168532074799988,10.0,-0.8947902263602271,-4.377930040218492,-0.503716510934157,0.39107371542607006,0.17851537163206077,-0.27832521378171604,50.0,5.0,-10.0,0.6096677714534791,-1.812178975308404,0.27173460529995147,-0.3379331661535276,0.059668250288073744,-0.542032841258977,50.0,-4.719346869982471,10.0,0.2802910576508868,0.9261023641235778,0.26139585901112894,-0.01889519863975786,-0.008424019554977251,0.9327337314399442,46.22177372360678,0.22528134962374244,-10.0,0.28489131057419154,0.8455345215702726,0.26139585901112894,-0.023495451563062597,-0.00737446151347235,0.9327337314399442,50.0,0.2046054405405207,-10.0,0.263041090188085,0.9322848676124624,0.26139585901112894,-0.0016452311769560857,-0.0034611581088017335,0.9327337314399442,-0.19146834192288878,0.021615224525631287,-7.858133672432336
5.28,0.0457372610220598,7.848857867184618,0.27068191888919363,0.22494465786713383,0.016985282487699965,0.928605987806469,50.0,0.09272068382214031,10.0,-0.9255174344746877,-3.0727208114460582,-0.5063207949941443,0.4191966394805434,0.1830146101080108,-0.26042840599872497,50.0,5.0,-10.0,0.5546021652923854,-5.506560616109374,0.2661426434864577,-0.28845952180592765,0.057334311131625404,-0.5591961813493751,50.0,-3.429503442014444,10.0,0.2894713561778967,0.9180298527009935,0.27068191888919363,-0.01878943728870308,-0.008703716913134383,0.928605987806469,44.467735299034,0.21459872381814324,-10.0,0.2929111770861338,0.8019866511942236,0.27068191888919363,-0.02222925819694016,-0.007676952760561175,0.928605987806469,50.0,0.22654596311747874,-10.0,0.2723375142306911,0.9296424042606033,0.27068191888919363,-0.0016555953414974511,-0.003570678302642769,0.928605987806469,0.5894762609789705,0.018925018172446927,-7.9174305840566115
5.29,0.12871264890858464,8.297538788652483,0.27992523495442134,0.1512125860458367,0.01766765446929308,0.9243316065227714,17.073422659138902,0.017485479812065774,4.190284456613109,-0.9415682695878153,-1.6050835113127504,-0.5087451856865763,0.4328230839012389,0.18750334929815443,-0.24243906924320546,50.0,5.0,-10.0,0.4658334722642532,-8.876869302813219,0.26038258027499617,-0.20545089198925703,0.05616748914201416,-0.5760063211461552,50.0,-1.7279241907985554,10.0,0.29863463783434996,0.9163281656453245,0.27992523495442134,-0.018709402879928616,-0.008982443758498201,0.9243316065227714,45.6447574894897,0.22000085064216743,-10.0,0.30060746360757534,0.7696286521441545,0.27992523495442134,-0.020682228653154,-0.00796073791230713,0.9243316065227714,50.0,0.21339832931877506,-10.0,0.281578027117024,0.9240512886332914,0.27992523495442134,-0.0016527921626026676,-0.0036796113531321244,0.9243316065227714,0.31612992231038534,0.001343664983509044,-7.882779457458724
5.3,0.21292082172565255,8.42081728170679,0.2891243475800528,0.07620352585440024,0.017587607999666407,0.9199112625631445,-23.31139573203949,-0.034500354793566286,-10.0,-0.9419286105569334,-0.03603409691181847,-0.5109888216369847,0.4309397889199488,0.1918163505970451,-0.22436359504083292,50.0,4.770999927701485,-10.0,0.34950465284917254,-11.632881941508067,0.25445805384494935,-0.09504659900422319,0.05638031134612273,-0.5924526430046817,-19.296806449659698,0.10991089691206658,-4.56818641610596,0.30781646428533577,0.9181826450985785,0.2891243475800528,-0.01869211670528298,-0.009261183190060888,0.9199112625631445,45.872960700396185,0.22383836289206874,-10.0,0.30809844457547325,0.7490980967897933,0.2891243475800528,-0.018974096995420464,-0.008225388691940314,0.9199112625631445,46.922089984433455,0.20714717503263821,-10.0,0.29077984789909633,0.9201820782072316,0.2891243475800528,-0.0016555003190435458,-0.0037881845641432833,0.9199112625631445,0.25883735079046455,0.010411651096829016,-7.904547011734412
5.3100000000000005,0.29545981230088403,8.25389905752315,0.29827780411956695,0.002817991818682919,0.01679039801210092,0.915345653951416,-1.660975841412945,-0.09498033472129869,-10.0,-0.92661008907373,1.5318521483203449,-0.5130509056921986,0.4135591833815314,0.19579875721602838,-0.20620840552139086,50.0,3.9803517852231542,-10.0,0.21602039968718187,-13.348425316199066,0.24837280625419197,0.032352406567010106,0.05803867794341274,-0.6085247590757376,50.0,2.173846082633578,-10.0,0.31704676025508655,0.9230295969750786,0.29827780411956695,-0.0187689561355196,-0.009541175711113592,0.915345653951416,45.732806465519005,0.23770297431411286,-10.0,0.3155184303350103,0.7419985759537074,0.29827780411956695,-0.017240626215443366,-0.008471994811690118,0.915345653951416,40.46355451324912,0.20177610915240726,-10.0,0.2999326508986791,0.9152802999582756,0.29827780411956695,-0.0016548467791121513,-0.0038962610619302325,0.915345653951416,0.2654012150023446,0.012588517840261023,-7.85977522256177
5.32,0.374583556883795,7.912374458291101,0.30738415913606393,-0.0671993977477311,0.015327166588794499,0.9106355016496981,50.0,-0.1654296521697588,-10.0,-0.8967405197746156,2.986956929911444,-0.5149307052035724,0.3818098145710431,0.19931815966874766,-0.18797995113738475,50.0,2.8981207297068843,-10.0,0.07583311782185223,-14.018728186532964,0.2421306810755311,0.16629756325367887,0.06110352639460283,-0.6242125178660879,50.0,4.40734729911164,-10.0,0.32632650918526174,0.927974893017518,0.30738415913606393,-0.01894235004919781,-0.009823396700907323,0.9106355016496981,46.671079416649036,0.22193753288253737,-10.0,0.3230440138076587,0.7525583472648368,0.30738415913606393,-0.015659854671594753,-0.00870384919313255,0.9106355016496981,34.77478202095232,0.2129252214331337,-10.0,0.3090573995976607,0.9124748698981617,0.30738415913606393,-0.001673240461596781,-0.004004240953536016,0.9106355016496981,0.4641065604078198,0.008861146650923185,-7.921859594094645
5.33,0.4490233728401375,7.443981595634247,0.31644197463052254,-0.13258139820961495,0.013256954447134924,0.905781549445861,50.0,-0.150881053541329,-10.0,-0.8545312215565649,4.220929821805067,-0.5166275522872912,0.33790366926927373,0.20227510337925989,-0.16968470837187555,50.0,1.5846481543181385,-5.2973705080859865,-0.05911320627430813,-13.494632409616036,0.2357356209690197,0.29484882724332784,0.0654014779079977,-0.6395060106511363,50.0,5.0,-10.0,0.335618472075782,0.9291962890520276,0.31644197463052254,-0.019176497445259455,-0.01010808130426512,0.905781549445861,47.329873431608796,0.24424788317240967,-10.0,0.33080809974587927,0.7764085938220601,0.31644197463052254,-0.014366125115356732,-0.008925151303668322,0.905781549445861,30.924783992145457,0.16490843566169233,-10.0,0.31812329342932744,0.9065893831666704,0.31644197463052254,-0.0016813187988048983,-0.0041117130798407325,0.905781549445861,0.13346943015131044,-0.0062137648972138085,-7.905205594005781
5.34,0.518038143950191,6.901477111005347,0.3254498202688758,-0.19258832368131518,0.010640923499221237,0.9007845638353273,50.0,-0.14425802722178044,-10.0,-0.8030352344813838,5.149598707518105,-0.5181408440616649,0.28489439041971887,0.20460908741270525,-0.15132917743737595,35.78810608683552,0.27364240406127105,-0.7661777523344258,-0.17668079775694,-11.756759148263189,0.2291916651916879,0.4058724629486279,0.07063587845231031,-0.65439557773318,50.0,5.0,-10.0,0.3448653159919854,0.9246843916203399,0.3254498202688758,-0.019415495723109577,-0.01039470470065825,0.9007845638353273,49.351193977684865,0.2417868736906974,-10.0,0.3388938106547487,0.808571090886944,0.3254498202688758,-0.013443990385872906,-0.009140448316615746,0.9007845638353273,27.291637958071746,0.18063879692933266,-10.0,0.32713730357234566,0.9014010143018233,0.3254498202688758,-0.00168748330346985,-0.004218728014305614,0.9007845638353273,-0.04515863652704586,0.0031672265786360683,-7.850990640947737
5.3500000000000005,0.5812707896064718,6.323264565628088,0.3344062736078753,-0.24686451599859655,0.007539951882672464,0.895645333899947,50.0,-0.12390099418385904,-10.0,-0.7457623082323243,5.727292624905954,-0.5194700428613327,0.22629226537099156,0.2062992808039246,-0.13291987996677523,-50.0,-0.8978431395720823,2.3152815131882316,-0.26566256074608346,-8.898176298914345,0.22250294704626394,0.4881655077923474,0.07640735116012522,-0.6688718145423989,50.0,5.0,-10.0,0.3539849645656037,0.9119648573618323,0.3344062736078753,-0.019578690957728406,-0.010681688095971718,0.895645333899947,48.495583647576446,0.26389190980295957,-10.0,0.347350664899246,0.8456854244497272,0.3344062736078753,-0.012944391291370705,-0.009354460771974426,0.895645333899947,25.72564923978633,0.17434428177599764,-10.0,0.3361234582816296,0.8986154709283941,0.3344062736078753,-0.0017171846737543128,-0.0043257614081359955,0.895645333899947,0.5853585369701684,0.011006498898316286,-7.944257574593904
5.36,0.6386406219719561,5.736983236548431,0.3433099203197103,-0.29533070165224584,0.004012946542495162,0.8903646711835023,50.0,-0.07771555537795333,-10.0,-0.6863932283858832,5.9369079846440975,-0.5206146764282894,0.16577855195759383,0.20736337552503611,-0.11446335669567098,-50.0,-1.724761463675032,3.8082347057815342,-0.31693346630811414,-5.1270905562030675,0.2156736912704918,0.532607157578606,0.08224613179153159,-0.6829255775772092,50.0,5.0,-10.0,0.36292795918075677,0.8942994615153104,0.3433099203197103,-0.01961803886104646,-0.010967298430733713,0.8903646711835023,49.94798653815773,0.27858144945904956,-10.0,0.35618281255506373,0.8832147655817773,0.3433099203197103,-0.012872892235353428,-0.009571511170886138,0.8903646711835023,24.69143088854656,0.19781435070070263,-10.0,0.34503542885969535,0.891197057806577,0.3433099203197103,-0.0017255085399850434,-0.004432136199316504,0.8903646711835023,0.6598717887097275,0.01415109805343775,-7.893836874784952
5.37,0.690160940606095,5.152031863413886,0.3521593544153526,-0.3380015861907424,0.00011772749424634977,0.8849434095642317,50.0,-0.015832201058658027,-10.0,-0.6274221759588754,5.897105242700789,-0.5215743380796795,0.10584783787919594,0.20783214337955802,-0.09596616513900535,-50.0,-2.136449573737211,3.9711404885521357,-0.3251101864509308,-0.8176720142816656,0.20870821136869228,0.5338183978196231,0.08766608297115598,-0.6965479901799521,50.0,5.0,-10.0,0.37163588998348623,0.8707930802729476,0.3521593544153526,-0.019476535568133613,-0.011249143094442344,0.8849434095642317,48.36159437861082,0.2733319795569438,-10.0,0.36535890354073647,0.9176090985672715,0.3521593544153526,-0.013199549125383847,-0.009795267571996705,0.8849434095642317,27.907024260612793,0.21278006663278048,-10.0,0.3538949505089393,0.8859521649243958,0.3521593544153526,-0.0017355960935866999,-0.00453808737674481,0.8849434095642317,0.6994419061647843,0.023241000302321867,-7.9367146506763575
5.38,0.7359343989287785,4.577345832268353,0.3609531784665714,-0.37498122046220717,-0.004089819293602557,0.8793824051218757,50.0,0.10368137440108045,-10.0,-0.5704477328112862,5.697444314758914,-0.5223486868522875,0.04809904595899872,0.20774338940767212,-0.07743487726080689,-50.0,-2.2062829965957493,3.3721577313907964,-0.28910772057236506,3.600246587856577,0.2016109068872662,0.49071862745963124,0.09221324458696664,-0.7097304481426092,50.0,5.0,-10.0,0.38010554685612985,0.8469656872643619,0.3609531784665714,-0.019152368389558472,-0.011525363347064365,0.8793824051218757,46.1026530521876,0.26926486803480376,-10.0,0.37478910412139754,0.9430200580661072,0.3609531784665714,-0.013835925654826164,-0.010027928834351576,0.8793824051218757,32.32582216504986,0.21157764456203976,-10.0,0.36268101737928593,0.878606687034662,0.3609531784665714,-0.0017278389127145521,-0.004643226434575422,0.8793824051218757,0.4658333815631911,0.023235340257846532,-7.858270512083342
5.39,0.7760549180728236,4.012051914404506,0.3696900038266089,-0.4063649142462147,-0.008554673627505154,0.8736825360037503,50.0,0.19936218429310754,-10.0,-0.5160950406793565,5.435269213192968,-0.522937447623682,-0.006842406944325474,0.20713143841690954,-0.05887607713944698,6.483902943519156,-2.0482652451752625,2.3930507374940975,-0.2123775558703232,7.673016470204187,0.19438626063584238,0.40676381650616555,0.09551358110500788,-0.7224646251423827,50.0,5.0,-10.0,0.38836662673249295,0.8261079876363095,0.3696900038266089,-0.018676622905884066,-0.011794740374886837,0.8736825360037503,43.375585479761185,0.26831066142147275,-10.0,0.3843552313423449,0.9566127220947371,0.3696900038266089,-0.014665227515736012,-0.01027024238171841,0.8736825360037503,34.54625578789097,0.2429490620618906,-10.0,0.3714292645685329,0.8748247189247018,0.3696900038266089,-0.0017392607419240425,-0.004748101513887133,0.8736825360037503,0.44017615038069463,0.0037051989933685396,-7.879964820403255
5.4,0.8104486061419507,3.43936880691271,0.3783684508494603,-0.4320801552924904,-0.01321941206112133,0.8678447022851421,50.0,0.33564085354083717,-10.0,-0.4641751251813338,5.191991549802274,-0.5233404112099642,-0.059165286028630415,0.206020586401643,-0.04029635862822234,50.0,-1.8001319962466553,1.3966977610055837,-0.10251593179040454,10.986162407991866,0.18703883585584197,0.2895547676462465,0.09731051254067116,-0.7347424780000444,50.0,3.9543776903120285,-10.0,0.3964769943057242,0.8110367573231254,0.3783684508494603,-0.018108543456263893,-0.012056929485181788,0.8678447022851421,42.018541841627595,0.27974638887102377,-10.0,0.3939517264262202,0.959649508387529,0.3783684508494603,-0.01558327557675987,-0.010522040088324762,0.8678447022851421,38.36616273693171,0.2586986168588801,-10.0,0.38012895481398246,0.8699690245449507,0.3783684508494603,-0.0017605039645221532,-0.00485270345598685,0.8678447022851421,0.6805487841243212,0.017536805989758094,-7.915860950676781
5.41,0.838694781930344,2.824617578839325,0.3869871491077352,-0.4517076328226088,-0.01801895014723135,0.8618698258274882,50.0,0.5206591004819913,-10.0,-0.41417158494731826,5.000354023401556,-0.5235574344400905,-0.10938584949277225,0.20442669250437515,-0.021702323012628977,50.0,-1.6440976051950396,0.7645442197637863,0.02969535727133797,13.22112890617425,0.17957327333823786,0.14987791606689987,0.09748717881072273,-0.7465562517604107,-2.0632928092000826,-0.010148683954389203,0.46372322322665194,0.40449892234039553,0.8021928034671322,0.3869871491077352,-0.017511773232660344,-0.012312266497855105,0.8618698258274882,38.3562221218077,0.26938680114770014,-10.0,0.4034700270638788,0.9518300637658618,0.3869871491077352,-0.016482877956143616,-0.010782051874262785,0.8618698258274882,42.120806191206675,0.2725870341993647,-10.0,0.38876259003719393,0.863363522321149,0.3869871491077352,-0.0017754409294587492,-0.004956794217513552,0.8618698258274882,0.3234525695486497,0.014464186983903829,-7.89339708236681
5.42,0.8598460283611787,2.1151246430834805,0.3955447376090692,-0.4643012907521095,-0.02287347551906079,0.8557588501334035,50.0,0.7136593799740351,-10.0,-0.365495801826794,4.867578312052426,-0.5235884402067409,-0.15809263837994691,0.20235900828937042,-0.0031005766650382682,50.0,-1.7242663593464398,0.11818183139185488,0.16971850424609658,14.002314697475859,0.171994288492327,0.002275784246230428,0.09610970518343745,-0.7578984845910852,-8.270056933679204,-3.733916309083761,10.0,0.4125254317623817,0.802650942198619,0.3955447376090692,-0.016980694153312492,-0.012562338533608093,0.8557588501334035,35.70871102798535,0.27903627455684543,-10.0,0.41284316393359766,0.9373136869718874,0.3955447376090692,-0.017298426324528438,-0.011048767506205258,0.8557588501334035,45.5760344057645,0.3062851511598542,-10.0,0.39733998950982047,0.8577399472626545,0.3955447376090692,-0.001795251900751249,-0.005060520731247329,0.8557588501334035,1.39443794508165,0.005740825033172373,-7.9123350844754174
5.43,0.8726336225970329,1.2787594235854178,0.404039865011034,-0.4685937575859989,-0.027687289037279322,0.8495127401964786,50.0,0.9043282550720578,-10.0,-0.3183737798517823,4.71220219750117,-0.5234334174937139,-0.20505963764193158,0.199837191693201,0.015502271302703097,50.0,-1.9721411373666708,-0.5907150471426635,0.3042963096661544,13.457780542005782,0.16430666836738253,-0.13998964129877187,0.09336403071624914,-0.7687620124944478,50.0,-5.0,10.0,0.42063864046872984,0.8113208706348147,0.404039865011034,-0.016598775457695836,-0.012809458375248531,0.8495127401964786,35.971943337124834,0.27840173298958815,-10.0,0.42202732494193074,0.9184161008333097,0.404039865011034,-0.017987459930896732,-0.011320483715597556,0.8495127401964786,46.491638173847214,0.30754861991080135,-10.0,0.4058510147011252,0.8511025191304779,0.404039865011034,-0.0018111496900912183,-0.005163742480061289,0.8495127401964786,0.01988601637806003,0.03602662478067473,-7.900999345377433
5.44,0.8757461795572891,0.3112556960256153,0.4124711898345362,-0.4632749897227529,-0.03235116450410941,0.8431324823502173,50.0,1.098058558427633,-10.0,-0.27385311105424376,4.45206687975385,-0.5230924213798414,-0.2492393103255976,0.19689959190196965,0.034099611387250484,50.0,-2.38207223380492,-1.6214975526058995,0.4208394622254229,11.654315255926848,0.15651526862904558,-0.2643241935963773,0.0895553572546927,-0.7791399738336924,50.0,-5.0,10.0,0.42887627209470247,0.8237631625972625,0.4124711898345362,-0.016405082260166293,-0.013055885514109921,0.8431324823502173,34.951649172851354,0.2721583903471906,-10.0,0.4310391372911999,0.9011812349269195,0.4124711898345362,-0.018567947456663736,-0.011596281313656885,0.8431324823502173,50.0,0.33969962159084777,-10.0,0.414301108649187,0.8450093948061763,0.4124711898345362,-0.0018299188146508327,-0.005266542607688415,0.8431324823502173,0.34486082096176085,0.01739513684479993,-7.918897038291169
5.45,0.8682256207483802,-0.7520558808908865,0.420837380675645,-0.44738824007273514,-0.036749841316747675,0.8366190841108845,50.0,1.193156935061028,-10.0,-0.23366994528317933,4.018316577106443,-0.5225655730194189,-0.28889562773623956,0.1936088039668966,0.05268483604224938,50.0,-2.8202515101979624,-3.0827514881840443,0.5084953044925985,8.765584226717557,0.14862501049238871,-0.35987029400020976,0.08508009589201884,-0.7890258136656836,50.0,-5.0,10.0,0.437257453522234,0.8381181427531521,0.420837380675645,-0.016420072846588973,-0.013303898056851126,0.8366190841108845,35.76406847467884,0.31012390140389795,-10.0,0.4398850270526453,0.8845889761445394,0.420837380675645,-0.019047646377000294,-0.011875216675041343,0.8366190841108845,50.0,0.33213780007246674,-10.0,0.4226810729689229,0.8379964319735844,0.420837380675645,-0.0018436922932778543,-0.005368779173818553,0.8366190841108845,-0.10930692428483985,0.007946447228261056,-7.909387471228148
5.46,0.849726586112283,-1.84990346360971,0.429137116415843,-0.42058946969644,-0.0407707456673511,0.8299735740197989,50.0,1.244823751459825,-10.0,-0.1998401018384423,3.3829843444737007,-0.5218530595991603,-0.322012957760718,0.19005037595484206,0.07125134202585759,50.0,-3.179286804804375,-4.7572203145451395,0.5590395583406742,5.054425384807572,0.1406408776135661,-0.41839868072710806,0.080390666546267,-0.7984132878822603,50.0,-5.0,10.0,0.44575073756896166,0.8493284046727674,0.429137116415843,-0.01661362115311865,-0.013554967108849588,0.8299735740197989,37.35647741347464,0.2977227312013628,-10.0,0.44860497943789623,0.8719952385250919,0.429137116415843,-0.019467863022053222,-0.012157094829114383,0.8299735740197989,50.0,0.3552883298979817,-10.0,0.4309943897320147,0.831331676309183,0.429137116415843,-0.0018572733161716926,-0.005470485074611188,0.8299735740197989,0.47933708863390645,0.005670730694494697,-7.924447965905337
5.47,0.8205492643508829,-2.917732176140009,0.43736908643064426,-0.3831801779202387,-0.04431077422893949,0.8231970014801249,50.0,1.1910432873572405,-10.0,-0.17417669502639896,2.566340681204336,-0.520955134271691,-0.34677843924529206,0.1863259574942687,0.089792532746924,50.0,-3.4161413464822457,-6.551267096132424,0.567564286640128,0.8524728299453779,0.13256791294203002,-0.434996373698098,0.07595545552629149,-0.807296467153612,50.0,-5.0,10.0,0.4542903722476333,0.8539634678671654,0.43736908643064426,-0.01692128581698904,-0.013809576313806197,0.8231970014801249,38.325949394778426,0.3148987168922932,-10.0,0.45720692093931303,0.8601941501416795,0.43736908643064426,-0.019837834508668772,-0.01244149258921524,0.8231970014801249,50.0,0.34531868275130534,-10.0,0.43923288955147244,0.8238499819457733,0.43736908643064426,-0.001863803120828178,-0.0055715081040140476,0.8231970014801249,0.42889706186934723,0.0017607541451129848,-7.875190850973394
5.48,0.7815425373632283,-3.9006726987654625,0.44553199079655537,-0.33601054656667295,-0.047280812424729673,0.8162904365911106,50.0,1.059795458158746,-10.0,-0.15791250857707612,1.6264186449322855,-0.5198721160656042,-0.3619596074885281,0.18254371955489018,0.10830182060868054,50.0,-3.446740375286501,-8.173773726780414,0.5328948745363125,-3.4669412103815533,0.12441121553529808,-0.40848365900101435,0.07221731305731949,-0.8156697406731916,50.0,-5.0,10.0,0.4628000789440602,0.8509706696426902,0.44553199079655537,-0.017268088147504856,-0.014067354262245514,0.8162904365911106,40.31545025492723,0.31050323509467964,-10.0,0.46564868162626677,0.8441760686953752,0.44553199079655537,-0.020116690829711403,-0.01272707710438189,0.8162904365911106,50.0,0.3552427234887137,-10.0,0.4474167870644186,0.8183897512946178,0.44553199079655537,-0.0018847962678632535,-0.005672195041822142,0.8162904365911106,0.3707849534547454,0.01912574487246506,-7.951969811306822
5.49,0.7340281676001964,-4.751436976303188,0.4536245404963478,-0.2804036271038486,-0.04960970499813784,0.8092549699792451,50.0,0.8504256240109227,-10.0,-0.15150642399323047,0.6406084583845655,-0.518604389772112,-0.36709796577888154,0.17880867905126294,0.1267726293492255,50.0,-3.4454242023006487,-9.75359151241767,0.45767693489037053,-7.52179396459419,0.1161759373382798,-0.34150099755209073,0.069554482478258,-0.8235278197018303,50.0,-4.345081183248816,10.0,0.47118947104408593,0.8389392100025703,0.4536245404963478,-0.01756493054773811,-0.014326897488723152,0.8092549699792451,40.40102690694691,0.3240517061508136,-10.0,0.47383580759828137,0.8187125972014607,0.4536245404963478,-0.02021126710193355,-0.01301106103512137,0.8092549699792451,50.0,0.37858818854000625,-10.0,0.45551215107238385,0.8095364007965213,0.4536245404963478,-0.0018876105760360362,-0.005772024787662155,0.8092549699792451,0.5291590676160673,0.010510185406752297,-7.905031805567846
5.5,0.6798067792533188,-5.422138834687764,0.461645457622614,-0.21816132163070479,-0.05124910433097611,0.802091712626618,50.0,0.5699571039710097,-10.0,-0.15466213093266187,-0.3155706939431393,-0.5171524058083298,-0.3624902748756679,0.17521533337190057,0.14519839637822107,50.0,-3.412852646618448,-10.0,0.34812015262599294,-10.955678226437758,0.10786727992919279,-0.24025287269680015,0.06824752157393378,-0.8308657409087011,50.0,-1.8489524849239491,10.0,0.4793880936463019,0.8198622602216008,0.461645457622614,-0.01774263602368792,-0.014586310074982192,0.802091712626618,40.862384213419354,0.3405881306398086,-10.0,0.4816391472316299,0.7803339633348568,0.461645457622614,-0.01999368960901593,-0.013289031327545017,0.802091712626618,50.0,0.3695107186060729,-10.0,0.4635378545600193,0.802570348763541,0.461645457622614,-0.001892396937405283,-0.005871205791912562,0.802091712626618,0.20762428163950988,0.019434081865366944,-7.8727200814506535
5.51,0.6211686822479758,-5.863809700534293,0.4695934755795576,-0.15157520666841823,-0.05217847542760686,0.7948017956943609,50.0,0.27396969850678266,-10.0,-0.16656401757150108,-1.1901886638839199,-0.515516680057246,-0.34895266248574497,0.17184482561343153,0.16357257510837275,50.0,-3.4091784905056874,-10.0,0.2134408977375234,-13.467925488846955,0.0994904912341399,-0.11395040650338349,0.06845481005778464,-0.8376788695052886,-50.0,0.7900148297219199,-10.0,0.4873304212448105,0.7942327598508628,0.4695934755795576,-0.017736945665252912,-0.014843102807619806,0.7948017956943609,40.026187547206426,0.34271695346078224,-10.0,0.48893013094788845,0.7290983716258517,0.4695934755795576,-0.019336655368330846,-0.01355530771839091,0.7948017956943609,50.0,0.3600543973934445,-10.0,0.47150636443629995,0.796850987628067,0.4695934755795576,-0.0019128888567423452,-0.005970019779242792,0.7948017956943609,0.4387098795895555,0.018235856648739127,-7.905069543605539
5.5200000000000005,0.5608618507685406,-6.0306831479435274,0.47746733928300705,-0.0833945114855335,-0.05240935222766785,0.7873863703449446,-4.156060716812955,-0.022186765799564672,1.626791172148227,-0.1865029981376338,-1.9938980566132718,-0.5136977936844311,-0.3271947955467973,0.16877226746362486,0.18188863728149096,50.0,-3.523410646702129,-10.0,0.06816192072208294,-14.527897701544045,0.09105086221240406,0.022888941490321127,0.07013648924284226,-0.8439629021735839,50.0,3.513762934027389,-10.0,0.49498487271884806,0.765445147403756,0.47746733928300705,-0.017517533435841004,-0.015094822656718593,0.7873863703449446,38.85937754548562,0.33181440733986733,-10.0,0.49559950507481887,0.6669374126930397,0.47746733928300705,-0.018132165791811816,-0.013803323117578332,0.7873863703449446,43.96743740830446,0.3419323659449109,-10.0,0.47940148318730885,0.789511875100888,0.47746733928300705,-0.0019341439043017994,-0.006068312405795899,0.7873863703449446,0.4548540070384057,0.012505236345662505,-7.916173066693336
5.53,0.501752236032123,-5.910961473641756,0.48526580535860664,-0.016486430673516406,-0.05198312038703884,0.7798466075599586,-8.799336618001746,-0.28874783942173005,10.0,-0.21389609161617712,-2.7393093478543324,-0.5116963929315532,-0.2978003013153761,0.16606819538525655,0.20014007528779132,50.0,-3.6458349654488926,-10.0,-0.07636590672739652,-14.452782744947944,0.0825537235145653,0.15891963024196182,0.07317096381975667,-0.8497138697838746,50.0,5.0,-10.0,0.5023472396495954,0.7362366930747284,0.48526580535860664,-0.01708143429098874,-0.015339260668935954,0.7798466075599586,36.55622819096114,0.33505960659645834,-10.0,0.5017366294095579,0.6137124334739046,0.48526580535860664,-0.016470824050951238,-0.014029402601435235,0.7798466075599586,36.00243243282471,0.29823016345813236,-10.0,0.48721579016680094,0.7814306979492083,0.48526580535860664,-0.001949984808194305,-0.006165955323672763,0.7798466075599586,0.529735358542445,0.01574219243556555,-7.8964885914883745
5.54,0.44602319611266067,-5.572903991946237,0.4929876423381604,0.04696444622549972,-0.05095618552558922,0.7721836979553753,44.92430417491016,-0.4812809153014263,10.0,-0.24872634996720389,-3.4830258351026755,-0.5095131888867691,-0.2607868389195652,0.16380862957957115,0.2183204044784115,50.0,-3.734778757930919,-10.0,-0.20742997546260342,-13.10640687352069,0.07400444211554776,0.2814344175781512,0.07729594868289025,-0.8549281399017505,50.0,5.0,-10.0,0.5094675354452767,0.7120295795681326,0.4929876423381604,-0.016479893107116284,-0.01557526255796393,0.7721836979553753,34.00540962845722,0.3194141366147716,-10.0,0.5075238239401143,0.5787194530556407,0.4929876423381604,-0.014536181601953913,-0.014232636362760337,0.7721836979553753,27.88960072495264,0.2708332349952323,-10.0,0.4949543481852104,0.7738558018409459,0.4929876423381604,-0.0019667058470499987,-0.006263007962327358,0.7721836979553753,0.42846414507181596,0.014342914336723071,-7.89387898485575
5.55,0.39509127566445523,-5.093192044820545,0.5006316308540943,0.10554035518963911,-0.04939146276921077,0.7643988515933953,50.0,-0.6261903241649742,10.0,-0.29136334494886096,-4.263699498165705,-0.5071489572320811,-0.21578561228322013,0.16207714340655552,0.23642316546880204,50.0,-3.6464303853986397,-10.0,-0.3133623066065596,-10.593233114395622,0.06540841792472384,0.37877072453128346,0.08214297923964266,-0.8596024190823892,50.0,5.0,-10.0,0.5164364791555786,0.6968943710301868,0.5006316308540943,-0.01580484830148421,-0.015803000478081787,0.7643988515933953,30.97202748504907,0.31285140496960195,-10.0,0.5132057604582262,0.5681936518111884,0.5006316308540943,-0.012574129604131845,-0.014415197023982775,0.7643988515933953,20.821654924751847,0.24430390957604436,-10.0,0.5026155770031678,0.766122881795745,0.5006316308540943,-0.00198394614907349,-0.006359459711997667,0.7643988515933953,0.5902833779292976,0.014438010870689862,-7.900198420671578
5.5600000000000005,0.3498164311988247,-4.527484446563051,0.5081965638320116,0.1583801326331869,-0.0473549129982226,0.7564932977917271,50.0,-0.7200446525888452,10.0,-0.34219451340298157,-5.083116845412062,-0.5046045379677381,-0.1624100245647565,0.16096135484544916,0.2544419264343012,50.0,-3.295136012537113,-10.0,-0.3848044289491357,-7.14421223425761,0.05677108037521265,0.44157550932434836,0.0872731555563119,-0.8637337549511181,50.0,5.0,-10.0,0.5233701148311635,0.6933635675584919,0.5081965638320116,-0.015173550999151852,-0.016024072344829155,0.7564932977917271,28.808412058073205,0.30479346065924784,-10.0,0.5190439046245385,0.5838144166312391,0.5081965638320116,-0.010847340792526916,-0.014582051873571167,0.7564932977917271,15.957549189819735,0.21817714979852404,-10.0,0.5101943770307478,0.7578800027579884,0.5081965638320116,-0.0019978131987361536,-0.006455225844260827,0.7564932977917271,-0.11946004283354811,0.020587166194236166,-7.875826803890573
5.57,0.31068889211987816,-3.9127539078946585,0.5156812466812979,0.20499235456141973,-0.04491371406181894,0.7484682849286273,50.0,-0.7715935487293589,10.0,-0.4011878026415404,-5.899328923855883,-0.5018808351137888,-0.10069303247224837,0.16054435741311227,0.27237028539492947,50.0,-2.64732894434073,-10.0,-0.4158908368541374,-3.108640790500173,0.04809788499453981,0.46398872184867723,0.09222390685384868,-0.8673195380672849,50.0,5.0,-10.0,0.5303757342296547,0.7005619398491234,0.5156812466812979,-0.014694487548356783,-0.016241073414297636,0.7484682849286273,27.398502534960265,0.3050877189330107,-10.0,0.5252723927542792,0.6228488129740585,0.5156812466812979,-0.009591146072981283,-0.014740248215598386,0.7484682849286273,13.263776083103709,0.20629551169208804,-10.0,0.5176990793442992,0.750470231355137,0.5156812466812979,-0.002017832663001262,-0.006550451194026354,0.7484682849286273,0.4409496108033297,0.01522241601360703,-7.872894202474789
5.58,0.27806528864983077,-3.2623603470047398,0.5230844974837658,0.24501920883393508,-0.04213728593877911,0.7403250802467953,50.0,-0.797384147271824,10.0,-0.4675598661327092,-6.63720634911688,-0.49897881638888886,-0.031418950256179634,0.16089388854546216,0.2902018724899924,33.39002154480056,-1.7181353888782185,-10.0,-0.4050336525823208,1.0857184271816571,0.03939430995880382,0.44442796254112465,0.09655961463654177,-0.8703575035735989,50.0,5.0,-10.0,0.5375318785037158,0.7156144274061073,0.5230844974837658,-0.014447381019949912,-0.01645710866723775,0.7403250802467953,27.028534009189336,0.30359257389341154,-10.0,0.5320696171793322,0.679722442505309,0.5230844974837658,-0.008985119695566368,-0.01489807165680458,0.7403250802467953,12.924058528624402,0.19138613356558173,-10.0,0.5251282723191213,0.7429192974822101,0.5230844974837658,-0.0020437748353554497,-0.006645180872128129,0.7403250802467953,0.3130294495867893,0.023116913601881072,-7.8970321230608125
5.59,0.252309949598452,-2.5755339051378763,0.5304051471802937,0.27809519758184176,-0.03909878057244691,0.7320649696527903,50.0,-0.761781083460782,10.0,-0.5396236138116461,-7.206374767893696,-0.4958995128664725,0.04372410094517365,0.16205176703170326,0.30793035224163656,-14.626637874840496,-0.5549635150005799,-4.134032438062701,-0.35512530283899935,4.990834974332149,0.030665852632543244,0.3857911554715426,0.09991844269382398,-0.8728457326260597,50.0,5.0,-10.0,0.5448713191374521,0.7339440633736359,0.5304051471802937,-0.01446617195715838,-0.016675164793146697,0.7320649696527903,27.31721629644884,0.305131770680738,-10.0,0.5395358323137384,0.7466215134406187,0.5304051471802937,-0.009130685133444616,-0.015064040659483089,0.7320649696527903,13.59516985384367,0.2463679307223211,-10.0,0.53247077893482,0.734250661569869,0.5304051471802937,-0.0020656317545262315,-0.006739262255830379,0.7320649696527903,0.5443515377741347,0.021207266565544607,-7.883103540326955
5.6000000000000005,0.23383954369809912,-1.8470405900352855,0.537642039755431,0.3038024960573319,-0.03587605155287006,0.7236892575137266,50.0,-0.7345386632386379,10.0,-0.614900881035112,-7.527726722346578,-0.49264401860841817,0.12225686242669381,0.16402710832820486,0.32554942580543256,50.0,0.7703418972373036,5.976629734147643,-0.2730665084635614,8.205879437543794,0.02191802609648584,0.29498453456004725,0.10204770009567006,-0.8747826536057379,50.0,4.904675755323598,-10.0,0.5523765892601404,0.7505270122688292,0.537642039755431,-0.014734549504709427,-0.016897562989420675,0.7236892575137266,28.841128926622,0.33060594499947094,-10.0,0.5476859919136243,0.8150159599885975,0.537642039755431,-0.010043952158193314,-0.01524598177706388,0.7236892575137266,17.19430638421543,0.2855552962600129,-10.0,0.5397299953008335,0.7259216366013537,0.537642039755431,-0.002087955545402531,-0.00683273397494454,0.7236892575137266,0.6051433681891802,0.011846506356311483,-7.873280885352036
5.61,0.22307234828185812,-1.0767195416240996,0.5447940324199455,0.3217216841380874,-0.03255116275732677,0.7151992664514495,50.0,-0.657304021816029,10.0,-0.6901105361193494,-7.520965508423743,-0.4892134902763354,0.20089704584301393,0.16678817533747733,0.34305283320827384,50.0,2.0762362671029235,10.0,-0.16891479292815081,10.41517155354106,0.013156355665369313,0.18207114859352014,0.10282689442625115,-0.876167043111653,50.0,1.2198135799898011,-10.0,0.5599762753283817,0.7599686068241215,0.5447940324199455,-0.015182242908436172,-0.01712538227918745,0.7151992664514495,30.797855040352598,0.34473901788123823,-10.0,0.5564327421596656,0.8746750246041327,0.5447940324199455,-0.011638709739720143,-0.015449836376921496,0.7151992664514495,23.15202282342747,0.3088436580572487,-10.0,0.5469079375747776,0.7177942273944083,0.5447940324199455,-0.0021139051548321186,-0.0069256524492323016,0.7151992664514495,0.46658565337060487,0.01741563016875154,-7.907974386462402
5.62,0.22036303339702315,-0.2709314884834977,0.5518599957912887,0.3314969623942656,-0.029209099984535768,0.7065963371343242,50.0,-0.5849128068617846,10.0,-0.7617576637200878,-7.1647127600738445,-0.4856091467206054,0.2761485169994824,0.17026613178347957,0.36043435557300274,50.0,3.3111858964817733,10.0,-0.05445748903060044,11.445730389755038,0.004386375398028484,0.05884386442862892,0.10227076003156194,-0.8769980267340827,-50.0,-2.2787632756366913,10.0,0.5675596666682851,0.7583391339903334,0.5518599957912887,-0.015699670876996308,-0.017358212901356446,0.7065963371343242,32.944964898284816,0.36152353021103584,-10.0,0.5655898774981925,0.9157135338526837,0.5518599957912887,-0.013729881706903702,-0.0156787065473758,0.7065963371343242,31.530475292270985,0.3597257557783711,-10.0,0.5539901755756961,0.7082238000918446,0.5518599957912887,-0.0021301797844073267,-0.00701777662708556,0.7065963371343242,0.41767954429969584,0.009665744443441928,-7.838966243945904
5.63,0.22581024777740058,0.5447214380377426,0.5588388140719319,0.33302856629453137,-0.02593328646539423,0.6978818280643173,50.0,-0.48247804091848095,10.0,-0.8261682546394685,-6.44105909193807,-0.4818322685473308,0.3443359860921377,0.17435359755359475,0.37768781732746004,50.0,4.399334564307407,10.0,0.05552225650938723,10.997974553998766,-0.004386375398028057,-0.05990863190741529,0.10057187625708791,-0.8772750796056543,50.0,-5.0,10.0,0.5749901276700515,0.7430461001766488,0.5588388140719319,-0.01615131359811961,-0.01759403064735531,0.6978818280643173,35.09631023522239,0.3770727519085169,-10.0,0.5748965692984956,0.9306691800303208,0.5588388140719319,-0.01605775522656372,-0.01593235101764447,0.6978818280643173,41.896594505141636,0.4148530522620144,-10.0,0.561001005228075,0.7010829652378837,0.5588388140719319,-0.002162191156143023,-0.007109506835170778,0.6978818280643173,0.5901238034324932,0.03413432856417067,-7.897209994494239
5.64,0.2393322089059744,1.3521961128573812,0.5657293852255686,0.3263971763195942,-0.022804534313484025,0.6890571153636671,50.0,-0.34170532503103784,10.0,-0.8803300571639219,-5.416180252445333,-0.4778841976633418,0.4024458595005801,0.1789196741738451,0.3948070883989019,50.0,5.0,10.0,0.15050815532895911,9.498589881957189,-0.013156355665368885,-0.163664510994328,0.09798537215894891,-0.8769980267340827,50.0,-5.0,10.0,0.5821406497450293,0.7150522074977763,0.5657293852255686,-0.016411264519460733,-0.01782964851329969,0.6890571153636671,35.73682889153253,0.38649672977839367,-10.0,0.5839909216162288,0.9094352317733101,0.5657293852255686,-0.018261536390660194,-0.016205909904728404,0.6890571153636671,50.0,0.4923967051953843,-10.0,0.5679170330106261,0.6916027782551232,0.5657293852255686,-0.0021876477850575338,-0.007200543590846866,0.6890571153636671,0.5998921180962711,0.05878754052127537,-7.8821512381648136
5.65,0.2604809739861007,2.114876508012628,0.5725306211511356,0.3120496471650349,-0.019895525492634937,0.6801235925567028,50.0,-0.2986492191319434,10.0,-0.9216654109096065,-4.133535374568465,-0.47376633679942576,0.44789907411018076,0.18381201845240375,0.4117860863916023,50.0,5.0,10.0,0.2210925489260609,7.05843935971018,-0.021918026096486652,-0.24301057502254755,0.09484942247275241,-0.876167043111778,50.0,-5.0,10.0,0.5889222339221027,0.678158417707337,0.5725306211511356,-0.016391612770967123,-0.0180613804827801,0.6801235925567028,33.19172021245284,0.3631036224695381,-10.0,0.592517748013365,0.8526826397136155,0.5725306211511356,-0.019987126862229365,-0.01649104943732206,0.6801235925567028,50.0,0.49846764761146733,-10.0,0.5747419990374432,0.6824966026817045,0.5725306211511356,-0.0022113778863075417,-0.007290907029978111,0.6801235925567028,0.6622837658451926,0.019034033211615363,-7.8748533141499015
5.66,0.28844931653123174,2.7968342545131044,0.5792414478546364,0.29079213132340465,-0.017267287604852202,0.6710826703500761,50.0,-0.23247618601604053,10.0,-0.9481672923434551,-2.6501881433848578,-0.4694801490119384,0.4786871433315167,0.1888639087000574,0.428618778748735,50.0,5.0,10.0,0.26019713963801466,3.9104590711953757,-0.030665852632542817,-0.29086299227055745,0.0915497466429273,-0.8747826536056158,50.0,-5.0,10.0,0.5953171233543847,0.6394889432281942,0.5792414478546364,-0.01607567549974831,-0.0182860861321004,0.6710826703500761,32.65735837993864,0.3690410781948522,-10.0,0.6002503642717908,0.7732616258425801,0.5792414478546364,-0.02100891641715441,-0.016778464764077863,0.6710826703500761,50.0,0.5193204591855305,-10.0,0.5814770458093761,0.6735046771932981,0.5792414478546364,-0.00223559795473971,-0.007380613477244838,0.6710826703500761,0.9503061026178142,0.015893610536546286,-7.866460469993804
5.67,0.32213377311669356,3.36844565854618,0.5858608056187414,0.2637270325020479,-0.014966861845686342,0.6619357764105049,50.0,-0.15146190040787907,10.0,-0.9584273363504249,-1.026004400696976,-0.4650271571629931,0.4934001791874318,0.19390051093200142,0.445299184894532,50.0,5.0,10.0,0.2634883278930983,0.32911882550836324,-0.0393943099588034,-0.30288263785190167,0.08848800838185744,-0.8728457326260541,50.0,-5.0,10.0,0.601339292955037,0.6022169600652225,0.5858608056187414,-0.015478487336295532,-0.01850109270146988,0.6619357764105049,29.75754032891012,0.3522090577274833,-10.0,0.6070419295374856,0.6791565265694794,0.5858608056187414,-0.02118112391874416,-0.01705819165592225,0.6619357764105049,50.0,0.5024370659976998,-10.0,0.5881231442586485,0.6646098449272474,0.5858608056187414,-0.002262338639907102,-0.007469697848136633,0.6619357764105049,0.8655023249599606,0.014703110078004955,-7.8398082838633165
5.68,0.36026220313562185,3.8128430018928317,0.5923876491701249,0.23212544603450302,-0.013026891685530596,0.6526843551383443,50.0,-0.11387481517740693,10.0,-0.9516629969353729,0.676433941505193,-0.4604089433793895,0.49125405355598345,0.19874540807341073,0.46182137836036086,50.0,5.0,10.0,0.2296353636951831,-3.3852964197915205,-0.04809788499453938,-0.2777332486897225,0.08604920553693937,-0.8703575035735989,50.0,-5.0,10.0,0.6070698036431061,0.5730510688069169,0.5923876491701249,-0.014682154472981268,-0.018705219353080383,0.6526843551383443,25.173603023951827,0.3274539310166517,-10.0,0.6128437394204904,0.5801809883004825,0.5923876491701249,-0.020456090250365544,-0.017320770657255954,0.6526843551383443,50.0,0.47427992687831577,-10.0,0.5946875760351615,0.6564431776512947,0.5923876491701249,-0.002299926865036661,-0.00755834143455213,0.6526843551383443,0.3900999708634544,0.0063512037700496765,-7.888098960724088
5.69,0.4015540598685384,4.12918567329166,0.5988209478445299,0.19726688797599146,-0.011467141373099846,0.6433298674405008,50.0,-0.08459900913396393,10.0,-0.9277658720406103,2.389712489476256,-0.45562714849049374,0.4721387235501166,0.20322782405996428,0.47817948888957407,50.0,5.0,10.0,0.16039817310596563,-6.923719058921746,-0.056771080375212835,-0.21716925348117846,0.08456988490801977,-0.867319538067346,50.0,-3.539916996464828,10.0,0.612636516148897,0.5566712505790892,0.5988209478445299,-0.013815568304367143,-0.018899042161181965,0.6433298674405008,23.57608669940454,0.328408799073037,-10.0,0.6177100625299701,0.4866323109479665,0.5988209478445299,-0.01888911468544019,-0.01755832503520515,0.6433298674405008,45.5350834221329,0.43972944985853535,-10.0,0.6011519301522824,0.6464354117120877,0.5988209478445299,-0.002330982307752527,-0.007646294798800864,0.6433298674405008,0.6957425304066331,0.01907518474732882,-7.813846520615564
5.7,0.44487590273426236,4.332184286572396,0.6051596857495171,0.1602837830152547,-0.010297521971604539,0.633873790498718,50.0,-0.05570078155593357,10.0,-0.8873744228596316,4.0391449180978745,-0.4506834714452628,0.43669095141436887,0.2071908190822982,0.49436770452309653,50.0,4.607568686190877,10.0,0.06055343854350781,-9.984473456245782,-0.0654084179247234,-0.12596185646823121,0.08430871368896202,-0.8637337549510571,50.0,-0.9083845481660062,10.0,0.618158369307264,0.5521853158366999,0.6051596857495171,-0.012998683557746915,-0.019084247528343104,0.633873790498718,20.96446721074073,0.3017083797022504,-10.0,0.6218396232042823,0.412956067431226,0.6051596857495171,-0.01667993745476526,-0.017766420016495928,0.633873790498718,34.29361047036054,0.36629122478348136,-10.0,0.6075380240632913,0.6386093911008875,0.6051596857495171,-0.0023783383137742087,-0.007733939121048694,0.633873790498718,0.9251902712527786,0.023711510918355074,-7.88354377913829
5.71,0.4893548159843043,4.447891325004196,0.6114028619248904,0.12204804594058605,-0.009521830644699098,0.6243176175373288,50.0,-0.044191497891589125,10.0,-0.8319492096189699,5.542521324066172,-0.4455796687086097,0.3863695409103602,0.2105002623589952,0.5103802736653062,50.0,3.256253709952102,10.0,-0.06235288046246433,-12.290631900597214,-0.07400444211554734,-0.011651561653083009,0.08542126126249093,-0.8596024190823933,-28.274469497520222,2.068914981437249,-10.0,0.6237582473874946,0.5599878080230628,0.6114028619248904,-0.012355385462604285,-0.019263800163771452,0.6243176175373288,19.28383891825005,0.30096598876185343,-10.0,0.6255556497754043,0.37160265711220175,0.6114028619248904,-0.014152787850513993,-0.01794510816071229,0.6243176175373288,24.43909822932566,0.3085616859093282,-10.0,0.6138190145135071,0.6280990450215831,0.6114028619248904,-0.0024161525886167157,-0.00782091055143702,0.6243176175373288,0.7614614896879801,0.022334884050421284,-7.865022543764893
5.72,0.5344869274562958,4.51321114719915,0.6175494905007592,0.08306256304446347,-0.009142526128974378,0.6146628575868895,26.857356024956076,-0.030122955444835738,8.016024607655595,-0.7639875814778319,6.796162814113801,-0.44031755363734476,0.3236700278404871,0.21305734635598866,0.526211507126495,50.0,1.6260441993907746,10.0,-0.19638590136838524,-13.403302090592089,-0.08255372351456489,0.11383217785382035,0.08789991325008834,-0.8549281399017546,50.0,5.0,-10.0,0.6295348743624198,0.5776626974925188,0.6175494905007592,-0.011985383861660592,-0.01944142027213731,0.6146628575868895,18.267014882998676,0.3123070183199005,-10.0,0.6291511240014132,0.35954742260087824,0.6175494905007592,-0.011601633500653907,-0.018097079237978916,0.6146628575868895,16.057698408733938,0.24550022812351163,-10.0,0.6199977907793474,0.6178776265840268,0.6175494905007592,-0.0024483002785881114,-0.007907181316881303,0.6146628575868895,0.9002578588755102,0.022494389868049854,-7.856363417237954
5.73,0.5798715946725367,4.538466721624089,0.6235986008532178,0.04372700618068115,-0.009159102739329976,0.6049110352458587,8.506720409333672,-0.012745438287139093,4.7213193191774545,-0.6865758429013011,7.741173857653066,-0.4348989958358955,0.25167684706540566,0.2147999974408774,0.5418557801449286,-20.017386881288417,-0.17631839452838474,-1.7622918598269752,-0.3300933985681176,-13.370749719973231,-0.09105086221240423,0.23904253635571338,0.09162741358564279,-0.8497138697839329,50.0,5.0,-10.0,0.6355402906899783,0.6005416327558466,0.6235986008532178,-0.011941689836760472,-0.019620891333780498,0.6049110352458587,18.743699915437023,0.3121411752571514,-10.0,0.6328925034492896,0.37413794478764645,0.6235986008532178,-0.009293902596071768,-0.018227432058418397,0.6049110352458587,10.734913308336155,0.20275369388224598,-10.0,0.6260738541855846,0.6076063406237175,0.6235986008532178,-0.002475253332366756,-0.007992694484267343,0.6049110352458587,0.8586908222722454,0.028056783539187405,-7.82724363920423
5.74,0.6253674931040786,4.549589843154191,0.6295492377576165,0.004181744653537933,-0.009572244277110016,0.5950636904398676,-0.07123046645339469,0.01149441450731394,0.9818322058289615,-0.6038839925293029,8.269185037199817,-0.4293259204920496,0.17455807203725332,0.21571865965752998,0.5573075343845879,-50.0,-1.8864164532362842,-10.0,-0.4508627968561746,-12.0769398288057,-0.0994904912341395,0.3513723056220351,0.09634883062474373,-0.8439629021735284,50.0,5.0,-10.0,0.6417710554662791,0.6230764776300828,0.6295492377576165,-0.012221817708662597,-0.019805417158630136,0.5950636904398676,19.970040997802396,0.3339102917018754,-10.0,0.6369807851573891,0.40882817080995276,0.6295492377576165,-0.007431547399772587,-0.018342630349497117,0.5950636904398676,6.783664081947919,0.17751614365376878,-10.0,0.6320533543920945,0.5979500206509915,0.6295492377576165,-0.0025041166344780263,-0.008077530652677222,0.5950636904398676,0.68128687605697,0.028292258682538308,-7.804894069256045
5.75,0.6708727759537322,4.550528284965359,0.6354004615394073,-0.03547231441432486,-0.010382020249749801,0.5851223781790815,4.919627311683861,-0.001004660237715103,-3.1085119166919823,-0.5197895769789231,8.409441555037981,-0.4236003076929379,0.09618926928598526,0.215839608194886,0.5725612799111712,-50.0,-3.3234401080444007,-10.0,-0.5466821769364787,-9.581938008030416,-0.10786727992919178,0.43881489700728693,0.10169517339561962,-0.8376788695052262,50.0,5.0,-10.0,0.6481720878792889,0.6401032413009803,0.6354004615394073,-0.012771626339881603,-0.01999714374615905,0.5851223781790815,21.743226438714903,0.3264512170985497,-10.0,0.6415566816242066,0.4575896466817518,0.6354004615394073,-0.006156220084799324,-0.018449951515013285,0.5851223781790815,5.292283689030359,0.20443710033222376,-10.0,0.6379401075997304,0.5886753207635853,0.6354004615394073,-0.0025396460603230864,-0.008161794645356813,0.5851223781790815,0.7457264985664602,0.021202992936176394,-7.809927977723605
5.76,0.7162590468126155,4.538627085888331,0.6411513482225253,-0.07510769859009025,-0.011586959944239536,0.5750886683117962,25.10793786187922,0.045680006049433154,-7.498243741301205,-0.4376447001124742,8.214487686644894,-0.41772419172152675,0.019920508390947445,0.21521736451013102,0.5876115971411133,-39.21841753867927,-4.328422941021917,-10.0,-0.6075500251895732,-6.086784825309455,-0.1161759373382794,0.49137408785129383,0.10721759275666351,-0.830865740908765,50.0,5.0,-10.0,0.6546421870569922,0.6470099177703199,0.6411513482225253,-0.01349083883446689,-0.02019675312628075,0.5750886683117962,25.119875642511623,0.364350173153229,-10.0,0.6466913748302884,0.5134693206081683,0.6411513482225253,-0.005540026607763093,-0.018556698713151732,0.5750886683117962,5.602327178655005,0.202833598181508,-10.0,0.6437288559781277,0.578874837839726,0.6411513482225253,-0.002577507755602393,-0.00824545720669681,0.5750886683117962,0.8877997815679473,0.024873501352957426,-7.780485747774948
5.7700000000000005,0.761350840207418,4.509179339480242,0.6468009896752966,-0.1145498505321213,-0.013183376383508773,0.5649641452771359,50.0,0.08192444211134584,-10.0,-0.3601756129594235,7.746908715305069,-0.41169966033384003,-0.051524047374416515,0.21392743316485635,0.6024531387686716,50.0,-4.82981482531765,-10.0,-0.6267241628987874,-1.9174137709214127,-0.12441121553529882,0.5023129473634886,0.11243246360739052,-0.8235278197019413,50.0,5.0,-10.0,0.6610354437254117,0.6393256668419548,0.6468009896752966,-0.01423445405011503,-0.020403030233466096,0.5649641452771359,25.62474139016308,0.385761816343942,-10.0,0.6523873818446558,0.5696007014367466,0.6468009896752966,-0.005586392169359189,-0.018669522704989002,0.5649641452771359,5.010404438897812,0.18842168124946337,-10.0,0.649424488283289,0.5695632305161344,0.6468009896752966,-0.0026234986079923805,-0.008328648515828348,0.5649641452771359,0.8045084941640995,0.03839294480887412,-7.831133440346184
5.78,0.8059597573534194,4.4608917146001446,0.6523484937538434,-0.153611263599576,-0.015165578190964547,0.5547504078546761,50.0,0.11499794236467017,-10.0,-0.2893461073724616,7.0829505586961945,-0.4055288540171921,-0.1161827466447305,0.2120573106425394,0.6170806316647959,50.0,-4.884979694840469,-10.0,-0.6016588446180018,2.506531828078562,-0.13256791294202963,0.46909093167597216,0.11687271974134239,-0.8156697406730806,50.0,5.0,-10.0,0.6672102101829448,0.6174766457533126,0.6523484937538434,-0.01486171642910139,-0.020613395062332444,0.5547504078546761,28.33473148477263,0.39090286653271794,-10.0,0.6585853736901219,0.6197991845466065,0.6523484937538434,-0.006236879936278528,-0.018793871422806446,0.5547504078546761,7.2983730784224665,0.21522300231219874,-10.0,0.6550083640667441,0.5583875783455099,0.6523484937538434,-0.002659870312900714,-0.008411085976791906,0.5547504078546761,0.6306872272184267,0.029372222130447732,-7.782422836996361
5.79,0.849948362558608,4.398860520518858,0.6577929844429626,-0.19215537811564531,-0.017527018024172884,0.544449068911923,50.0,0.20127392625029475,-10.0,-0.22613775961022503,6.320834776223653,-0.3992139652296865,-0.17307620561946147,0.20969446510872244,0.6314888787505579,50.0,-4.52701037685201,-10.0,-0.5345084401243831,6.715040449361858,-0.14064087761356517,0.393867562510818,0.12013989132151438,-0.807296467153551,50.0,5.0,-10.0,0.673011978308442,0.5801768125497128,0.6577929844429626,-0.015218993865479313,-0.020823602682242207,0.544449068911923,29.796589088139896,0.4102201203451047,-10.0,0.6651555142673758,0.6570140577253959,0.6577929844429626,-0.007362529824413211,-0.018933198126823116,0.544449068911923,9.834998835064328,0.244014420513643,-10.0,0.660491836653328,0.5483472586583868,0.6577929844429626,-0.0026988522103653656,-0.008492909224761399,0.544449068911923,1.0701476457265449,0.03488089640521768,-7.724970413906538
5.8,0.8930610949672485,4.311273240864059,0.6631336019944599,-0.22992749297278858,-0.020257420277987177,0.5340617551497284,50.0,0.26809979538803963,-10.0,-0.1705641121203756,5.557364748984946,-0.3927572376212392,-0.22219312550086362,0.2069167973788153,0.6456727608447288,50.0,-4.002600050457884,-10.0,-0.4319605898010198,10.254785032336336,-0.14862501049238777,0.28333557930863207,0.12194776861136707,-0.7984132878822603,50.0,5.0,-10.0,0.6783210268615221,0.5309048553080156,0.6631336019944599,-0.01518742486706215,-0.02102856741644363,0.5340617551497284,28.84300496265349,0.39735336944138233,-10.0,0.6719194656844644,0.6763951417088536,0.6631336019944599,-0.008785863690004447,-0.019088696277894043,0.5340617551497284,13.384746748430109,0.2943045412927277,-10.0,0.6658875664228463,0.5395729769518279,0.6631336019944599,-0.0027539644283863796,-0.008574406166740446,0.5340617551497284,1.186694874420638,0.03295020316474536,-7.749607849630126
5.8100000000000005,0.9347586672078034,4.16975722405549,0.6683695030629144,-0.266389164144889,-0.023338287641841614,0.5235901068454507,50.0,0.4064399905394238,-10.0,-0.12194722655965232,4.861688556072328,-0.3861609652364238,-0.26421373867677145,0.20378849113644035,0.6596272384815416,50.0,-3.453122799994298,-10.0,-0.30440509222806544,12.755549757295434,-0.1565152686290463,0.14788982359901914,0.12215111187162772,-0.7890258136658529,50.0,0.7990010373833081,-10.0,0.6830830953281618,0.4762068466639779,0.6683695030629144,-0.014713592265247377,-0.021223324023762504,0.5235901068454507,26.17407032196328,0.3763735047640441,-10.0,0.6786710663015004,0.6751600617036096,0.6683695030629144,-0.010301563238585998,-0.019259227916450267,0.5235901068454507,17.48148614992988,0.33256092462452785,-10.0,0.6711850669267786,0.5297500503932345,0.6683695030629144,-0.002815563863864168,-0.008655536810418411,0.5235901068454507,0.9153920595670638,0.03095255289390303,-7.7667172317155195
5.82,0.9740432208823847,3.928455367458127,0.6734998608388497,-0.300543360043535,-0.026736566779022777,0.513035777593529,50.0,0.577097905139861,-10.0,-0.0793758836404535,4.257134291919882,-0.37942749169941214,-0.30005160805895864,0.20036226162665877,0.6733473537011647,50.0,-3.0514689114617712,-10.0,-0.16470080664488163,13.970428558318382,-0.16430666836738214,0.00039413827749948394,0.12075801039857088,-0.7791399738335841,-1.8189175980018384,-4.1450072938596625,10.0,0.6873155464796079,0.42324511514461594,0.6734998608388497,-0.01381568564075819,-0.021403805391684544,0.513035777593529,22.244705882383634,0.36057070548500003,-10.0,0.6852097045821265,0.6538638280626013,0.6734998608388497,-0.011709843743276771,-0.019441712736689293,0.513035777593529,21.927393100202835,0.3567534085215695,-10.0,0.6763767265852219,0.5191659658443244,0.6734998608388497,-0.002876865746372137,-0.008736222064466564,0.513035777593529,0.5282984164476201,0.027669573835933423,-7.752285631627043
5.83,1.0093506402461632,3.5307419363778534,0.6785238651793002,-0.330826775066863,-0.03039790872332919,0.5024004340450472,50.0,0.7655193222928113,-10.0,-0.042063097661814555,3.731278597863895,-0.3725592093812885,-0.33049611171947396,0.19668417264967764,0.6868282318123642,50.0,-2.8783761977536093,-10.0,-0.02838971923220987,13.631108741267175,-0.17199428849232662,-0.14360456926011675,0.117958853831843,-0.7687620124944478,50.0,-5.0,10.0,0.6910993747779933,0.3783828298385434,0.6785238651793002,-0.012575509598693135,-0.021567398770655333,0.5024004340450472,18.17801056758895,0.3169078771480603,-10.0,0.6913832386217872,0.6173534039660753,0.6785238651793002,-0.012859373442486999,-0.01963204181151077,0.5024004340450472,25.4968925018841,0.3958435212849677,-10.0,0.68146399350176,0.5087266916538147,0.6785238651793002,-0.002940128322459823,-0.008816496016856544,0.5024004340450472,0.9817583142142869,0.027892786952662584,-7.751309054898794
5.84,1.038818192202647,2.9467551956483806,0.6834407227357411,-0.35537746946690585,-0.03424635893756309,0.491685755644089,50.0,0.9731746320458691,-10.0,-0.010116823324258103,3.1946274337556453,-0.36555855855005637,-0.35544173522579825,0.1928102925540441,0.7000650831232136,50.0,-2.888704511510834,-10.0,0.09148471674021312,11.987443597242299,-0.17957327333823697,-0.2710579900784501,0.11404952957133427,-0.7578984845910353,50.0,-5.0,10.0,0.6945684157080145,0.3469040930021238,0.6834407227357411,-0.01112769297227345,-0.021713366109678278,0.491685755644089,13.247264236052422,0.24417121314969942,-10.0,0.6970954716067369,0.5712232984949694,0.6834407227357411,-0.013654748870995825,-0.019825711630070224,0.491685755644089,27.071105749821985,0.4341915643072071,-10.0,0.6864430817334699,0.49790882317099205,0.6834407227357411,-0.0030023589977288268,-0.00889631048915093,0.491685755644089,1.288172974291618,0.034856170631802255,-7.7509905181995205
5.8500000000000005,1.0606135598798057,2.179536767715876,0.688249657079366,-0.37236390280043963,-0.038187951642339076,0.4808934343624949,50.0,1.1353116041748144,-10.0,0.015710105611710563,2.5826928935968665,-0.35842802650362027,-0.3741381321153308,0.18881064194353112,0.71305320464361,50.0,-2.943365001980182,-10.0,0.1836484301543822,9.216371341416908,-0.18703883585584322,-0.3706872660102254,0.10942101977709033,-0.7465562517606217,50.0,-5.0,10.0,0.6978859102266275,0.33174945186129895,0.688249657079366,-0.009636253147261464,-0.021842903586337024,0.4808934343624949,10.65839192302932,0.22722467717240027,-10.0,0.7023275264364146,0.5232054829677694,0.688249657079366,-0.014077869357048578,-0.02001881087193749,0.4808934343624949,28.030219335392268,0.39501685151456634,-10.0,0.6913099291577973,0.48668474243274407,0.688249657079366,-0.003060272078431292,-0.00897558168417852,0.4808934343624949,1.3667993716467361,0.034108278082514105,-7.720318274288775
5.86,1.0732887407379823,1.2675180858176653,0.6929499088236944,-0.38033883191428786,-0.04211809177006372,0.4700251744328421,50.0,1.2763045498320431,-10.0,0.034334174430640366,1.8624068818929804,-0.35117014668606605,-0.3855043211167064,0.18476935804417477,0.7257879817554214,50.0,-2.955200880125005,-10.0,0.23946417413216503,5.581574397778281,-0.19438626063584255,-0.43385043476800755,0.10452435798963243,-0.7347424779999279,50.0,-5.0,10.0,0.7012009210638093,0.3315010837181763,0.6929499088236944,-0.008251012240114819,-0.02195856381710999,0.4700251744328421,8.285747964188708,0.20464032007185184,-10.0,0.7071110425150026,0.4783516078588007,0.6929499088236944,-0.014161133691308114,-0.020208257369636447,0.4700251744328421,27.92314381200281,0.40741425188659447,-10.0,0.6960681750286092,0.47582458708119163,0.6929499088236944,-0.0031182662049147325,-0.009054346804935784,0.4700251744328421,1.6466093189495081,0.04150870463986065,-7.6761347069985755
5.87,1.0759759856765247,0.2687244938542367,0.6975407357444897,-0.37843524993203503,-0.0459293167187695,0.45908269207952657,50.0,1.3722745556810942,-10.0,0.044786586585945386,1.045241215530502,-0.3437874977875311,-0.38857408437347646,0.18077909307888693,0.738264889853496,50.0,-2.9505547679596966,-10.0,0.25358246586174865,1.4118291729583632,-0.20161090688726585,-0.4551933727490145,0.09983124134484644,-0.7224646251423272,50.0,-5.0,10.0,0.7046454059334182,0.34444848696089636,0.6975407357444897,-0.007104670188928464,-0.022064055367695363,0.45908269207952657,7.30618834847824,0.19721801987937668,-10.0,0.7115005032545852,0.43894607395827034,0.6975407357444897,-0.013959767510095533,-0.02039174965213323,0.45908269207952657,28.03301497527965,0.41794056564629,-10.0,0.7007236335534117,0.4655458524802584,0.6975407357444897,-0.003182897808922003,-0.009132730368273029,0.45908269207952657,1.2531089418019712,0.04755800392627407,-7.6408511420972225
5.88,1.0684298283660663,-0.7546157310458402,0.7020214128969618,-0.3664084154691044,-0.04951793930035595,0.44806771524721345,50.0,1.3534971386459138,-10.0,0.04659516014553817,0.18085735595927832,-0.33628270282801836,-0.3828778629735565,0.17693222871355543,0.7504794959512728,50.0,-2.867447145338787,-10.0,0.22434371564070654,-2.9238750221042107,-0.20870821136869191,-0.43305192700939843,0.09579310957696288,-0.7097304481426037,50.0,-5.0,10.0,0.7083179387210327,0.3672532787614493,0.7020214128969618,-0.006296525824070809,-0.022163745953812215,0.44806771524721345,5.135377483220501,0.16986428860815372,-10.0,0.7155336691809453,0.4033165926360052,0.7020214128969618,-0.013512256283983448,-0.020567203874236665,0.44806771524721345,24.57259627245939,0.37438486049727615,-10.0,0.7052799619405486,0.4556328387136946,0.7020214128969618,-0.0032585490435868003,-0.009210879142580265,0.44806771524721345,1.5324426603013366,0.04306844233607311,-7.671936233644186
5.89,1.051023071173769,-1.740675719229736,0.7063912327302475,-0.3446318384435214,-0.052790190112868195,0.43698198332856597,50.0,1.267475007612476,-10.0,0.0399719296019584,-0.6623230543579768,-0.32865842822544056,-0.36863035782739895,0.17331215744071726,0.7624274602577807,50.0,-2.7652511924736984,-10.0,0.1538840284234914,-7.045968721721515,-0.215673691270491,-0.3695577196939824,0.09280212925219519,-0.6965479901799077,50.0,-5.0,10.0,0.7122859269457915,0.39679882247589,0.7063912327302475,-0.005894694215544005,-0.022262372778215245,0.43698198332856597,4.468370287035933,0.14638643496048728,-10.0,0.7192452914734125,0.37116222924672526,0.7063912327302475,-0.012854058743165031,-0.02073286068459299,0.43698198332856597,22.42668548348792,0.35720101996888254,-10.0,0.7097232164800599,0.44432545395111706,0.7063912327302475,-0.0033319837498123617,-0.009288631525473502,0.43698198332856597,1.441480952635962,0.05147178318422538,-7.6623155215012
5.9,1.0247647534088233,-2.6258317764945502,0.7106495051991384,-0.31411524820968495,-0.05566875941731558,0.4258272468890878,50.0,1.096236252597439,-10.0,0.025748824043084532,-1.4223105558873872,-0.3209173828482587,-0.34666620689134325,0.16998772642739257,0.7741045377181843,50.0,-2.7230361436662354,-10.0,0.04792679017975063,-10.595723824374076,-0.22250294704626505,-0.2704297372260157,0.09115740426237244,-0.682925577577409,50.0,-3.228180204033775,10.0,0.7165680280306534,0.4282101084861941,0.7106495051991384,-0.005918522831515061,-0.022364379017379015,0.4258272468890878,5.000368729277983,0.18555326611723233,-10.0,0.722623184365092,0.33778928916794554,0.7106495051991384,-0.011973679165953599,-0.020886376405169316,0.4258272468890878,18.843983018008622,0.3353717678462118,-10.0,0.7140493617129551,0.4326145232895232,0.7106495051991384,-0.0033998565138166903,-0.009365891542940622,0.4258272468890878,1.498886133463283,0.034184885785670166,-7.595054520896601
5.91,0.991289744985677,-3.347500842314636,0.7147955578730474,-0.27649418711262963,-0.058098951204210415,0.41460526739089953,50.0,0.8822962186925942,-10.0,0.00506891414771499,-2.067990989536954,-0.31306231705303833,-0.3181312312007533,0.16701321321433876,0.7855065795220384,50.0,-2.761365488985257,-10.0,-0.08468127942220333,-13.260806960195394,-0.22919166519168804,-0.14451038576948472,0.09103838110069713,-0.6688718145422989,-47.36369935745733,0.2960570368822246,-8.81246273008022,0.721131136760967,0.4563108730313505,0.7147955578730474,-0.00633557888791958,-0.022473365893561345,0.41460526739089953,6.091313790949692,0.22675632105747506,-10.0,0.7256468453712042,0.302366100611216,0.7147955578730474,-0.01085128749815678,-0.021025125890212007,0.41460526739089953,15.408123733745812,0.29734722362653043,-10.0,0.7182666932114332,0.4217331498478087,0.7147955578730474,-0.0034711353383858334,-0.009442776211309262,0.41460526739089953,1.7796699832955358,0.04110158152832971,-7.554233026860596
5.92,0.9527839590944454,-3.85057858912317,0.7188287360421954,-0.23395522305224992,-0.060053445575820597,0.4033178169148055,50.0,0.6320543547218621,-10.0,-0.021326919259148956,-2.6395833406863947,-0.30509602170725225,-0.28376910244810327,0.16443948052392637,0.7966295345786079,50.0,-2.9136321544287758,-10.0,-0.22968100479018672,-14.499972536798339,-0.23573562096901937,-0.006054616178832656,0.09242783219258864,-0.6543955777331328,-25.939084210421324,3.9545316637670718,-10.0,0.7259048939892991,0.47737572283321494,0.7188287360421954,-0.007076157947103701,-0.022591865045315702,0.4033178169148055,7.443979240376494,0.23245662163602082,-10.0,0.7282851579880715,0.26383126168672677,0.7188287360421954,-0.009456421945876037,-0.021146073235839443,0.4033178169148055,11.109145395186513,0.24231245049032094,-10.0,0.7223756915135626,0.4108998302129411,0.7188287360421954,-0.003546955471367186,-0.009519335749044228,0.4033178169148055,1.8158629047423869,0.041704630087144125,-7.522495944186402
5.93,0.9113355573231976,-4.144840177124772,0.7227484028209952,-0.18858715450220243,-0.061524833103130144,0.3919666778799735,50.0,0.42419509386190263,-10.0,-0.05290317929670654,-3.1576260037557593,-0.29702132719770424,-0.2441181479009977,0.16231406164529197,0.8074694509548036,50.0,-3.1220064323508048,-10.0,-0.37588809597946476,-14.620709118927804,-0.2421306810755308,0.13375741490393397,0.09522747725352076,-0.6395060106511419,50.0,5.0,-10.0,0.7307766121457021,0.4871718156403012,0.7227484028209952,-0.008028209324706936,-0.022720864320126804,0.3919666778799735,9.375954601413927,0.2442619735566426,-10.0,0.7305883642753335,0.23032062872619752,0.7227484028209952,-0.007839961454338296,-0.021247504913255444,0.3919666778799735,7.070695709363315,0.2072723512613481,-10.0,0.7263747298971173,0.39990383835546617,0.7227484028209952,-0.0036263270761220934,-0.009595589403640994,0.3919666778799735,1.784630476007253,0.05242295032267422,-7.491716039373919
5.94,0.8687631314571809,-4.257242586601669,0.7265539392486248,-0.1422091922085561,-0.06252120076655554,0.38055364276295967,42.35809458970803,0.18823267368617647,-4.4204322652513754,-0.08981684774794974,-3.69136684512432,-0.28884110242490346,-0.19902425467695373,0.16069295578303486,0.8180224772800782,50.0,-3.277756802384786,-10.0,-0.5103572758833617,-13.446917990389691,-0.24837280625419209,0.26198446962916955,0.09919201374885143,-0.6242125178661295,50.0,5.0,-10.0,0.7356213596595832,0.4844747513881037,0.7265539392486248,-0.009067420410958427,-0.0228599859993752,0.38055364276295967,11.412400903599778,0.302298561710365,-10.0,0.7326471826075508,0.2058818332217371,0.7265539392486248,-0.006093243358926026,-0.02132902553016688,0.38055364276295967,4.15963024249424,0.160230283826041,-10.0,0.7302612293157359,0.3886499418618668,0.7265539392486248,-0.003707290067111124,-0.009671527298498291,0.38055364276295967,1.8137120261436854,0.04032679998119963,-7.4103460578395985
5.95,0.8264109671179224,-4.235216433925848,0.7302447443867662,-0.09616622273115616,-0.06305934135047452,0.3690805138141462,1.3867901651000185,0.004174661687325443,-0.20657422007741405,-0.1326135501851483,-4.279670243719859,-0.2805582537837637,-0.1479447035986154,0.1596414757714207,0.8282848641139762,50.0,-3.2568847247698898,-10.0,-0.6209018528124637,-11.054457692910205,-0.25445805384494946,0.3664437989675142,0.10396189750781759,-0.6085247590757348,50.0,5.0,-10.0,0.7403146773099287,0.46933176503455165,0.7302447443867662,-0.010069932923162495,-0.023007618505110277,0.3690805138141462,13.162406119151443,0.3031055626354873,-10.0,0.7345979670163905,0.19507844088396523,0.7302447443867662,-0.0043532226296242316,-0.021392065600551517,0.3690805138141462,2.48038451181948,0.11472975078359077,-8.004017917230138,0.7340421665326797,0.3780937216943787,0.7302447443867662,-0.0037974221459134982,-0.009747310892126864,0.3690805138141462,1.9095481031341515,0.0455138288108035,-7.386902495071163
5.96,0.7851349592690048,-4.127600784891763,0.733820235414503,-0.051314723854501754,-0.06315972851053037,0.3575491027736799,-11.368979202598938,-0.13887688111488564,3.06466794730081,-0.18178735670873364,-4.917380652358534,-0.2721757241309658,-0.09038836742223216,0.15922933016243426,0.8382529652797899,50.0,-2.9392123964387618,-10.0,-0.6975131210809435,-7.661126826847985,-0.2603825802749963,0.43713054080594727,0.10909931559856186,-0.5924526430046817,50.0,5.0,-10.0,0.7447452834512062,0.4430606141277401,0.733820235414503,-0.010925048036703133,-0.023161175046890085,0.3575491027736799,15.795924289696751,0.3295357184014886,-10.0,0.7370364974590743,0.2438530442683806,0.733820235414503,-0.003216262044571261,-0.021448613525424067,0.3575491027736799,1.3573810603376608,0.11258643183556151,-7.2432825059248005,0.7377121425153308,0.3669975982651062,0.733820235414503,-0.003891907100827763,-0.009822929722961652,0.3575491027736799,1.8195287359913834,0.05199711582838377,-7.371016921587326
5.97,0.745324893607499,-3.9810065661505813,0.7372798477203542,-0.00804504588714483,-0.06284207831278675,0.3459612305851123,-4.314565882853542,-0.25373542204511257,5.694804773154365,-0.23732478902460985,-5.55374323158762,-0.2636964917393793,-0.026371702714769463,0.1595209874584453,0.8479232391586489,38.007748072612316,-2.321510722967449,-10.0,-0.7336383716614153,-3.6125250580471784,-0.26614264348645744,0.4674957281749579,0.11413552538611615,-0.5760063211461164,50.0,5.0,-10.0,0.748813334217623,0.4068050766416797,0.7372798477203542,-0.011533486497268819,-0.02331719041952694,0.3459612305851123,17.674747689892968,0.29802826813242655,-10.0,0.7402269421110392,0.3190444651964965,0.7372798477203542,-0.002947094390685079,-0.02150998891585057,0.3459612305851123,1.5092376066517914,0.13988912769731945,-7.947487697898788,0.7412646575381712,0.355251502284033,0.7372798477203542,-0.003984809817817014,-0.009898302971368227,0.3459612305851123,2.0760149111954598,0.0412608257951152,-7.273546666863221
5.98,0.7071958385189159,-3.8129055088583095,0.7406230349914315,0.033427196472515575,-0.062126515797175756,0.3343187271077297,20.091843172824156,-0.3599966133556072,7.700522049517881,-0.2983884393679691,-6.106365034335924,-0.25512356923990154,0.04326487012806757,0.1605642726631596,0.8572922499477775,-36.212657147006276,-1.3616632703995466,-10.0,-0.727037288122701,0.6601083538714336,-0.2717346052999516,0.4553026828227494,0.1186225413789565,-0.559196181349414,50.0,5.0,-10.0,0.7524444048390703,0.36310706214473076,0.7406230349914315,-0.011821369847638818,-0.0234717148242178,0.3343187271077297,17.5656015360117,0.3477690888147269,-10.0,0.7440405699807046,0.3813627869665324,0.7406230349914315,-0.0034175349892731077,-0.02158230054443995,0.3343187271077297,3.08237514061242,0.16961633395682651,-9.246786145249816,0.7447074615577292,0.3442804019558004,0.7406230349914315,-0.004084426566297705,-0.009973575277226783,0.3343187271077297,2.1521252935547928,0.05956189537499723,-7.215924454825464
5.99,0.6709674786615315,-3.622835985738435,0.7438492692997084,0.0728817906381769,-0.06103541429222015,0.3226234308276954,50.0,-0.4421842552058696,9.357084135806295,-0.3633138122330325,-6.492537286506336,-0.2464600025510721,0.11685380968196041,0.16238206448862982,0.8663566688829449,-14.482697156072268,-0.18120249509012465,-3.9191313101697607,-0.6799813285733111,4.705595954938995,-0.277154933712541,0.40282639486077004,0.1221802457320703,-0.5420328412589437,50.0,5.0,-10.0,0.755599873308077,0.3155468469006706,0.7438492692997084,-0.011750604008368581,-0.023620775548991554,0.3226234308276954,17.917958269653486,0.34897278529849995,-10.0,0.7481633819317228,0.41228119510182637,0.7438492692997084,-0.004314112632014422,-0.02166666979027028,0.3226234308276954,3.818312277786115,0.1893349250175164,-10.0,0.7480405047746718,0.3333043216942638,0.7438492692997084,-0.004191235474963362,-0.010048818064145842,0.3226234308276954,2.528142220714203,0.05696677063303493,-7.163786434885538
6.0,0.636922637041628,-3.404484161990351,0.7469580411853889,0.1100354041437609,-0.059594611834583505,0.31087718856804836,50.0,-0.5050477684460103,10.0,-0.42946237715462626,-6.614856492159378,-0.2377088697968863,0.19175350735773997,0.16496108521142316,0.8751132754185792,50.0,1.153341736391624,10.0,-0.5990525140574352,8.092881451587584,-0.2824002051286258,0.3166523089288094,0.12453748067619964,-0.5245271416084774,50.0,5.0,-10.0,0.7582665144530968,0.2666641145019754,0.7469580411853889,-0.011308473267707897,-0.02376052669311883,0.31087718856804836,15.128347732266857,0.31783852498631426,-10.0,0.7523595262269331,0.41961442952103056,0.7469580411853889,-0.005401485041544252,-0.021762646083637822,0.31087718856804836,5.369487479571534,0.2156794467011,-10.0,0.7512615051038827,0.3221000329210901,0.7469580411853889,-0.004303463918493788,-0.01012406270662289,0.31087718856804836,2.662289670753592,0.05731859975208131,-7.101581469436699
6.01,0.6052918951739303,-3.1630741867697694,0.7499488597373539,0.14465696456342358,-0.05783173477027229,0.29908185519650354,50.0,-0.5426471990097446,10.0,-0.49314787993490206,-6.368550278027581,-0.22887328021314055,0.2642745997217615,0.16824068623644353,0.8835589583745751,50.0,2.526811096766037,10.0,-0.4943946159970315,10.46578980604037,-0.287467106522354,0.20692750947467747,0.12556017679034237,-0.5066901393728229,50.0,1.8274175982421967,-10.0,0.7604786728879288,0.2212158434832065,0.7499488597373539,-0.010529813150574885,-0.023887946408972897,0.29908185519650354,12.959934753347873,0.29097965361599654,-10.0,0.7565195953695573,0.41600691426240843,0.7499488597373539,-0.0065707356322033394,-0.021869954131386097,0.29908185519650354,7.537994557430165,0.2639936010794264,-10.0,0.7543695648464409,0.31080597425582684,0.7499488597373539,-0.0044207051090869864,-0.010199350355139343,0.29908185519650354,2.752746165627725,0.058427775092320444,-6.990844324769733
6.0200000000000005,0.5762862097243839,-2.9005685449546426,0.7528212526706833,0.1765350429462994,-0.05577632748631384,0.2872392933329415,50.0,-0.5848402507592013,10.0,-0.5508047787406146,-5.765689880571257,-0.2199563730427405,0.3308484056978741,0.1721257392814794,0.8916907170400057,50.0,3.7965448088060914,10.0,-0.377845613257339,11.654900273969247,-0.29235243753020523,0.08549317572713377,0.1252496185202168,-0.48853310078512124,-50.0,-2.4970669617676537,10.0,0.7622874404091491,0.18087675212202792,0.7528212526706833,-0.009466187738465748,-0.02400069596156976,0.2872392933329415,9.839179701703145,0.23690823807503847,-10.0,0.7605272782819518,0.40076829123944935,0.7528212526706833,-0.00770602561126843,-0.021987091216622727,0.2872392933329415,9.585707598483241,0.27754042583594785,-10.0,0.7573704518268298,0.3000886980388952,0.7528212526706833,-0.004549199156146488,-0.010274851216504696,0.2872392933329415,2.6601539848907128,0.057026727108495705,-6.899649183397203
6.03,0.5500266536610088,-2.6259556063375205,0.7555747664012354,0.20554811274022666,-0.05345825079827782,0.2753513730552104,50.0,-0.5891867668271719,10.0,-0.5987115194752873,-4.790674073467271,-0.21096131642034824,0.3877502030549391,0.17648230871937554,0.8995056622392306,50.0,4.857558308943992,10.0,-0.2638538713675806,11.399174188975842,-0.2970531124724063,-0.033199241104825694,0.12377770869027097,-0.4700674942201055,50.0,-5.0,10.0,0.763760297338013,0.14728569288638949,0.7555747664012354,-0.00818553093677754,-0.024097279840226176,0.2753513730552104,7.298652590874422,0.2178125382117626,-9.820935675918355,0.7642858209251182,0.375854264316649,0.7555747664012354,-0.008711054523882766,-0.02211178718829322,0.2753513730552104,11.530193635090843,0.2949160800131432,-10.0,0.7602657323705959,0.2895280543766087,0.7555747664012354,-0.004690965969360472,-0.010350713681635962,0.2753513730552104,2.6405861928672203,0.06080118052287626,-6.865411544171267
6.04,0.5267092720503989,-2.331738161060991,0.7582089661172721,0.2314996940668732,-0.05091008004150299,0.26341997160366226,50.0,-0.6006105954782703,10.0,-0.6339765160496126,-3.5264996574325282,-0.20189130624674909,0.43208520980286347,0.1811558107831474,0.9070010173599097,50.0,5.0,10.0,-0.1627585872041647,10.10952841634159,-0.3015661623019116,-0.13880757509774688,0.12137868009765934,-0.4513049829505289,50.0,-5.0,10.0,0.7650087254846171,0.12484281466040434,0.7582089661172721,-0.006799759367345004,-0.024177761715365665,0.26341997160366226,4.7855914903668095,0.18224747124008506,-7.8747655432032815,0.7676957131220612,0.34098921969429574,0.7582089661172721,-0.009486747004789131,-0.02224075358031054,0.26341997160366226,13.307344256546322,0.31930023924152684,-10.0,0.7630465064982312,0.27807741276353753,0.7582089661172721,-0.004837540380959182,-0.010426896826721908,0.26341997160366226,2.9258491785347056,0.0667207450280389,-6.793022326528586
6.05,0.5065471274942885,-2.0162144556110317,0.7607234358481215,0.254176308353833,-0.04816669551240355,0.25144697308494557,50.0,-0.6007895874652055,10.0,-0.6542930923826655,-2.031657633305291,-0.19274956505336974,0.4615435273292958,0.1859744118197709,0.9141741193379405,50.0,5.0,10.0,-0.08406506315969865,7.869352404446604,-0.3058887364797182,-0.22182367332001957,0.11837350812401448,-0.4322574177806626,50.0,-5.0,10.0,0.7663872000177749,0.13784745331579135,0.7607234358481215,-0.005663764169653418,-0.024248184102393777,0.25144697308494557,3.5508164509821727,0.16269165492081428,-6.682993172188369,0.7706838727570585,0.2988159634997338,0.7607234358481215,-0.009960436908936998,-0.022370239545749883,0.25144697308494557,14.117645468082037,0.312712774415929,-10.0,0.7657075238197949,0.26610173215636707,0.7607234358481215,-0.004984087971673379,-0.010503347879654278,0.25144697308494557,3.5005907666236555,0.06834945823724961,-6.619997789420073
6.0600000000000005,0.4898385055026652,-1.6708621991623307,0.763117778529865,0.27327927302719973,-0.045266816562215324,0.23943426817434332,50.0,-0.6139367866702048,10.0,-0.6581685600728615,-0.3875467690195955,-0.183539340857325,0.47462921921553647,0.19075945868882824,0.921022419604467,50.0,5.0,10.0,-0.03490049872853317,4.916456443116548,-0.3100181047753286,-0.2751176060467954,0.11513068641923487,-0.41293682956103916,50.0,-5.0,10.0,0.7680971340205137,0.17099340027387783,0.763117778529865,-0.0049793554906487625,-0.024315076997327652,0.23943426817434332,3.0528161232659796,0.14875948538284772,-6.205776110048314,0.773207391346125,0.2523518589066506,0.763117778529865,-0.010089612816260085,-0.02249637085980315,0.23943426817434332,13.859697085013025,0.29976296892109805,-10.0,0.7682547552628449,0.25472314430500126,0.763117778529865,-0.00513697673297997,-0.010580189961414577,0.23943426817434332,3.584809466341575,0.07488327766219693,-6.527432214275628
6.07,0.4769861203010044,-1.2852385201660792,0.7653916160680365,0.2884054957670321,-0.042254237752528394,0.22738375381715636,50.0,-0.6151998384289897,10.0,-0.6449428401355803,1.322571993728116,-0.17426390600741964,0.4706789341281607,0.19533399083073702,0.9275434849905395,50.0,5.0,10.0,-0.019642913747438373,1.52575849810948,-0.31395165899122135,-0.294308745243783,0.11203502311698608,-0.3933554215892754,50.0,-5.0,10.0,0.770193564444019,0.2096430423505222,0.7653916160680365,-0.004801948375982468,-0.02438406078532253,0.22738375381715636,3.2891151891036876,0.15441039273754903,-6.233845596707927,0.7752547901422672,0.20473987961421233,0.7653916160680365,-0.009863174074230652,-0.022615476588506878,0.22738375381715636,12.84701894164207,0.3008207006829763,-10.0,0.770682752771297,0.24279975084521216,0.7653916160680365,-0.005291136703260535,-0.010657381303531704,0.22738375381715636,3.7400287433924677,0.07261592885567131,-6.38002867194278
6.08,0.46848013165054436,-0.8505988650460019,0.7675445893973296,0.29906445774678525,-0.039178533288555945,0.21529733292930953,50.0,-0.5825441977175793,10.0,-0.61474685692938,3.019598320620033,-0.164926556021488,0.44982030090789205,0.19953023400775394,0.9337349985931664,50.0,5.0,10.0,-0.03971454401415425,-2.007163026671588,-0.31768691461024323,-0.277972370596089,0.10945601571369236,-0.3735255619021882,50.0,-5.0,10.0,0.7726219300564645,0.2428365612445495,0.7675445893973296,-0.005077340659134899,-0.024459117848038333,0.21529733292930953,3.709056478348837,0.16661967464005165,-6.542940997332518,0.7768415042996449,0.15867141573778035,0.7675445893973296,-0.009296914902315323,-0.02272431287910381,0.21529733292930953,10.532064201703745,0.25472483043947397,-10.0,0.7729908859284794,0.2308133157182367,0.7675445893973296,-0.005446296531149808,-0.010734925600415024,0.21529733292930953,3.8469071253329123,0.08343623733003253,-6.243458660859921
6.09,0.4648473141020329,-0.36328175485114894,0.769576358538298,0.3047290444362651,-0.03609491466870818,0.20317691409683647,50.0,-0.5803863158460754,10.0,-0.5684418846035887,4.630497232579131,-0.1555306084155174,0.4129112761880713,0.20319629704637676,0.9395947605970567,50.0,4.748771973824698,10.0,-0.09351765920340488,-5.380311518925062,-0.32122151236488705,-0.22770385316148217,0.10771700833397005,-0.353459775464382,50.0,-5.0,10.0,0.77526215030354,0.2640220247075423,0.769576358538298,-0.0056857917652419765,-0.02454237796816151,0.20317691409683647,4.705080785699911,0.21078619081198824,-6.932389675516853,0.7780088456620691,0.11673413624241402,0.769576358538298,-0.008432487123771093,-0.022820311163965764,0.20317691409683647,8.721011988836743,0.206471722580449,-8.564405394291377,0.7751752239348068,0.21843380063273765,0.769576358538298,-0.005598865396508779,-0.010812757634443388,0.20317691409683647,4.212270852773143,0.07604251200934802,-6.016551918379411
6.1000000000000005,0.46658244293696105,0.17351288349281674,0.771486602651041,0.3049041597140799,-0.03306322435991666,0.1910244112742987,50.0,-0.5537958004419912,10.0,-0.5075679561666381,6.08739284369506,-0.1460794015249559,0.36148855464168217,0.20620244330842408,0.9451206890561503,50.0,3.55140692676673,10.0,-0.17651213335381094,-8.299447415040607,-0.3245532197274516,-0.14804108637364066,0.1070665422117377,-0.3331707362564551,50.0,-1.9783665426236712,10.0,0.7779662940181854,0.27041437146454617,0.771486602651041,-0.006479691367144436,-0.024634216318979406,0.1910244112742987,6.0628586139107545,0.23214506629220003,-7.288129618386176,0.7789773522824777,0.0968506620408572,0.771486602651041,-0.0074907496314366995,-0.022904903726484217,0.1910244112742987,7.117170358477036,0.2008881701335422,-7.241454336451155,0.777238815590253,0.20635916554462833,0.771486602651041,-0.00575221293921202,-0.01089091568038997,0.1910244112742987,4.444568119218979,0.08247456185699382,-5.807324058803788
6.11,0.47408527712384496,0.7502834186883884,0.7732750200858688,0.29918974296202383,-0.03014635527216526,0.1788417434827827,50.0,-0.5003460098315852,10.0,-0.43431067102125925,7.325728514537882,-0.13657629331860513,0.2977343777026541,0.20844721423399684,0.9503108206350752,50.0,2.077095877996619,10.0,-0.28140147321880216,-10.488933986499124,-0.32767993232015724,-0.046278459101355085,0.10765265101937406,-0.31267125927056383,-50.0,1.5663126382931263,-10.0,0.7805859085428399,0.26196145246545266,0.7732750200858688,-0.007310888456971143,-0.024733521348795664,0.1788417434827827,7.561765792933213,0.25564332200055123,-7.4207990012601,0.7799200093721907,0.09426570897130422,0.7732750200858688,-0.006644989286321956,-0.02298078019024457,0.1788417434827827,5.849008699424936,0.19554655741944343,-6.203776914767744,0.7791801180022386,0.1941302411985673,0.7732750200858688,-0.005905097916369839,-0.010969379683673524,0.1788417434827827,5.165927410234454,0.08307613249711032,-5.614031586123247
6.12,0.4876522668070828,1.356698968323781,0.7749413284309367,0.28728906162385387,-0.0274091345527591,0.16663083450678684,50.0,-0.45007829803981303,10.0,-0.35157514590937133,8.273552511188791,-0.12702466020556416,0.22455048570380717,0.20986536383991602,0.9551633113040969,42.9876493462547,0.401128344664752,7.2898126838167805,-0.3973273388216525,-11.592586560285033,-0.3305996752443149,0.06672766357733761,0.10947918631117594,-0.2919742924157642,50.0,5.0,-10.0,0.7830042145700526,0.24183060272127563,0.7749413284309367,-0.008062886139115988,-0.02483833327045895,0.16663083450678684,8.48833274105566,0.2702158108521775,-7.372894128819682,0.7809246770672987,0.10046676951080331,0.7749413284309367,-0.005983348636362074,-0.02305066035355927,0.16663083450678684,4.802000024884988,0.18606076721060172,-5.4699372383005755,0.7809917177843206,0.18115997820820007,0.7749413284309367,-0.006050389353383978,-0.011047999575028184,0.16663083450678684,4.826599416146739,0.09511288212935133,-5.307121027937863
6.13,0.5073764200460008,1.9724153238918043,0.7764852645568404,0.2691088445108396,-0.024915287640039883,0.15439361259037554,50.0,-0.3867182404589146,9.419485832380737,-0.2626635189114798,8.89116269978915,-0.11742789583559507,0.14523562307588475,0.21042860380069597,0.9596764369969091,-50.0,-1.3300527150207389,-10.0,-0.5135696341278926,-11.624229530624012,-0.3333106043277127,0.18025902980017988,0.11244419956224014,-0.2710929083397817,50.0,5.0,-10.0,0.7851276369852731,0.21234224152204823,0.7764852645568404,-0.008642372428432687,-0.024945991218895482,0.15439361259037554,10.061606818106824,0.29244181900841654,-7.121202667699238,0.7820145491977569,0.10898721304581874,0.7764852645568404,-0.00552928464091651,-0.023116851921273013,0.15439361259037554,4.084386851428821,0.1797373414015,-4.909352593095201,0.7826771155408424,0.16853977565218112,0.7764852645568404,-0.00619185098400199,-0.011126772062433421,0.15439361259037554,5.178420013620893,0.09133197825176434,-5.048007795224506
6.140000000000001,0.5332347677217704,2.5858347675769564,0.7779065846581681,0.24467181693639772,-0.0227271529474336,0.14213201013276722,50.0,-0.32889029221179483,7.7596185427334765,-0.17178562470621278,9.087789420526704,-0.10778940989338058,0.0639962148128322,0.21015978700677163,0.9638485942214489,-50.0,-2.8631852095876473,-10.0,-0.6178564783653514,-10.428684423745878,-0.335811007289438,0.2820454710759134,0.11630752271537385,-0.2500402961725323,50.0,5.0,-10.0,0.7868885119163531,0.1760874931079999,0.7779065846581681,-0.00898192725818503,-0.025053419240788133,0.14213201013276722,9.990324995124656,0.299726295750129,-6.532347263301087,0.7831582730796849,0.11437238819279787,0.7779065846581681,-0.005251688421516798,-0.023180806044307462,0.14213201013276722,3.59216737191218,0.19425923719645186,-4.507134085841638,0.7842301902837392,0.15530747428967687,0.7779065846581681,-0.006323605625571105,-0.0112055388661181,0.14213201013276722,5.294689579794704,0.09507611154364848,-4.745333686055622
6.15,0.5650410251005585,3.18062573787882,0.7792050642919989,0.21416403919144034,-0.02090357512930708,0.12984796338307847,50.0,-0.2605564758865394,6.1322710662268385,-0.08230901258686339,8.947661211934939,-0.09811262688708476,-0.01580361430022137,0.2091069847425759,0.9676783006295819,31.34366884967612,-4.133387869431401,-10.0,-0.6989030933069437,-8.104661494159231,-0.3380993048213873,0.3608037884855564,0.12072602674964533,-0.2288297531949257,50.0,5.0,-10.0,0.7882658906466852,0.13773787303320462,0.7792050642919989,-0.009060826354686302,-0.025157801291638318,0.12984796338307847,10.167671932781419,0.2812012970243826,-5.817818874098067,0.7842888219664459,0.11305488867610236,0.7792050642919989,-0.00508375767444702,-0.02324294910991954,0.12984796338307847,3.806577138488766,0.1913313183902388,-4.045711766754914,0.7856459215996517,0.1415731315912594,0.7792050642919989,-0.00644085730765287,-0.011284104752353754,0.12984796338307847,5.575982389259881,0.08262806095562636,-4.383065601325687
6.16,0.6025344988076772,3.749347370711865,0.7803804984133462,0.17784599960566905,-0.019500049870321574,0.11754341213473518,50.0,-0.18252235970231726,4.394468634092318,0.0026763480597566114,8.498536064662,-0.08840098493163084,-0.09107733299138746,0.20734635780619584,0.9711641955453917,50.0,-4.968458492102995,-10.0,-0.7473322891426959,-4.842919583575224,-0.3401740515857938,0.4071582375569021,0.12528190108357187,-0.20747467644064987,50.0,5.0,-10.0,0.7892523722042369,0.098648155755174,0.7803804984133462,-0.008871873790890716,-0.02525638484512274,0.11754341213473518,9.2780990970918,0.2550856474358733,-5.018927689849573,0.7853327481870379,0.10439262205919789,0.7803804984133462,-0.004952249773691686,-0.02330291086986238,0.11754341213473518,3.134009109263716,0.1755741299526199,-3.581450225606224,0.7869198850826958,0.12739634830440577,0.7803804984133462,-0.006539386669349612,-0.011362238253877692,0.11754341213473518,5.675287374996209,0.11335686376728646,-4.002888727168458
6.17,0.645406682967513,4.287218415983587,0.7814327014075365,0.1360260184400235,-0.018568511527519697,0.10522029941902877,50.0,-0.1410721638406848,2.636829920770836,0.08053842008892104,7.786207202916442,-0.07865793452716242,-0.15919635461608345,0.20497577353974336,0.9743050404468434,50.0,-5.0,-10.0,-0.7568561867366751,-0.9523897593979211,-0.3420339371281324,0.4148222496085427,0.1295253625555971,-0.1859885542338624,50.0,5.0,-10.0,0.7898532857317551,0.06009135275181243,0.7814327014075365,-0.00842058432421855,-0.025346599823640105,0.10522029941902877,7.798271211206981,0.23309490658676021,-4.170756204778961,0.7862171180589371,0.08843698718992649,0.7814327014075365,-0.004784416651400614,-0.023359598735095376,0.10522029941902877,3.1110466666477485,0.18174333326808148,-3.0194206300770863,0.7880457316609992,0.11258465783033912,0.7814327014075365,-0.006613030253462715,-0.011439627022195352,0.10522029941902877,5.477535319434164,0.03015768824965096,-3.7387939583573617
6.18,0.6933032505380223,4.789656757050928,0.7823615071195192,0.08905825658149691,-0.018156894637409823,0.09288057119827275,29.650052684944043,-0.05575747359605237,1.236218329268865,0.1494923981767564,6.895397808783539,-0.06888693733309371,-0.21837933550985011,0.20210244040376651,0.9770997194068709,50.0,-5.0,-10.0,-0.7252913535415716,3.15648331951035,-0.3436777867048304,0.3816135668367412,0.1330258498920135,-0.16438495766979977,50.0,5.0,-10.0,0.7900805796287144,0.022729389695932536,0.7823615071195192,-0.007719072509195124,-0.02542606348770165,0.09288057119827275,6.837038447086275,0.21874942398884986,-3.1910190821840643,0.7868759817835141,0.06588637245769678,0.7823615071195192,-0.004514474663994905,-0.023411332118981096,0.09288057119827275,2.5963796377894166,0.15012736864605034,-2.4056594951521366,0.7890093570583732,0.09636253973739142,0.7823615071195192,-0.0066478499388539225,-0.011515741775557631,0.09288057119827275,5.466514373341751,0.09566330693541623,-3.198005243699
6.19,0.7457346380726623,5.243138753463993,0.7831667688801055,0.03743213080744323,-0.01830688720468179,0.08052617605862622,-2.923185343826392,0.004640617828046553,-0.19603210453928507,0.20869271485287438,5.920031667611796,-0.05909146493820567,-0.26778417979108005,0.1988325954390945,0.9795472394888038,50.0,-4.8384540932163,-10.0,-0.6549321815598669,7.035917198170467,-0.3451045620252624,0.30982761953460447,0.1354205343675425,-0.14267753204320055,50.0,5.0,-10.0,0.789952447520345,-0.012813210836934076,0.7831667688801055,-0.00678567864023949,-0.02549263895302035,0.08052617605862622,4.42676537976546,0.1867662375065346,-2.3262664397006234,0.787256305823182,0.03803240396678044,0.7831667688801055,-0.004089536943076455,-0.023456030728808537,0.08052617605862622,2.128816440391831,0.1392409224038112,-1.7395827224586262,0.7898075809628129,0.0798223904439698,0.7831667688801055,-0.006640812082707392,-0.011590132135429103,0.08052617605862622,5.746395819204759,0.09671114852091574,-2.7322356862559243
6.2,0.802014760855431,5.628012278276868,0.7838483595291283,-0.01816640132630265,-0.019051352445772503,0.06815906490228452,9.506797367409174,0.09858765876486202,-1.4486496609935464,0.2581788549333121,4.948614008043772,-0.04927499762719608,-0.30745385256050817,0.19526319551268506,0.9816467311009602,50.0,-4.2506019357243785,-10.0,-0.5523065315754447,10.262564998442219,-0.34631336190755496,0.20599316966788978,0.13645420956437718,-0.1208799882292555,50.0,4.616085175672975,-10.0,0.7894923802582302,-0.0460067262114827,0.7838483595291283,-0.005644020729101862,-0.02554447848769022,0.06815906490228452,3.050687637531725,0.14165359225951316,-1.5157577614068796,0.7873253668791667,0.006906105598464534,0.7838483595291283,-0.003477007350038308,-0.02349149141286877,0.06815906490228452,1.266828505378844,0.10056271477923184,-1.1196917133457904,0.7904293602669812,0.062177930416824845,0.7838483595291283,-0.006581000737852838,-0.011662159935849313,0.06815906490228452,5.472444170631597,0.09790499020131918,-2.2810580653998334
6.21,0.861090075973148,5.907531511771699,0.7844061714355232,-0.07668390453762486,-0.02040894464232592,0.05578119063948117,50.0,0.21820754176045998,-2.38737439166434,0.29863384232405527,4.045498739074314,-0.0394410231441564,-0.33807486546821164,0.1914778969840955,0.9833974483039687,50.0,-3.6572236144420542,-10.0,-0.42736632446301237,12.494020711243238,-0.3473034228477939,0.08006290161521845,0.13600543650940505,-0.09900609402389571,-42.95475094948066,-0.7302222189063412,2.12921045973462,0.7887294637326069,-0.07629165256233278,0.7844061714355232,-0.004323292297083725,-0.025580082245404822,0.05578119063948117,1.827543605906078,0.09491938808844759,-0.8316712509651428,0.7870804423449851,-0.024492453418152486,0.7844061714355232,-0.002674270909461929,-0.023515784876621575,0.05578119063948117,0.7055795900551566,0.05765172798664597,-0.5507531316754987,0.7908624126062153,0.04330523392340888,0.7844061714355232,-0.006456241170692101,-0.011731052870948576,0.05578119063948117,5.477568693827234,0.09394262772648092,-1.7963718947988834
6.22,0.9211819843145373,6.009190834138938,0.7848401165143234,-0.13634186780021396,-0.02237328240374195,0.043394507880023525,50.0,0.3705366420494833,-2.795335131819932,0.33108622963570206,3.2452387311646804,-0.029593035453398548,-0.3606792650891006,0.187546580460088,0.9847987690757842,50.0,-3.162783658014535,-10.0,-0.2933177065717636,13.404861789124881,-0.3480741195022691,-0.05475641293050548,0.1341173862011875,-0.07706966544751559,50.0,-5.0,10.0,0.7877039081045327,-0.10255556280741616,0.7848401165143234,-0.0028637915902093303,-0.025598464605026173,0.043394507880023525,0.24864114619978755,0.04194012128013602,-0.33465122094985433,0.7865645008360209,-0.051594150896422344,0.7848401165143234,-0.0017243843216975252,-0.02352786930474891,0.043394507880023525,-0.19754356038400253,0.027033583388477986,-0.12257499577233982,0.7910927133762764,0.02303007700611218,0.7848401165143234,-0.006252596861953008,-0.011795881847268718,0.043394507880023525,4.844143023143072,0.1015342389440709,-1.3394790241658767
6.23,0.9799502794910036,5.876829517646619,0.7851501262405708,-0.19480015325043276,-0.02490896688801094,0.031000972624739553,50.0,0.5359373888819486,-2.689839276438744,0.3561318106203914,2.5045580984689337,-0.019734533498052972,-0.3758663441184444,0.18353746120905667,0.9858501955345544,50.0,-2.861670243292581,-10.0,-0.1621870176425527,13.113068892921088,-0.3486249650824548,-0.18643794743990208,0.13094169983749637,-0.05508455801856993,50.0,-5.0,10.0,0.7864781256831384,-0.12257824213944012,0.7851501262405708,-0.0013279994425675623,-0.025599486775237906,0.031000972624739553,0.017629695188818618,-0.008932893786169654,0.03417257476771817,0.7858560829421876,-0.07084178938334078,0.7851501262405708,-0.0007059567016167723,-0.023527844692826743,0.031000972624739553,-0.010449875698121426,-0.021342743684250952,0.08838422457738,0.7911055767178121,0.0012863341535667323,0.7851501262405708,-0.005955450477241331,-0.011855564985456488,0.031000972624739553,2.7521154411609374,0.07031242005708435,-0.8723107957454257
6.24,1.0346955321405495,5.474525264954594,0.7853361516601358,-0.24935938048041373,-0.02795001321931054,0.018602541956502794,50.0,0.7387351784414528,-2.005000734140904,0.37400819090504445,1.7876380284653077,-0.00986901995692571,-0.38387721086197013,0.17951992529759042,0.9865513541127302,50.0,-2.686655923533458,-10.0,-0.046118711499315956,11.606830614323673,-0.3489556116624759,-0.30283690016315995,0.12675264777443243,-0.03306465800211322,50.0,-5.0,10.0,0.7851214206716,-0.13567050115384022,0.7853361516601358,0.0002147309885358606,-0.025583772415237165,0.018602541956502794,0.011481155738721757,-0.05698128422333741,0.22349694687819333,0.7850698800536213,-0.0786202888566255,0.7853361516601358,0.0002662716065144899,-0.023517319947875936,0.018602541956502794,0.8999855520310736,-0.047614711809690444,0.17027780105213067,0.7908900684683027,-0.02155082495094507,0.7853361516601358,-0.005553916808166859,-0.011908949071043062,0.018602541956502794,1.6475502692301565,0.08351918607636205,-0.486237184018307
6.25,1.0827856790055308,4.809014686498116,0.7853981633974483,-0.2973875156080825,-0.03140478984404118,0.006201173731246179,50.0,0.9422751747222213,-0.8030547747238185,0.3845130266415954,1.0504835736551001,-2.5648942582957195e-16,-0.3845130266415957,0.17556974667380898,0.9869019956925407,50.0,-2.579389732629882,-10.0,0.04438453846953169,9.050324996884765,-0.3490658503988659,-0.39345038886839756,0.12191311138605997,-0.011023873638993376,50.0,-5.0,5.196073858908982,0.7837029787374248,-0.14184419341752205,0.7853981633974483,0.0016951846600234965,-0.025552636149295177,0.006201173731246179,1.2271639422007743,-0.07809666757675512,0.0848021269455034,0.7843337297363516,-0.07361503172696557,0.7853981633974483,0.0010644336610966532,-0.023499314108092275,0.006201173731246179,0.023301708186750213,-0.09028191783850611,0.06836999478214519,0.7904297195411807,-0.04603489271220135,0.7853981633974483,-0.0050315561437324074,-0.011954661143209167,0.006201173731246179,1.6185290182115313,0.05843460727251521,-0.14122706878826335
6.26,1.1220141942912343,3.9228515285703502,0.7853361516601358,-0.33667804263109846,-0.0351638554232092,-0.006201173731246179,50.0,1.1283775230451507,0.8313996774358761,0.3872504414803473,0.2737414838751908,0.009869019956925199,-0.37738142152342213,0.17176855831018722,0.9869019956925462,50.0,-2.4744943821029177,-10.0,0.10127243502558983,5.688789655605813,-0.3489556116624759,-0.4502280466880657,0.11684195195361873,0.011023873639004478,50.0,-5.0,-5.4855496333876,0.7822830782115219,-0.14199005259029257,0.7853361516601358,0.003053073448613941,-0.02550790640955001,-0.006201173731246179,2.1483718645737278,-0.1287200792819514,-0.1306759149240391,0.7837522566302185,-0.05814731061330637,0.7853361516601358,0.0015838950299172927,-0.02347766042673177,-0.006201173731246179,0.028053408530868393,-0.07375662368790752,-0.06580246585373853,0.7897057262140779,-0.07239933271027749,0.7853361516601358,-0.004369574553942046,-0.011991116955477558,-0.006201173731246179,0.27034013129277557,0.056200633916785606,0.10850558876843679
6.2700000000000005,1.1507724952759606,2.875830098472628,0.7851501262405708,-0.3656223690353898,-0.03910766212341036,-0.018602541956502794,50.0,1.3032921629635636,2.550843988888492,0.38197911626773395,-0.5271325212613346,0.019734533498054322,-0.36224458276967963,0.16819882573461656,0.9865513541129134,50.0,-2.251197299199406,-10.0,0.11949583479529081,1.822339976970098,-0.3486249650824547,-0.4681207998777455,0.11197850995714426,0.033064658002118774,50.0,-5.0,-10.0,0.7809129300936719,-0.13701481178499547,0.7851501262405708,0.004237196146898881,-0.02545183296690252,-0.018602541956502794,0.6088650699748318,-0.16495835964932595,-0.43278851164213017,0.7833715123728566,-0.038074425736190576,0.7851501262405708,0.0017786138677141627,-0.02345606684548101,-0.018602541956502794,0.1263680930081475,-0.06531755587510213,-0.1986959664312765,0.7887048752730982,-0.10008509409797184,0.7851501262405708,-0.0035547490325273934,-0.012016655936393035,-0.018602541956502794,1.2399053829102578,0.0522604816335691,0.2482260670757294
6.28,1.1680809071885128,1.7308411912552124,0.7848401165143234,-0.38324079067418937,-0.04311315414927777,-0.031000972624739553,50.0,1.407709104951838,4.103482524032139,0.36889820091588055,-1.3080915351853406,0.029593035453398035,-0.3393051654624825,0.16493658323351026,0.9858501955343713,50.0,-2.1236253490745467,-10.0,0.09737655965873092,-2.211927513655989,-0.3480741195022691,-0.445450679161,0.10774519591689986,0.05508455801856438,50.0,-5.0,-10.0,0.7796283037798174,-0.1284626313854519,0.7848401165143234,0.005211812734505994,-0.025386868576418916,-0.031000972624739553,2.3497386882925198,-0.21678984105502486,-0.9366764958904955,0.7831539110010192,-0.02176013718375132,0.7848401165143234,0.0016862055133042286,-0.023437028776629593,-0.031000972624739553,1.5162320022482303,-0.06676709753928851,-0.3708086577653851,0.7874141674270074,-0.1290707846090782,0.7848401165143234,-0.002574050912684034,-0.01202948936705897,-0.031000972624739553,0.1806760485995434,0.02618731466544927,0.22268136937775476
6.29,1.1735924370963955,0.5511529907882815,0.7844061714355232,-0.38918626566087233,-0.04706013210496532,-0.043394507880023525,50.0,1.4922711772981117,5.419283100110882,0.34876130435186115,-2.013689656401942,0.03944102314415589,-0.30932028120770527,0.16204474938707342,0.9847987690757842,50.0,-1.938563308313276,-10.0,0.0367614456801583,-6.061511397857261,-0.34730342284779403,-0.38406486852795235,0.10451069837140606,0.07706966544750449,50.0,-5.0,-10.0,0.7784640303565762,-0.11642734232412577,0.7844061714355232,0.005942141078946972,-0.025315804431397033,-0.043394507880023525,5.102208320725343,-0.22131049769271416,-1.4061342591648254,0.7829733301961094,-0.018058080490978495,0.7844061714355232,0.0014328412394137846,-0.02342089455618636,-0.043394507880023525,0.8624343393484404,-0.05367682802702825,-0.33346908560582994,0.7858336597618907,-0.1580507665116752,0.7844061714355232,-0.0014274883263675209,-0.012027959173671476,-0.043394507880023525,0.0,-0.005052331423781019,0.029683414495569015
6.3,1.1676337113655637,-0.595872573083172,0.7838483595291283,-0.38378535183643536,-0.05083839836602136,-0.05578119063948117,50.0,1.4395951136852987,6.301485435624615,0.3227787384413493,-2.5982565910511832,0.04927499762719556,-0.27350374081415374,0.159569537638037,0.9833974483039687,50.0,-1.833179524392079,-10.0,-0.057134553807229184,-9.389599948738748,-0.3463133619075552,-0.289178808100326,0.10255787028527667,0.0990060940238846,50.0,-4.554702145932813,-10.0,0.7774438211084957,-0.10202092480804265,0.7838483595291283,0.0064045384206325995,-0.025241556954709903,-0.05578119063948117,5.255098215873563,-0.22054176775225398,-1.9857740830062027,0.7826219452613998,-0.03513849347095609,0.7838483595291283,0.001226414267728515,-0.023405116564161978,-0.05578119063948117,0.0951590223542021,-0.05536635200492734,-0.48004941317724875,0.7839741447454812,-0.18595150164094557,0.7838483595291283,-0.00012578521635286943,-0.01201062187567091,-0.05578119063948117,-0.1163970979187077,-0.02615738844750545,-0.387952565235672
6.3100000000000005,1.1512480922264323,-1.6385619139131413,0.7831667688801055,-0.3680813233463268,-0.05435535540809331,-0.06815906490228452,50.0,1.3218751620529556,6.648823803060952,0.29231906691538045,-3.045967152596887,0.05909146493820516,-0.2332276019771753,0.15754185833352494,0.9816467311009602,50.0,-1.816943058534965,-10.0,-0.17612298340995833,-11.898842960272916,-0.3451045620252623,-0.16898157861530397,0.10205793879515093,0.1208799882292888,50.0,-0.7415691405549935,-3.512324589942995,0.7765646823531122,-0.0879138755383645,0.7831667688801055,0.006602086526993345,-0.025166744701886134,-0.06815906490228452,5.620904303323304,-0.2202818205527646,-2.3513008307978405,0.7818591525457963,-0.0762792715603536,0.7831667688801055,0.0013076163343092029,-0.02338441247366285,-0.06815906490228452,0.3106570238872201,-0.052139765052465065,-0.7314101481225782,0.7818628895904809,-0.21112551550002828,0.7831667688801055,0.0013038792896246099,-0.011976470531224661,-0.06815906490228452,0.4078461052275797,-0.04426776702207835,-0.9826726942254034
6.32,1.126124374510249,-2.512371771618333,0.7823615071195192,-0.3437628673907297,-0.05754174690483877,-0.08052617605862622,50.0,1.158415965739498,6.482191383368473,0.2585004398225589,-3.3818627092821547,0.0688869373330932,-0.18961350248946568,0.1559839095795585,0.9795472394888038,50.0,-1.9221647319412871,-10.0,-0.3095319383292716,-13.340895491931331,-0.3436777867048305,-0.034145848375558896,0.10305056986058847,0.14267753204317835,-50.0,3.186522981283974,10.0,0.7757917209640981,-0.07729613890140916,0.7823615071195192,0.006569786155421142,-0.025093317226441782,-0.08052617605862622,4.03127077098333,-0.21411572641923202,-2.8627944928366835,0.7804640732349166,-0.1395079310879713,0.7823615071195192,0.0018974338846026173,-0.023351487341708027,-0.08052617605862622,1.1607462016924002,-0.08895340626550843,-1.4064286915933901,0.7795453222555364,-0.23175673349445108,0.7823615071195192,0.002816184863982829,-0.011925133009235388,-0.08052617605862622,2.2699486886181037,-0.06647183383455005,-1.8240575162732244
6.33,1.0943226853280685,-3.1801689182180306,0.7814327014075365,-0.312889983920532,-0.06035262985222229,-0.09288057119827275,50.0,0.9716010921212692,5.890796882356173,0.22182105556519902,-3.667938425735987,0.07865793452716192,-0.14316312103803708,0.15491907221175172,0.9770997194068737,50.0,-2.0680291695978834,-10.0,-0.44461183777333985,-13.507989944406823,-0.34203393712813246,0.10257790064520739,0.10542714786148123,0.16438495766980532,50.0,5.0,10.0,0.775067564962667,-0.0724156001431108,0.7814327014075365,0.006365136444869468,-0.025022424301978777,-0.09288057119827275,5.093067542045192,-0.19899517316271326,-3.033692145270914,0.7783047250052447,-0.21593482296719352,0.7814327014075365,0.0031279764022917877,-0.02329861409538839,-0.09288057119827275,2.2147170905292097,-0.16455231820032892,-2.5231732769790973,0.7770914449015122,-0.24538773540242526,0.7814327014075365,0.004341256506024349,-0.011857181670634903,-0.09288057119827275,3.168019297447983,-0.09012449919824199,-2.765110105214045
6.34,1.0578056748432256,-3.6517010484842922,0.7803804984133462,-0.2774251764298794,-0.06276171151167266,-0.10522029941902877,50.0,0.7544844277902055,5.097905958548658,0.182235587811406,-3.9585467753793018,0.08840098493163033,-0.09383460287977567,0.15437658086049189,0.9743050404468406,50.0,-2.1600891521057415,-10.0,-0.5691197257682163,-12.450788799487654,-0.34017405158579417,0.22894567418242218,0.10896168348325422,0.1859885542338291,50.0,5.0,10.0,0.7743152607529774,-0.07523042096896036,0.7803804984133462,0.006065237660368816,-0.024954248883278192,-0.10522029941902877,4.774324656661252,-0.20977001137052576,-3.3227548076735762,0.7753966715060658,-0.29080534991788776,0.7803804984133462,0.0049838269072803865,-0.023219695291323797,-0.10522029941902877,4.605461004959159,-0.24475035607774814,-4.213447000206351,0.774588164119458,-0.25032807820542463,0.7803804984133462,0.005792334293888257,-0.011774225519875479,-0.10522029941902877,5.355353579526964,-0.1020538149798749,-3.825900877277864
6.3500000000000005,1.018147482895039,-3.965819194818667,0.7792050642919988,-0.23894241860304022,-0.0647545537782212,-0.11754341213474628,50.0,0.5754865239082306,4.204213066681511,0.13927206171383102,-4.296352609757497,0.09811262688708608,-0.041159434826744945,0.15439462177320018,0.9711641955455749,50.0,-2.1543670131131933,-10.0,-0.6711679300936537,-10.204820432543737,-0.33809930482138706,0.33306862527226666,0.11331285177923126,0.20747467644071094,50.0,5.0,10.0,0.7734607503074179,-0.08545104455594978,0.7792050642919988,0.005744313984580862,-0.024888260638976787,-0.11754341213474628,3.7743146809369104,-0.1831335419876158,-3.5091791961613272,0.7719237070700381,-0.34729644360277234,0.7792050642919988,0.00728135722196066,-0.023112152074743913,-0.11754341213474628,10.24787125492861,-0.29716079176125765,-6.296127638360952,0.7721421269581311,-0.24460371613268025,0.7792050642919988,0.007062937333867647,-0.011679135774923532,-0.11754341213474628,7.126226911382731,-0.12184848414367791,-4.873791895636198
6.36,0.9764148417412957,-4.173264115374332,0.777906584658168,-0.1985082570831277,-0.06632230993751503,-0.12984796338307847,50.0,0.3972200559257696,3.241025663895309,0.09248167523719181,-4.679038647663922,0.1077894098933819,0.015307734656190092,0.15501560298452846,0.9676783006295819,-19.34068096328518,-1.8896324655435563,-10.0,-0.7409006863300007,-6.973275623634695,-0.3358110072894378,0.4050896790405629,0.11806107613200036,0.2288297531949257,50.0,5.0,10.0,0.7724308896758895,-0.10298606315284387,0.777906584658168,0.005475694982278512,-0.024823205082838716,-0.12984796338307847,3.41217395031696,-0.167402242695676,-3.7609409562849105,0.7682314970403888,-0.3692210029649217,0.777906584658168,0.009675087617779132,-0.02297847909826963,-0.12984796338307847,15.72339489170537,-0.3498630751018009,-8.47305663425457,0.7698647920583924,-0.22773348997387108,0.777906584658168,0.008041792599775555,-0.01157594449992839,-0.12984796338307847,8.935685502430111,-0.1177131757969868,-5.785213023726048
6.37,0.9332632770136988,-4.315156472759687,0.7764852645568406,-0.15677801245685818,-0.06745857441480765,-0.1421320101327339,50.0,0.2515865107389516,2.1678860290587605,0.04184521515984543,-5.063646007734638,0.11742789583559457,0.07558268067574914,0.1562777943920594,0.9638485942212671,-50.0,-1.3221044652536131,-10.0,-0.7716756063483345,-3.077492001833387,-0.33331060432771287,0.4383650020206217,0.12275247535238991,0.25004029617249346,50.0,5.0,10.0,0.771171171351989,-0.1259718323900537,0.7764852645568406,0.005314093204851655,-0.024757466967551198,-0.1421320101327339,3.625930949309842,-0.1851277381970338,-4.1457502194929186,0.7647590197445234,-0.34724772958653716,0.7764852645568406,0.01172624481231721,-0.022826491877187806,-0.1421320101327339,21.7168337392836,-0.41168058339090086,-10.0,0.7678582001913631,-0.20065918670293664,0.7764852645568406,0.008627064365477555,-0.011469607937603321,-0.1421320101327339,10.027631684642358,-0.13644760562995856,-6.388806436875982
6.38,0.8891063842585778,-4.415689275512102,0.7749413284309367,-0.11416505582764114,-0.06815865604553285,-0.15439361259039774,19.357723406559796,0.1162139646087881,1.0311961669111525,-0.01202927893667042,-5.387449409651585,0.12702466020556366,0.13905393914223407,0.15820707872444692,0.9596764369969091,-41.4543215382974,-0.474399920426848,-10.0,-0.7608321265622888,1.0843479786045673,-0.33059967524431505,0.4302324513179738,0.1269463650677092,0.2710929083397817,50.0,5.0,10.0,0.769651777807681,-0.15193935443080123,0.7749413284309367,0.0052895506232556455,-0.02468937752587556,-0.15439361259039774,3.8215631387568534,-0.17800434340686994,-4.5024529557252535,0.7619167726376023,-0.28422471069211824,0.7749413284309367,0.013024555793334391,-0.02266782384818525,-0.15439361259039774,24.631558107664844,-0.425988133391255,-10.0,0.7661902049893864,-0.16679952019766958,0.7749413284309367,0.008751123441550268,-0.011365416751168051,-0.15439361259039774,9.394101210445193,-0.12306026241032253,-6.692375221302097
6.390000000000001,0.8443317276774773,-4.477465658110044,0.7732750200858687,-0.07105670759160865,-0.06842147655563795,-0.16663083450679794,-2.6012484325335907,-0.01502092154100619,-0.14970133575530523,-0.0676422013693894,-5.561292243271897,0.13657629331860643,0.20421849468799583,0.16080539289565407,0.9551633113042773,50.0,0.6053627582115947,10.0,-0.7101040708913712,5.072805567091761,-0.32767993232015696,0.3824241385712142,0.13026332589671216,0.29197429241580863,50.0,5.0,10.0,0.7678535091997388,-0.1798268607942218,0.7732750200858687,0.0054215108861298544,-0.02461717973093484,-0.16663083450679794,3.6554178855031227,-0.189098456147106,-5.123051399877557,0.7599017194471944,-0.20150531904078117,0.7732750200858687,0.013373300638674257,-0.02251394030989443,-0.16663083450679794,23.655486642893152,-0.4082406996369093,-10.0,0.7648791481060468,-0.1311056883339502,0.7732750200858687,0.008395871979821834,-0.011268347462536438,-0.16663083450679794,8.029517216653863,-0.11345425158726942,-6.531401499462394
6.4,0.7992154764268903,-4.5116251250587,0.7714866026510409,-0.027728873775849427,-0.06824760278089056,-0.1788417434827827,-5.133040219395537,-0.12822241918364152,-1.405531687453816,-0.12187102511608003,-5.422882374669064,0.14607940152495544,0.26795042664103547,0.16402718539953134,0.9503108206348976,50.0,1.8377916375842565,10.0,-0.6258809450343265,8.422312585704468,-0.32455321972745127,0.3013277253068752,0.13243437189121046,0.3126712592705694,50.0,5.0,10.0,0.7657934377122266,-0.20600714875121875,0.7714866026510409,0.005693164938814221,-0.024539647366671573,-0.1788417434827827,5.040502474168682,-0.19552146797695547,-5.775382063319426,0.758764533192636,-0.11371862545584153,0.7714866026510409,0.012722069458404817,-0.0223753477527648,-0.1788417434827827,19.95896995684037,-0.3591983470005132,-10.0,0.763877585548442,-0.10015625576048479,0.7714866026510409,0.0076090171025988695,-0.011182241665934399,-0.1788417434827827,6.4428583447573695,-0.09783863320532091,-5.981694526836336
6.41,0.7539328909201324,-4.5282585506757895,0.7695763585382981,0.015643467618165707,-0.06763834224964133,-0.1910244112742765,5.1384878742140465,-0.24310120040957364,-2.682317396321654,-0.1716986425976211,-4.982761748154107,0.1555306084155169,0.32722925101313804,0.16779775408447814,0.9451206890561503,50.0,3.08985860841364,10.0,-0.5172792054317688,10.860173960255775,-0.3212215123648868,0.19605769306688198,0.1333089314258537,0.33317073625644955,50.0,1.341579762162757,10.0,0.7635048712112944,-0.22885665009322523,0.7695763585382981,0.006071487327003688,-0.024456046828392215,-0.1910244112742765,5.255199305522633,-0.20963243518527155,-6.552731231567722,0.7584124617956266,-0.03520713970093821,0.7695763585382981,0.011163896742671486,-0.022260188071367988,-0.1910244112742765,14.779886047594971,-0.28536004581423224,-9.856613656134924,0.7630763741602785,-0.08012113881635217,0.7695763585382981,0.006499984378019574,-0.011109229708272569,-0.1910244112742765,4.19271688674544,-0.07636965952370024,-5.155676145249736
6.42,0.7086347981222882,-4.529809279784408,0.7675445893973298,0.05890979127504159,-0.06659626340891248,-0.20317691409682537,30.080839432743222,-0.3447477659279381,-4.141281903864638,-0.21381266289524042,-4.211402029761933,0.16492655602148754,0.37873921891672796,0.17200628647662158,0.9395947605970623,50.0,4.231716282617557,10.0,-0.3954846572780187,12.179454815375008,-0.31768691461024345,0.07779774266777523,0.13286896337099396,0.35345977546433205,-50.0,-3.144980763326895,-10.0,0.7610376171684178,-0.24672540428766207,0.7675445893973298,0.006506972228912056,-0.024366304565674325,-0.20317691409682537,6.237001660083268,-0.2198920399550208,-7.333233032560044,0.7586235287648619,0.02110669692353049,0.7675445893973298,0.008921060632467892,-0.022173088134735664,-0.20317691409682537,8.883456525946446,-0.21646707792389008,-7.833534995508992,0.7623140213831434,-0.07623527771350916,0.7675445893973298,0.005230568014186421,-0.011049300500359354,-0.20317691409682537,2.810165113365358,-0.057984066431285376,-4.164390053918587
6.43,0.6634837594590421,-4.515103866324613,0.7653916160680365,0.10190785660899437,-0.06512567445619007,-0.21529733292933173,50.0,-0.4393721912486765,-5.790736044969369,-0.24481125168867016,-3.0998588793429738,0.17426390600741914,0.4190751576960893,0.1765070239415168,0.9337349985931609,50.0,5.0,10.0,-0.27403629899982784,12.144835827819083,-0.3139516589912215,-0.03991535999139367,0.1312553261882981,0.37352556190219377,50.0,-5.0,-10.0,0.7584439829479633,-0.259363422045441,0.7653916160680365,0.006947633120073182,-0.02427089189226905,-0.21529733292933173,5.728241680975813,-0.23473597820001202,-8.129019932939096,0.7588904602714617,0.026693150659978418,0.7653916160680365,0.006501155796574842,-0.022110745891835912,-0.21529733292933173,4.186282627270547,-0.15811187921069275,-5.871037888346664,0.761398060737155,-0.09159606459883694,0.7653916160680365,0.003993555330881526,-0.011000205340590655,-0.21529733292933173,1.3859180122211858,-0.03963129093679189,-3.282483731998388
6.44,0.6188558618890347,-4.462789757000744,0.7631177785298647,0.14426191664083,-0.0632367763140817,-0.22738375381717857,50.0,-0.5224698102092319,-7.714469639757414,-0.26210612807362277,-1.729487638495262,0.18353934085732454,0.4456454689309473,0.18113642739467578,0.9275434849905395,50.0,5.0,10.0,-0.16313406692298293,11.09022320768449,-0.3100181047753282,-0.14688403785234527,0.1286774634890062,0.3933554215893309,50.0,-5.0,-10.0,0.7557813226888281,-0.26626602591352155,0.7631177785298647,0.007336455841036593,-0.024170900731267334,-0.22738375381717857,5.4909741835225345,-0.24890361168112796,-8.869651853791447,0.7586736094367398,-0.02168508347219119,0.7631177785298647,0.00444416909312495,-0.02206413569255744,-0.22738375381717857,1.3656719530152435,-0.09307125677849017,-4.626402377915941,0.7601388960661699,-0.12591646709850737,0.7631177785298647,0.002978882463694821,-0.010957824869243855,-0.22738375381717857,0.5999704139534484,-0.03864151527415663,-2.743412185577389
6.45,0.5752681802983305,-4.3587681590704275,0.7607234358481215,0.18545525554979103,-0.06094634694267674,-0.23943426817432112,50.0,-0.6564926309997717,-10.0,-0.26377741394361015,-0.1671285869987409,0.19274956505336927,0.4565269789969794,0.18571841004334547,0.9210224196044725,50.0,5.0,10.0,-0.07227155460301218,9.086251231997075,-0.3058887364797178,-0.23361718187670563,0.12543266654703944,0.41293682956103916,50.0,-5.0,-10.0,0.7530984646180432,-0.2682858070784951,0.7607234358481215,0.007624971230078326,-0.0240678224382587,-0.23943426817432112,7.474494233116068,-0.24307242181399313,-9.437301852564538,0.757562645971574,-0.1110963465165841,0.7607234358481215,0.003160789876547554,-0.022021418159140306,-0.23943426817432112,1.3730873430321096,-0.10140238787571433,-4.565388952635534,0.7583904736206674,-0.17484224455025102,0.7607234358481215,0.0023329622274541606,-0.010917011022514288,-0.23943426817432112,0.522930304095653,-0.010697214619388811,-2.6576555789579555
6.46,0.5334919465410142,-4.177623375731634,0.7582089661172722,0.224717019576258,-0.058281414409340995,-0.25144697308493447,50.0,-0.7513752975663963,-10.0,-0.2488135295465984,1.4963884397011729,0.20189130624674861,0.450704835793347,0.19007581955730882,0.9141741193379349,50.0,5.0,10.0,-0.008747218171997653,6.3524336431014525,-0.3015661623019112,-0.29281894412991355,0.12186923374143016,0.4322574177806626,50.0,-5.0,-10.0,0.7504290045706153,-0.2669460047427805,0.7582089661172722,0.007779961546656833,-0.02396332822231785,-0.25144697308493447,7.505402887467435,-0.24112975550266916,-9.884781278288228,0.7553879642610063,-0.21746817105676594,0.7582089661172722,0.002821001856265881,-0.02197146132347197,-0.25144697308493447,1.5981836290829097,-0.11700811437842758,-5.577741745072511,0.7560763870116272,-0.23140866090401674,0.7582089661172722,0.002132579105645016,-0.010872544365367436,-0.25144697308493447,0.45803738183355364,-0.04062630247690922,-3.0600601465920314
6.47,0.4945326798408604,-3.895926670015376,0.7555747664012353,0.2610420865603749,-0.055281400876735706,-0.26341997160368447,50.0,-0.8356487934875249,-10.0,-0.21711666209218133,3.169686745441707,0.2109613164203478,0.42807797851252916,0.19403963066788993,0.9070010173599208,50.0,5.0,10.0,0.02273469130034772,3.148190947234537,-0.29705311247240657,-0.3197878037727543,0.11835653660897916,0.4513049829504623,50.0,-5.0,-10.0,0.7477801498636999,-0.26488547069153995,0.7555747664012353,0.007794616537535437,-0.023858893509873344,-0.26341997160368447,7.158442623237912,-0.23441258215186206,-10.0,0.7522318456262197,-0.31561186347866327,0.7555747664012353,0.0033429207750156342,-0.021906470929373947,-0.26341997160368447,2.011886623391905,-0.15433366583623073,-7.4867775764330045,0.753205801153939,-0.2870585857688208,0.7555747664012353,0.0023689652472963507,-0.01082014885431759,-0.26341997160368447,0.7565985891958493,-0.03555412663813272,-4.029188359060206
6.48,0.4595689404328307,-3.4963739408029713,0.7528212526706836,0.29325231223785286,-0.05199924036027688,-0.2753513730551771,50.0,-0.9140353410086037,-10.0,-0.16941647556839656,4.770018652378477,0.2199563730427417,0.3893728486111383,0.19745635728876348,0.8995056622393971,50.0,5.0,10.0,0.020309624929632474,-0.24250663707152453,-0.2923524375302062,-0.31266206245983863,0.11525416664808792,0.4700674942200389,50.0,-5.0,-10.0,0.7451106644934332,-0.2669485370266633,0.7528212526706836,0.007710588177250344,-0.023755092774398176,-0.2753513730551771,7.8059454559621955,-0.2213933639528975,-10.0,0.7484098517833256,-0.382199384289407,0.7528212526706836,0.004411400887357919,-0.021824136982071425,-0.2753513730551771,3.9248570734376833,-0.18113621278591632,-9.606600246145252,0.7498925555611641,-0.33132455927749016,0.7528212526706836,0.0029286971095194847,-0.010757729427294646,-0.2753513730551771,1.1050108800619618,-0.0699114894735062,-5.160727403904236
6.49,0.42983395139390157,-2.973498903892911,0.7499488597373538,0.32011490834345224,-0.048500741386453064,-0.2872392933329748,50.0,-0.949655832681204,-10.0,-0.10714425999257764,6.227221557581893,0.22887328021314007,0.3360175402057177,0.20019381053506247,0.8916907170398392,50.0,4.144436358208442,10.0,-0.014941449691851995,-3.525107462148447,-0.2874671065223535,-0.2725256568305015,0.11288142082599775,0.4885331007852656,50.0,-5.0,-10.0,0.7423687697032978,-0.2741894790135373,0.7499488597373538,0.0075800900340560196,-0.02365187292615626,-0.2872392933329748,7.509961152890261,-0.19177314141890225,-10.0,0.7443430439028554,-0.406680788047019,0.7499488597373538,0.005605815834498373,-0.02172741074492174,-0.2872392933329748,5.842063888662527,-0.2550408967916378,-10.0,0.7463025736338851,-0.3589981927279023,0.7499488597373538,0.003646286103468732,-0.01068536674698717,-0.2872392933329748,2.083543600052691,-0.04383612013308363,-6.342215907113985
6.5,0.40649333659285714,-2.334061480104446,0.746958041185389,0.34046470459253186,-0.044862688192517305,-0.29908185519648134,50.0,-0.9452863304487379,-10.0,-0.03231569267942494,7.48285673131527,0.23770886979688582,0.2700245624763108,0.20214577048669405,0.8835589583745751,50.0,2.893225066807457,10.0,-0.07903315863363852,-6.409170894178652,-0.2824002051286253,-0.20336704649498677,0.11148866745046573,0.5066901393728229,50.0,-3.669544847982431,-10.0,0.7395061464189957,-0.28626232843020527,0.746958041185389,0.007451894766393297,-0.023548727745649308,-0.29908185519648134,7.059076493758868,-0.21737487717308987,-10.0,0.7401868503595838,-0.4156193543271723,0.746958041185389,0.00677119082580524,-0.02161813690123097,-0.29908185519648134,7.8184133964417555,-0.25986307260799935,-10.0,0.7426322345013988,-0.367033913248627,0.746958041185389,0.004325806683990185,-0.010605405288822405,-0.29908185519648134,2.5298984351728673,-0.0702253918349374,-7.360629079941188
6.51,0.3905548560839369,-1.5938480508920216,0.7438492692997087,0.3532944132157718,-0.041170359255270385,-0.31087718856802615,50.0,-0.9234182219013293,-10.0,0.052563910007800266,8.48796026872252,0.24646000255107164,0.1938960925432714,0.2032359353852545,0.875113275418582,50.0,1.4731102713341329,10.0,-0.1652685575476593,-8.623539891402075,-0.2771549337125413,-0.111886376164882,0.11123215767795712,0.5245271416083996,24.130115868927252,-0.23706421281798432,-4.4373215284661285,0.736486525794593,-0.3019620624402781,0.7438492692997087,0.0073627435051157875,-0.02344490410435412,-0.31087718856802615,6.68132326090591,-0.22643273496542754,-10.0,0.736010684093957,-0.41761662656268156,0.7438492692997087,0.007838585205751758,-0.021497989386517185,-0.31087718856802615,10.021897105329028,-0.27917575493158764,-10.0,0.7390648956453197,-0.35673388560790226,0.7438492692997087,0.004784373654388996,-0.010521888163717725,-0.31087718856802615,2.8369350181969706,-0.05821094130718303,-7.876134196585263
6.5200000000000005,0.3828422434367838,-0.7712612647153116,0.7406230349914313,0.35778079155464754,-0.03751542521325238,-0.3226234308277398,50.0,-0.8574148487530369,-10.0,0.14451008526027487,9.19461752524746,0.2551235692399011,0.11061348397962623,0.20342260847252602,0.8663566688829449,-4.9119169175742625,-0.08618498534961196,-1.4843412970927843,-0.2639761083320481,-9.870755078438881,-0.27173460529995186,-0.007758496967903761,0.11214164821612198,0.5420328412589437,-22.969308862841817,3.3170633022604905,10.0,0.7332885856638433,-0.3197940130749716,0.7406230349914313,0.007334449327588088,-0.023339580209770745,-0.3226234308277398,6.892333880269054,-0.22083336788644709,-10.0,0.7318558404949688,-0.41548435989882254,0.7406230349914313,0.008767194496462571,-0.021368769005562678,-0.3226234308277398,12.12547251479601,-0.2941767312430108,-10.0,0.7357036051039676,-0.33612905413521726,0.7406230349914313,0.004919429887463744,-0.010439080959429567,-0.3226234308277398,3.02055421490933,-0.06254402860323459,-7.838475714053023
6.53,0.3839428229166677,0.11005794798838753,0.7372798477203546,0.3533370248036869,-0.03399306076001435,-0.3343187271076742,50.0,-0.7760778514891473,-10.0,0.2398390616133339,9.532897635305904,0.2636964917393789,0.02385743012604502,0.20270789301025588,0.8572922499477831,-19.369548550280918,-1.6443944434601474,-10.0,-0.36369967728948693,-9.972356895743886,-0.26614264348645855,0.09755703380302838,0.11411445424372664,0.5591961813493307,50.0,5.0,10.0,0.7299029414507024,-0.33856442131408154,0.7372798477203546,0.00737690626965215,-0.023231954704942815,-0.3343187271076742,7.156249509218979,-0.22110479229320557,-10.0,0.7277403341624772,-0.41155063324916197,0.7372798477203546,0.00953951355787741,-0.021232218806658987,-0.3343187271076742,13.90592764487109,-0.30893488314145373,-10.0,0.7325483780854128,-0.31552270185546966,0.7372798477203546,0.004731469634941754,-0.010360213992894602,-0.3343187271076742,2.6932134538930432,-0.057188200383440406,-7.402675354444353
6.54,0.3942148579934947,1.0272035076827,0.7338202354145033,0.33960537742100855,-0.030699727336572533,-0.3459612305851345,50.0,-0.6890685211012597,-10.0,0.33505795625186807,9.521889463853418,0.2721757241309653,-0.06288223212090277,0.2011268817426615,0.8479232391586378,50.0,-3.03876542504516,-10.0,-0.4531220407280297,-8.942236343854274,-0.2603825802749958,0.19273946045303392,0.11693607248264241,0.5760063211462774,50.0,5.0,10.0,0.7263255266007926,-0.3577414849909829,0.7338202354145033,0.0074947088137106155,-0.02312123346830661,-0.3459612305851345,7.541397695848397,-0.2438667808684266,-10.0,0.7236674070752773,-0.40729270871998957,0.7338202354145033,0.010152828339225928,-0.02108996125239473,-0.3459612305851345,15.896831859583468,-0.2999624602465009,-10.0,0.7295117912272008,-0.30365868582120426,0.7338202354145033,0.004308444187302474,-0.010286763682439456,-0.3459612305851345,2.259998908301512,-0.046539866200311794,-6.788970504082008
6.55,0.41382001525371764,1.9605157260222952,0.7302447443867663,0.3164247291330487,-0.027731531617844276,-0.357549102773691,50.0,-0.5535228043152456,-10.0,0.42680440678274123,9.174645053087318,0.2805582537837632,-0.14624615299897803,0.198746955707363,0.8382529652797899,50.0,-4.206123670373788,-10.0,-0.5214409049975216,-6.831886426949195,-0.25445805384494896,0.26698285115257264,0.12028908963686305,0.5924526430046817,50.0,5.0,10.0,0.722555307924958,-0.37702186758346473,0.7302447443867663,0.007689436461808308,-0.02300663691693018,-0.357549102773691,7.835306497285837,-0.24613471972532042,-10.0,0.7196279378912417,-0.40394691840356567,0.7302447443867663,0.010616806495524655,-0.020943398495599126,-0.357549102773691,16.400735324192283,-0.327273081508705,-10.0,0.7264569819578344,-0.30548092693664286,0.7302447443867663,0.0037877624289319733,-0.010218337965456473,-0.357549102773691,1.5209688182191385,-0.05056604097060516,-6.128185983158655
6.5600000000000005,0.44269524502954727,2.8875229775829627,0.7265539392486247,0.2838586942190774,-0.0251816969734118,-0.3690805138141684,50.0,-0.4392570386792803,-10.0,0.5119691666853399,8.516475990259863,0.288841102424903,-0.22312806426043685,0.19566402746573264,0.8282848641139817,50.0,-4.958922465861137,-10.0,-0.5596158841877098,-3.8174979190188227,-0.24837280625419245,0.31124307793351735,0.12378327020810012,0.6085247590756515,50.0,5.0,10.0,0.7185893042434504,-0.3966003681507729,0.7265539392486247,0.007964635005174303,-0.022887330530063362,-0.3690805138141684,8.82861910816534,-0.26045728555307707,-10.0,0.715594210486887,-0.40337274043547555,0.7265539392486247,0.010959728761737675,-0.020793463933938203,-0.3690805138141684,17.502860400039154,-0.3298876987546152,-10.0,0.7232258737254935,-0.32311082323408474,0.7265539392486247,0.0033280655231311407,-0.010152746227901752,-0.3690805138141684,1.0576953308010508,-0.04166814551506966,-5.783409545525768
6.57,0.4804907823201023,3.779553729055503,0.7227484028209956,0.24225762050089333,-0.023137076141308416,-0.38055364276290415,50.0,-0.28779492687883684,-10.0,0.5879961146751692,7.602694798982935,0.2970213271977038,-0.2909747874774654,0.19199401011105968,0.8180224772800782,50.0,-5.0,-10.0,-0.5615704016540196,-0.19545174663097908,-0.24213068107553204,0.3194397205784876,0.1269972125885481,0.6242125178660407,50.0,5.0,10.0,0.7144257291604863,-0.4163575082964081,0.7227484028209956,0.008322673660509317,-0.02276246804262863,-0.38055364276290415,9.534214195448577,-0.2771892340806408,-10.0,0.7115347129738806,-0.4059497513006377,0.7227484028209956,0.011213689847115016,-0.020640732060336987,-0.38055364276290415,17.831365337008947,-0.3188329823260341,-10.0,0.7197169715008643,-0.35089022246291834,0.7227484028209956,0.0030314313201312837,-0.010087342892454148,-0.38055364276290415,1.2198535935409678,-0.023473201085739945,-5.742900097699615
6.58,0.5264505439389362,4.59597616188339,0.7188287360421953,0.19237819210325913,-0.021672891836464165,-0.39196667788002904,50.0,-0.1823740466862805,-10.0,0.6530809357277358,6.5084821052566575,0.30509602170725175,-0.3479849140204841,0.1878633127603292,0.8074694509547953,50.0,-5.0,-10.0,-0.525049906757787,3.652049489623266,-0.2357356209690188,0.28931428578876817,0.12952515049747346,0.6395060106513251,50.0,5.0,10.0,0.7100627210534901,-0.4363008106996242,0.7188287360421953,0.008766014988705217,-0.022631177811671618,-0.39196667788002904,10.618248965004627,-0.27453103573012855,-10.0,0.7074094900326546,-0.4125222941225943,0.7188287360421953,0.011419246009540696,-0.020485287370829323,-0.39196667788002904,19.099608792383776,-0.323063178614946,-10.0,0.7158944606880918,-0.3822510812772467,0.7188287360421953,0.0029342753541035105,-0.010019775030785386,-0.39196667788002904,1.0282773065154227,-0.04902024555990747,-6.069567679805521
6.59,0.5792432480515116,5.279270411257544,0.7147955578730476,0.135552309821536,-0.020845295779374558,-0.4033178169147722,37.35629959649658,-0.0694532478474652,-4.456478192899285,0.7062468702074817,5.316593447974587,0.31306231705303794,-0.39318455315444373,0.18339980788398727,0.796629534578619,50.0,-5.0,-10.0,-0.4519795768191262,7.307032993866074,-0.2291916651916875,0.22278791162743872,0.13102232631436123,0.6543955777331301,50.0,5.0,10.0,0.7055073101161093,-0.45554109373807816,0.7147955578730476,0.009288247756938262,-0.022492741224728427,-0.4033178169147722,11.902930920016678,-0.2881364179256067,-10.0,0.7031899927235102,-0.4219497309144356,0.7147955578730476,0.011605565149537367,-0.0203270367462425,-0.4033178169147722,19.705874795620502,-0.3528177363609666,-10.0,0.7118068285194455,-0.40876321686462586,0.7147955578730476,0.00298872935360206,-0.009949011415562902,-0.4033178169147722,1.1953880146439266,-0.048692936935100135,-6.476329589235068
6.6000000000000005,0.6366837663676195,5.744051831610788,0.710649505199138,0.07396573883151858,-0.02068004357422045,-0.41460526739095505,-27.41406161374042,0.08631883445074454,6.2099458645337355,0.7472544472751046,4.100757706762298,0.32091738284825977,-0.4263370644268448,0.17872636146904258,0.7855065795221827,50.0,-4.635293575509015,-10.0,-0.3482689521542279,10.371062466489832,-0.22250294704626444,0.12576600510796343,0.13124288011879187,0.6688718145423045,50.0,2.0068002521900437,10.0,0.7007834193587326,-0.4723890757376824,0.710649505199138,0.009866085840405492,-0.022346841458750603,-0.41460526739095505,13.28146657916566,-0.29336421888188163,-10.0,0.6988608571740649,-0.43291355494453476,0.710649505199138,0.011788648025073178,-0.020165858910497318,-0.41460526739095505,20.623407708674886,-0.34944458918150717,-10.0,0.7075318835518177,-0.4274944967627847,0.710649505199138,0.0031176216473203233,-0.009875085749413422,-0.41460526739095505,1.2469033863121022,-0.04027852630103412,-6.905722457032046
6.61,0.6957055851917157,5.902181882409619,0.7063912327302477,0.010685647538532073,-0.021163405287076095,-0.4258272468890323,-10.462872226584116,0.24401274884835794,10.0,0.776374899050421,2.912045177531637,0.32865842822544017,-0.44771647082498084,0.17395799224303962,0.77410453771804,50.0,-4.189329041231361,-10.0,-0.22312975592713657,12.513919622709128,-0.21567369127049235,0.0074560646566442235,0.1300660488030874,0.6829255775772092,-15.910008652551243,-2.789904042392373,-10.0,0.6959343520201869,-0.4849067338545633,0.7063912327302477,0.01045688071006079,-0.02219378197826454,-0.4258272468890323,15.256986678333838,-0.31308229726824816,-10.0,0.6944408251241814,-0.4420032049883493,0.7063912327302477,0.01195040760606636,-0.02000215451393782,-0.4258272468890323,21.70201786522246,-0.34001615913835076,-10.0,0.7031610125362739,-0.43708710155437647,0.7063912327302477,0.0032302201939737873,-0.009799074837318247,-0.4258272468890323,1.330236277419326,-0.03485516181180458,-7.218864970109091
6.62,0.7531861785414056,5.748059334968986,0.7020214128969624,-0.051164765644443166,-0.022249858877017425,-0.43698198332853266,50.0,0.36600799460793104,10.0,0.7942891170022897,1.7914217951868696,0.3362827028280179,-0.45800641417427174,0.1691987859217782,0.7624274602577752,50.0,-3.7875259763724585,-10.0,-0.08950259710241662,13.362715882471994,-0.20870821136869333,-0.11920561426627671,0.12753772107217742,0.6965479901799021,50.0,-5.0,-10.0,0.691011218002102,-0.4923134018084966,0.7020214128969624,0.011010194894860437,-0.022034448689135087,-0.43698198332853266,16.818206444476502,-0.313584177517318,-10.0,0.6899997518272746,-0.44410732969067707,0.7020214128969624,0.012021661069687828,-0.019837527170271874,-0.43698198332853266,21.03705507262622,-0.3514719397148253,-10.0,0.6987643636526326,-0.43966488836412954,0.7020214128969624,0.0032570492443297905,-0.009722537856038537,-0.43698198332853266,0.6488595093126178,-0.04025678117827972,-7.221408356905041
6.63,0.8060494067864212,5.286322824501568,0.6975407357444897,-0.10850867104193151,-0.0238635778698869,-0.44806771524726896,50.0,0.508454041496569,10.0,0.8013437381714078,0.7054621169118127,0.3437874977875307,-0.4575562403838771,0.16455267730624826,0.7504794959512784,50.0,-3.4617389048529486,-10.0,0.04059881445814656,13.010141156056317,-0.20161090688726524,-0.2422097213454118,0.12381460974311768,0.7097304481428091,50.0,-5.0,-10.0,0.6860642374177985,-0.4946980584303477,0.6975407357444897,0.011476498326691176,-0.02187021390002514,-0.44806771524726896,17.775609213715395,-0.31828597192989,-10.0,0.6856146330595231,-0.43851187677514425,0.6975407357444897,0.011926102684966633,-0.01967441495574469,-0.44806771524726896,21.710958964656943,-0.33544178025736693,-10.0,0.6943396238995432,-0.44247397530894805,0.6975407357444897,0.003201111844946536,-0.009646279340058177,-0.44806771524726896,1.3130863706646192,-0.031405628266114684,-7.134043561113729
6.640000000000001,0.8517389257757415,4.568951898932029,0.692949908823694,-0.1587890169520475,-0.025908363229300575,-0.459082692079571,50.0,0.6315517838832263,10.0,0.7976533440486789,-0.3690394122728893,0.3511701466860657,-0.4464831973626132,0.16012474927384943,0.7382648898535016,50.0,-3.194378651405862,-10.0,0.1555559510998465,11.495713664169994,-0.1943862606358419,-0.3499422117356884,0.11916561625934378,0.7224646251423328,50.0,-5.0,-10.0,0.6811220603354108,-0.49421770823877303,0.692949908823694,0.011827848488283221,-0.02170251364431843,-0.459082692079571,18.148567215284427,-0.3225298922218918,-10.0,0.6813744293146302,-0.4240203744892838,0.692949908823694,0.01157547950906379,-0.019516258123205125,-0.459082692079571,19.83332752395624,-0.3534187109846213,-10.0,0.6898611964487312,-0.44784274508119437,0.692949908823694,0.0030887123749627765,-0.009570607941800431,-0.459082692079571,1.2761113997754148,-0.029162453463443573,-7.019705783560419
6.65,0.8884359893089926,3.669706353325112,0.6882496570793656,-0.200186332229627,-0.028277197186929354,-0.4700251744328421,50.0,0.7432250168678359,10.0,0.7831992126356495,-1.4454131413029403,0.3584280265036199,-0.42477118613202963,0.1560215787266594,0.7257879817554158,50.0,-2.8832175305347554,-10.0,0.2451876061706466,8.963165507080014,-0.18703883585584255,-0.4322264420264892,0.11394703528837088,0.7347424779999334,50.0,-5.0,-10.0,0.6761859546894329,-0.4936105645977914,0.6882496570793656,0.012063702389932707,-0.021532515563959326,-0.4700251744328421,18.555888117602557,-0.3493865739929966,-10.0,0.6773203630235363,-0.40540662910939723,0.6882496570793656,0.01092929405582932,-0.01936642451973589,-0.4700251744328421,16.768892720962352,-0.29898989464471176,-10.0,0.6852916535496022,-0.45695428991289994,0.6882496570793656,0.0029580035297633867,-0.009495332477511506,-0.4700251744328421,1.8546110210899516,-0.04684178677327285,-6.900975915233936
6.66,0.9150258258099567,2.658983650096414,0.6834407227357413,-0.23158510307421543,-0.03085894658268115,-0.48089343436242826,50.0,0.8600849834283156,10.0,0.7580942239452575,-2.510498869039198,0.365558558550056,-0.3925356653952015,0.1523472719596113,0.71305320464361,50.0,-2.501162988680314,-10.0,0.30159549599512236,5.640788982447578,-0.17957327333823844,-0.48116876933336084,0.10857126869679253,0.7465562517604107,50.0,-5.0,-10.0,0.6712392512096376,-0.4946703479795266,0.6834407227357413,0.012201471526103735,-0.021361033813900334,-0.48089343436242826,19.51666619802181,-0.3372863728315512,-10.0,0.6734276733007079,-0.3892689722828379,0.6834407227357413,0.01001304943503345,-0.01922736712815727,-0.48089343436242826,14.029463457055016,-0.26311199061322604,-10.0,0.6805910635615912,-0.47005899880110247,0.6834407227357413,0.002849659174150143,-0.009419829985889895,-0.48089343436242826,0.9705740815429562,-0.03338920932828115,-6.877081936595152
6.67,0.9309641578167268,1.5938332006770135,0.6785238651793009,-0.25244029263742596,-0.03354273282912311,-0.4916857556440446,50.0,0.935722653073417,10.0,0.7228847730782476,-3.5209450867009924,0.37255920938128817,-0.35032556369695944,0.14919611083131182,0.7000650831232191,50.0,-2.122115261188265,-10.0,0.31981502972470516,1.82195337295828,-0.17199428849232812,-0.4918093182170333,0.10347098017732637,0.7578984845910297,50.0,-5.0,-10.0,0.6662611831060392,-0.4978068103598344,0.6785238651793009,0.012262682073261644,-0.021188626312131732,-0.4916857556440446,19.555755718661462,-0.3187657857592765,-10.0,0.6696022756204607,-0.3825397680247104,0.6785238651793009,0.008921589558840148,-0.0190998972557664,-0.4916857556440446,11.262688627784588,-0.24130546747779408,-10.0,0.6757403526843552,-0.48507108772359503,0.6785238651793009,0.0027835124949456835,-0.009343487752168077,-0.4916857556440446,0.6907880722743637,-0.02511651551614518,-6.953422306436208
6.68,0.9361550125784436,0.5190854761716763,0.6734998608388496,-0.262655151739594,-0.03622119289413622,-0.5024004340451249,50.0,0.9578217623227298,10.0,0.678755770929385,-4.412900214886257,0.3794274916994118,-0.2993282792299732,0.1466441180605007,0.6868282318123642,50.0,-1.6492802399328197,-10.0,0.29822690376686267,-2.1588125957842457,-0.16430666836738148,-0.4625335721342442,0.09906152571556236,0.7687620124946615,50.0,-5.0,-10.0,0.6612279356209183,-0.5033247485120907,0.6734998608388496,0.012271925217931301,-0.021015574585101213,-0.5024004340451249,19.327212176273093,-0.32710231643515675,-10.0,0.6656783694631173,-0.3923906157343385,0.6734998608388496,0.007821491375732292,-0.01898244328043564,-0.5024004340451249,8.440760038107838,-0.2164702957157618,-10.0,0.670748712707466,-0.4991639976889079,0.6734998608388496,0.0027511481313835517,-0.009266059871085352,-0.5024004340451249,1.1409242817378993,-0.039676356123512356,-7.085014866652951
6.69,0.9308996675647498,-0.5255345013693746,0.6683695030629139,-0.26253016450183597,-0.038793941089017646,-0.5130357775935734,50.0,0.937557865476153,10.0,0.6275583680331376,-5.119740289624747,0.38616096523642474,-0.24139740279671285,0.14474211806149603,0.6733473537012924,50.0,-1.2006786407367114,-10.0,0.23868810712239308,-5.95387966444696,-0.15651526862904563,-0.3952033757514387,0.09570487992449266,0.7791399738335869,50.0,-5.0,-10.0,0.6561222762749405,-0.5105659345977897,0.6683695030629139,0.012247226787973409,-0.0208420457237617,-0.5130357775935734,19.675909589357513,-0.3375063695703417,-10.0,0.6614342537775969,-0.4244115685520407,0.6683695030629139,0.006935249285316969,-0.01887064963072727,-0.5130357775935734,6.386235325568495,-0.1958343920460383,-10.0,0.6656434049905469,-0.510530771691919,0.6683695030629139,0.0027260980723670114,-0.00918774581319249,-0.5130357775935734,1.343657322003246,-0.029437921326015613,-7.168130046155753
6.7,0.9159348699176139,-1.4964797647135961,0.6631336019944601,-0.2528012679231537,-0.041172305791777816,-0.523590106845373,50.0,0.8662584600443769,10.0,0.5716321721671965,-5.592619586594103,0.3927572376212389,-0.17887493454595765,0.14351263067469588,0.6596272384814139,50.0,-0.8211587726528181,-10.0,0.14637880362231057,-9.23093035000825,-0.14862501049238933,-0.2950038141146999,0.09367793481834649,0.7890258136656336,50.0,-4.301476425500373,-10.0,0.6509367465633309,-0.5185529711609597,0.6631336019944601,0.01219685543112925,-0.020668221872334313,-0.523590106845373,19.295138434927622,-0.3331629750235809,-10.0,0.6566267936653665,-0.48074601122304056,0.6631336019944601,0.006506808329093672,-0.018757506946314027,-0.523590106845373,6.783036038597175,-0.19008587569910795,-10.0,0.6604402319534504,-0.5203173037096444,0.6631336019944601,0.0026933700410097794,-0.009108780382411428,-0.523590106845373,0.7204227337767575,-0.03138272604158201,-7.1732832188930296
6.71,0.8925221571059319,-2.341271281168204,0.657792984442963,-0.2347291726629689,-0.04328547039029069,-0.5340617551497173,50.0,0.7237327882305694,10.0,0.5134411383514256,-5.819103381577091,0.39921396522968616,-0.11422717312173941,0.1429522692816362,0.6456727608447288,44.7130691705717,-0.5551541472925768,-10.0,0.02941086148940232,-11.696794213290824,-0.14064087761356672,-0.17005173910296906,0.09314709684864587,0.7984132878822603,50.0,-0.8279259053010516,-10.0,0.6456575657159457,-0.5279180847385203,0.657792984442963,0.012135418727017289,-0.020494075876590287,-0.5340617551497173,19.323705033437093,-0.32249920490561296,-10.0,0.6510392781581437,-0.5587515507222793,0.657792984442963,0.006753706284819305,-0.01863409472839361,-0.5340617551497173,7.926132721132014,-0.20806009759471533,-10.0,0.655133317036868,-0.5306914916582456,0.657792984442963,0.002659667406095023,-0.009029114559184653,-0.5340617551497173,1.1131094094446656,-0.026647077023714466,-7.1754773894733965
6.72,0.862470352522349,-3.0051804583582755,0.6523484937538432,-0.21012185876850586,-0.045086170932139916,-0.5444490689119785,50.0,0.5603350436680186,10.0,0.4551219445162607,-5.831919383516489,0.4055288540171918,-0.049593090499068904,0.14303953031499717,0.6314888787505635,15.236262914942348,-0.44859099124683943,-7.7885364837758,-0.10175117419088554,-13.116203568028785,-0.1325679129420289,-0.030816738751143366,0.09415054981793732,0.8072964671537813,-50.0,2.688327775619114,10.0,0.6402656124803915,-0.5391953235554228,0.6523484937538432,0.012082881273451695,-0.020319327531500227,-0.5444490689119785,18.973029047666973,-0.3172476459758698,-10.0,0.6445227532251212,-0.6516524933022485,0.6523484937538432,0.00782574052872198,-0.018490672073776165,-0.5444490689119785,10.912797171984737,-0.25100658069873616,-10.0,0.649717170039743,-0.5416146997124859,0.6523484937538432,0.002631323714100131,-0.008948639852072402,-0.5444490689119785,0.859030060073233,-0.02965992791309368,-7.258193371601563
6.73,0.8280003314663008,-3.4470021056048203,0.6468009896752969,-0.18119934179100394,-0.04655346413948947,-0.5547504078546317,50.0,0.39136324409388656,10.0,0.39792907747265016,-5.719286704361056,0.41169966033383976,0.013770582861189595,0.14374916481404518,0.6170806316647959,-3.934124740001993,-0.4220261924333453,-7.3277279785498015,-0.23296589894798048,-13.121472475709496,-0.1244112155352981,0.10855468341268237,0.0965482438996351,0.8156697406730806,50.0,5.0,10.0,0.6347369830298077,-0.5528629450583784,0.6468009896752969,0.012064006645489123,-0.0201434011705395,-0.5547504078546317,19.30493209689702,-0.31990689438057796,-10.0,0.6370331559160015,-0.7489597309119691,0.6468009896752969,0.009767833759295352,-0.018318097763092015,-0.5547504078546317,17.25576383017822,-0.32394413164684815,-10.0,0.6442079022064312,-0.5509267833311845,0.6468009896752969,0.0025930874688656624,-0.008867616299050626,-0.5547504078546317,0.8959151517106111,-0.031451465437193966,-7.263584702169466
6.74,0.7911707319851355,-3.6829599481165287,0.6411513482225252,-0.15001938376261037,-0.04768536198230392,-0.5649641452771692,50.0,0.23571514265315952,10.0,0.34228998456741777,-5.563909290523241,0.41772419172152647,0.0754342071541087,0.1450598978146386,0.6024531387686716,-22.759624228840096,-0.43615884021006646,-7.136457133013214,-0.3521000580687287,-11.913415912074823,-0.11617593733827984,0.23592412073044883,0.10009882669814706,0.8235278197018248,50.0,5.0,10.0,0.6290490899501915,-0.5687893079616234,0.6411513482225252,0.012102258272333688,-0.019965499657020002,-0.5649641452771692,19.239070601161952,-0.3255382999706165,-10.0,0.6287141740684206,-0.8318981847580927,0.6411513482225252,0.012437174154104613,-0.01811053620307516,-0.5649641452771692,27.298558464484575,-0.3979309088101003,-10.0,0.6386002474519332,-0.5607654754498008,0.6411513482225252,0.002551100770591952,-0.008786028743799726,-0.5649641452771692,0.8104995653582439,-0.03606417854964081,-7.27971896527233
6.75,0.7535782861484879,-3.759244583664769,0.6354004615394075,-0.11817782460908033,-0.04849121577002825,-0.5750886683117629,21.832012694167258,0.1118217068751921,4.289382881743983,0.28793507684439795,-5.435490772301984,0.42360030769293866,0.1356652308485407,0.14696009920035422,0.5876115971412188,-31.65291701629563,-0.3389871397298398,-5.478366730360909,-0.4474424739067402,-9.534241583801153,-0.1078672799291934,0.33957519397754676,0.10444800279630263,0.8308657409086428,50.0,5.0,10.0,0.6231902466102605,-0.5858843339931012,0.6354004615394075,0.01221021492914709,-0.01978480907432922,-0.5750886683117629,19.524094248287785,-0.3066890929613187,-10.0,0.6198856337599493,-0.8828540308471194,0.6354004615394075,0.015514827779458229,-0.017867102522195866,-0.5750886683117629,40.787786981523084,-0.45717365513057173,-10.0,0.6328917629782471,-0.5708484473686082,0.6354004615394075,0.0025086985611604273,-0.00870385691345126,-0.5750886683117629,0.3763244116334687,-0.029413008519231888,-7.278830220593795
6.76,0.7163834140264411,-3.7194872122046756,0.6295492377576172,-0.08683417626882395,-0.04898760881149602,-0.5851223781790371,-3.554678447906223,-0.00858835039197535,-0.7699389557227531,0.2344358730378598,-5.349920380653816,0.4293259204920493,0.19489004745418953,0.14944399171296147,0.5725612799110658,-10.378788811317722,-0.06444337428155901,-1.0720047381407842,-0.5092986296153619,-6.185615570862172,-0.09949049123414115,0.4098081383812207,0.10916464573720105,0.8376788695052262,50.0,5.0,10.0,0.6171663816170876,-0.6023864993172884,0.6295492377576172,0.012382856140529586,-0.019600741862992193,-0.5851223781790371,22.611579449370435,-0.3118225385031866,-10.0,0.6110267134732501,-0.8858920286699258,0.6295492377576172,0.01852252428436707,-0.017593288076485206,-0.5851223781790371,50.0,-0.5268462803611101,-10.0,0.6270748267854696,-0.5816936192777515,0.6295492377576172,0.0024744109721476226,-0.008620943441802009,-0.5851223781790371,0.49380018338646064,-0.01934061614738999,-7.270118930677451
6.7700000000000005,0.6801744781425993,-3.6208935883841753,0.6235986008532177,-0.056575877289381626,-0.049191278225551416,-0.5950636904399453,-11.227982967582664,-0.10408989650474475,-4.856752233628613,0.18181122502836478,-5.262464800949502,0.4348989958358952,0.2530877708075304,0.15250111590113175,0.5573075343845879,50.0,0.45405557733586943,6.47854886446081,-0.5312540776941431,-2.195544807878122,-0.0910508622124035,0.44020321548173963,0.11378623237280626,0.8439629021737671,50.0,5.0,10.0,0.6110151093026733,-0.6151272314414271,0.6235986008532177,0.01258349155054439,-0.019413394224342607,-0.5950636904399453,20.961510432296436,-0.35702669674479265,-10.0,0.6026385513582795,-0.8388162114970661,0.6235986008532177,0.020960049494938238,-0.017299805960386116,-0.5950636904399453,50.0,-0.555371058823315,-10.0,0.6211409728649305,-0.5933853920539056,0.6235986008532177,0.002457627988287192,-0.008537028622713747,-0.5950636904399453,0.6550409796505094,-0.008224258550249301,-7.384040235696285
6.78,0.6451680310171782,-3.5006447125421105,0.6175494905007601,-0.0276185405164181,-0.04911739915946138,-0.6049110352457587,-9.56597446768962,-0.16542408348478038,-8.062452402120474,0.1310427173970054,-5.076850763135938,0.44031755363734454,0.30927483624033913,0.15610154933984874,0.5418557801449342,50.0,1.2160843179155139,10.0,-0.5110720848814526,2.0181992812690486,-0.08255372351456534,0.42851836136688726,0.11786959605834824,0.8497138697838136,50.0,5.0,10.0,0.6047473535634678,-0.6267755739205525,0.6175494905007601,0.012802136937292374,-0.019222695297577627,-0.6049110352457587,21.919119960688672,-0.32947631021154067,-10.0,0.5950746462424036,-0.7563905115875939,0.6175494905007601,0.022474844258356552,-0.016999418466643792,-0.6049110352457587,50.0,-0.5523655045164281,-10.0,0.6151206247830953,-0.6020348081835314,0.6175494905007601,0.0024288657176648742,-0.008452536484718746,-0.6049110352457587,0.6355959088899257,-0.025272548609510226,-7.3962456311685845
6.79,0.6113949296539879,-3.3773101363190343,0.6114028619248907,7.932270902788474e-06,-0.04877958882312045,-0.614662857586945,0.0,-0.21728085339586115,-10.0,0.08359366795787432,-4.744904943913108,0.4455796687086095,0.36198600075073517,0.1601958998417474,0.526211507126495,50.0,2.181763090070498,10.0,-0.45055032947455415,6.052175540689847,-0.07400444211554841,0.37654588735900574,0.1210298373778693,0.854928139901695,50.0,5.0,10.0,0.5983857472582413,-0.6361606305226379,0.6114028619248907,0.013017114666649343,-0.01902890808785887,-0.614662857586945,22.385291269459753,-0.34172848919734117,-10.0,0.5885674289138199,-0.6507217328583732,0.6114028619248907,0.022835433011070827,-0.016705991963247242,-0.614662857586945,50.0,-0.5308218507559229,-10.0,0.6090133066797041,-0.6107318103391212,0.6114028619248907,0.002389555245186581,-0.00836756775123297,-0.614662857586945,0.8658809803737169,-0.03618419939467192,-7.401569732235577
6.8,0.5788292728414931,-3.256565681249478,0.6051596857495174,0.026330412908024292,-0.04819062812591526,-0.6243176175373288,13.144594679873459,-0.252900235909816,-10.0,0.04165382694571563,-4.193984101215869,0.45068347144526244,0.4090296444995468,0.16470559469686447,0.5103802736652951,50.0,3.2686369919041773,10.0,-0.3553996771141963,9.515065236035786,-0.06540841792472449,0.2899912591894718,0.12297824344616044,0.8596024190823892,50.0,4.587347807937613,10.0,0.5919404015140985,-0.644534574414283,0.6051596857495174,0.013219284235418849,-0.018832261788063253,-0.6243176175373288,23.124097181990255,-0.3344168700640246,-10.0,0.5831911521834564,-0.5376276730363497,0.6051596857495174,0.021968533566060988,-0.016432543860283,-0.6243176175373288,50.0,-0.47437211027682546,-10.0,0.6028164801359522,-0.6196826543751858,0.6051596857495174,0.002343205613565158,-0.008282167429659797,-0.6243176175373288,0.49776218732163735,-0.022524980862670616,-7.383940926484445
6.8100000000000005,0.5474155174447335,-3.1413755396759595,0.5988209478445298,0.05140543039979628,-0.0473624362679497,-0.6338737904987624,28.266168156436617,-0.2653550799833688,-10.0,0.007985572512154204,-3.3668254433561424,0.45562714849049446,0.44764157597834026,0.1695186930009835,0.494367704523202,50.0,4.336622786290869,10.0,-0.234485350325788,12.09143267884083,-0.05677108037521208,0.1777142699505759,0.12354624287778211,0.8637337549512403,34.55283388595558,0.23498045302659634,6.474673792566487,0.585411204010522,-0.6529197503576549,0.5988209478445298,0.013409743834007726,-0.018632872374687415,-0.6338737904987624,23.571689337876,-0.345850888487713,-10.0,0.5788507217259683,-0.4340430457488115,0.5988209478445298,0.019970226118561474,-0.016189437294522505,-0.6338737904987624,49.511693682289774,-0.39560834769345593,-10.0,0.5965192389430253,-0.6297241192926981,0.5988209478445298,0.0023017089015044956,-0.008196177928715482,-0.6338737904987624,0.9853331176671275,-0.02932735514357339,-7.380142513750098
6.82,0.5170833276238794,-3.0332189820854087,0.5923876491701257,0.07530432154624622,-0.0463060711542787,-0.643329867440412,45.66609047442575,-0.28260570204551066,-10.0,-0.01435448589433553,-2.2340058406489733,0.4604089433793892,0.4747634292737247,0.17448972787778563,0.47817948888947415,50.0,5.0,10.0,-0.09939764094995482,13.508770937583316,-0.04809788499453985,0.05129975595541497,0.12270836334357794,0.8673195380672232,-50.0,-3.986799358383994,-10.0,0.5787834223113438,-0.6627781699178242,0.5923876491701257,0.01360422685878182,-0.018430552289107813,-0.643329867440412,24.511346772593573,-0.33702156886180384,-10.0,0.5752955785077787,-0.355514321818961,0.5923876491701257,0.01709207066234697,-0.01598296515571714,-0.643329867440412,34.47450312680737,-0.3474097232665053,-10.0,0.5901165208382533,-0.6402718104771944,0.5923876491701257,0.002271128331872374,-0.008109439464349038,-0.643329867440412,0.581277593335686,-0.04322908090196444,-7.420666294121537
6.83,0.48776007920192593,-2.932324842195347,0.5858608056187412,0.09810072641681528,-0.04503183140589101,-0.6526843551384442,50.0,-0.3125865688921507,-10.0,-0.022457915967905518,-0.8103430073569988,0.46502715716299287,0.4874850731308984,0.1794456129098303,0.4618213783603664,50.0,5.0,10.0,0.03633784991737274,13.573549086732754,-0.03939430995880387,-0.07573215987617661,0.1205936868361429,0.8703575035735974,50.0,-5.0,-10.0,0.5720354273681505,-0.6747994943193351,0.5858608056187412,0.013825378250590714,-0.01822481855716997,-0.6526843551384442,25.284794137366315,-0.3282716897405631,-10.0,0.5720217257877676,-0.32738527200111095,0.5858608056187412,0.013839079830973655,-0.01581183583020729,-0.6526843551384442,22.273193169552314,-0.23898416816803103,-10.0,0.5836175625636603,-0.6498958274593034,0.5858608056187412,0.0022432430550809457,-0.008022017451052299,-0.6526843551384442,0.6608879018640247,-0.008036766426299826,-7.453012471736711
6.84,0.4595224773387089,-2.8237601863217043,0.5792414478546366,0.11971897051592773,-0.04355226568209956,-0.6619357764104605,50.0,-0.3313654249334148,-10.0,-0.014385261910996108,0.807265405690941,0.4694801490119382,0.4838654109229343,0.18420354047849055,0.445299184894532,50.0,5.0,10.0,0.16216931531566903,12.58314653982963,-0.030665852632543907,-0.19283516794821293,0.1174070205026778,0.8728457326259986,50.0,-5.0,-10.0,0.5651469604442699,-0.6888466923880511,0.5792414478546366,0.014094487410366674,-0.018014989013827497,-0.6619357764104605,26.380991485427888,-0.3273046241287604,-10.0,0.568536916361865,-0.3484809425902553,0.5792414478546366,0.010704531492771618,-0.01566994242102055,-0.6619357764104605,13.18485487002022,-0.17874047286507805,-10.0,0.5770296112111302,-0.6587951352530084,0.5792414478546366,0.0022118366435064374,-0.007934019571091935,-0.6619357764104605,0.3633312089459684,-0.03840280835714325,-7.475277482577778
6.8500000000000005,0.4325787737645279,-2.694370357418094,0.572530621151135,0.13995184738660704,-0.041883310172491674,-0.6710826703501649,50.0,-0.34387242838194476,-10.0,0.010877994693953147,2.5263256604949254,0.47376633679942554,0.46288834210547236,0.18857979133349578,0.428618778748735,50.0,5.0,10.0,0.268200677881751,10.603136256608197,-0.021918026096485264,-0.29011870397823625,0.11344551983723462,0.8747826536058656,50.0,-5.0,-10.0,0.5581037744588734,-0.7043185985396542,0.572530621151135,0.014426846692261575,-0.017800288687050917,-0.6710826703501649,27.588119806931218,-0.33418491728744293,-10.0,0.5644323712899356,-0.41045450719293586,0.572530621151135,0.008098249861199336,-0.015547914471689262,-0.6710826703501649,8.304590920945351,-0.15772751172851032,-10.0,0.5703564772612261,-0.6673133949904094,0.572530621151135,0.002174143889908886,-0.007845546792693805,-0.6710826703501649,0.7484398206008508,-0.02597792067243787,-7.423190122647847
6.86,0.40735308761249484,-2.5225686152033076,0.5657293852255689,0.1583762976130741,-0.040047290334840606,-0.6801235925566029,50.0,-0.36340512240100925,-10.0,0.05325561817957293,4.237762348561978,0.4778841976633416,0.4246285794837687,0.19240230089347726,0.41178608639160785,50.0,5.0,10.0,0.34637657287997614,7.817589499822516,-0.013156355665368737,-0.35953292854534485,0.10906843160179892,0.876167043111653,50.0,-5.0,-10.0,0.5509027540236743,-0.7201020435199073,0.5657293852255689,0.014826631201894647,-0.01758001217067998,-0.6801235925566029,29.236754737519284,-0.3436490077834116,-10.0,0.5594086790788588,-0.5023692211076761,0.5657293852255689,0.006320706146710098,-0.015434470488111394,-0.6801235925566029,5.422682474588202,-0.13862379508383685,-10.0,0.5635767400446238,-0.6779737216602351,0.5657293852255689,0.0021526451809451563,-0.0077562229687183305,-0.6801235925566029,0.6169336550259027,-0.018153068714844768,-7.445212459512721
6.87,0.3844861975464003,-2.2866890066094543,0.5588388140719327,0.1743526165255324,-0.03807509526892434,-0.6890571153636227,50.0,-0.4044922003605333,-10.0,0.1116556777245763,5.840005954500336,0.4818322685473306,0.3701765908227543,0.19552006620625478,0.39480708839889633,50.0,4.815866053304018,10.0,0.3909998314481994,4.462325856822322,-0.004386375398028527,-0.39538620684622794,0.10466833694765441,0.8769980267340161,50.0,-5.0,-10.0,0.5435586096816863,-0.7344144341987929,0.5588388140719327,0.015280204390246355,-0.01735376868335764,-0.6890571153636227,30.925671697441775,-0.34217697929168056,-10.0,0.5532735029161822,-0.613517616267663,0.5588388140719327,0.005565311155750541,-0.015317465614927122,-0.6890571153636227,5.393035533342364,-0.14558939953693936,-10.0,0.5566947122508423,-0.6882027793781406,0.5588388140719327,0.0021441018210903717,-0.007665961672569613,-0.6890571153636227,1.0209787008572064,-0.016227911385481786,-7.528129479524353
6.88,0.3647692508159379,-1.971694673046236,0.5518599957912885,0.1870907449753506,-0.03600701835186621,-0.6978818280644172,50.0,-0.42686863471052106,-10.0,0.18416358666855193,7.250790894397564,0.4856091467206052,0.30144556005205325,0.19780944271733555,0.37768781732746004,50.0,3.8222781275972615,10.0,0.39915798638696587,0.8158154938766482,0.004386375398028014,-0.39477161098893787,0.10063903928837738,0.877275079605655,50.0,-5.0,-10.0,0.5361019555764475,-0.7456654105238864,0.5518599957912885,0.015758040214841063,-0.01712162174015684,-0.6978818280644172,32.69174570941699,-0.35996328006763006,-10.0,0.5459505486622984,-0.73229542538837,0.5518599957912885,0.0059094471289901085,-0.015185141601098384,-0.6978818280644172,6.598293041195295,-0.18103254890847484,-10.0,0.549737769315435,-0.6956942935407273,0.5518599957912885,0.0021222264758534726,-0.007575169978457005,-0.6978818280644172,0.47924071562392856,-0.02172419772927651,-7.522952288405559
6.890000000000001,0.34903336868108426,-1.5735882134853654,0.544794032419945,0.1957606637388607,-0.03389205289312906,-0.7065963371343575,50.0,-0.43559093318855785,-10.0,0.2682693254134568,8.410573874490488,0.48921349027633526,0.22094416486287843,0.1991778269785153,0.3604343555730083,50.0,2.6405341538739533,10.0,0.37101490948551397,-2.8143076901451884,0.013156355665370701,-0.35785855382014325,0.09734188451919046,0.8769980267342714,50.0,-5.0,-10.0,0.5285773876546612,-0.752456792178623,0.544794032419945,0.016216644765283728,-0.016884209613286138,-0.7065963371343575,34.671041763684165,-0.3574076690619826,-10.0,0.5374734527330243,-0.8477095929274155,0.544794032419945,0.007320579686920681,-0.015027164844936434,-0.7065963371343575,10.453640450766297,-0.1934117726999921,-10.0,0.5427005759210536,-0.7037193394381458,0.544794032419945,0.002093456498891366,-0.007483863479524277,-0.7065963371343575,0.5287290019648432,-0.015638456268973384,-7.509295744457106
6.9,0.33803454505685765,-1.0998823624226621,0.5376420397554303,0.1996074946985727,-0.03178598970990107,-0.7151992664514606,50.0,-0.43094447566197924,-10.0,0.3610725649069732,9.280323949351637,0.49264401860841855,0.13157145370144535,0.1995655091205946,0.34305283320832936,50.0,1.2821614461073068,8.83037839924822,0.30991229757217514,-6.110261191333883,0.021918026096487228,-0.2879942714756879,0.09507296792356698,0.876167043111653,50.0,-4.855827248510262,-10.0,0.5210380964422113,-0.7539291212449933,0.5376420397554303,0.016603943313219016,-0.01664277726802945,-0.7151992664514606,35.718090866080324,-0.36008920114883874,-10.0,0.5279864843424089,-0.9486968390615305,0.5376420397554303,0.009655555413021433,-0.014835739606900067,-0.7151992664514606,18.13510244938983,-0.2751508804718888,-10.0,0.5355747844572375,-0.7125791463816125,0.5376420397554303,0.0020672552981928494,-0.0073919330119041875,-0.7151992664514606,0.4415751269038514,-0.023302441401167953,-7.521619542073547
6.91,0.3323598118002885,-0.5674733256569156,0.5304051471802942,0.19804533538000568,-0.029748789023535317,-0.7236892575136156,50.0,-0.4061351820355958,-10.0,0.4594133847802171,9.834081987324387,0.4958995128664723,0.03648612808625523,0.1989469622027247,0.32554942580537705,-3.3379382929319883,-0.18013403738785497,-1.1679983312320843,0.22225420435291665,-8.765809321925849,0.030665852632543393,-0.19158835172037325,0.09403366533855582,0.8747826536056158,50.0,-1.7743817028283997,-10.0,0.5135275937758836,-0.7510502666327723,0.5304051471802942,0.01687755340441055,-0.016398896707322065,-0.7236892575136156,37.01857807696981,-0.35611383887844805,-10.0,0.5177475903328937,-1.0238894009515154,0.5304051471802942,0.012657556847400442,-0.01460677509833091,-0.7236892575136156,29.794918797354043,-0.3462188945103265,-10.0,0.5283613936729677,-0.7213390784269702,0.5304051471802942,0.00204375350732644,-0.007299361568988226,-0.7236892575136156,0.5205320961207349,-0.018135880253843505,-7.535615828765237
6.92,0.3323453406109501,-0.0014471189338393087,0.5230844974837667,0.19073915687281662,-0.02784125274291377,-0.7320649696527459,50.0,-0.36374654666331163,-10.0,0.5598384456333498,10.04250608531327,0.4989788163888887,-0.060859629244461144,0.19733411530174877,0.30793035224163656,50.0,-1.6988209318034864,-10.0,0.11721081812475624,-10.504338622816041,0.03939430995880336,-0.07781650816595288,0.0943059341191779,0.8728457326259972,-50.0,1.4076384214483353,10.0,0.5060816147658745,-0.7445979010009105,0.5230844974837667,0.017002882717892187,-0.016154408090043055,-0.7320649696527459,37.241309278453116,-0.35796994086356276,-10.0,0.5071274534282922,-1.0620136904601543,0.5230844974837667,0.01595704405547449,-0.01434100328873015,-0.7320649696527459,44.430725808868374,-0.3984310987478954,-10.0,0.5210622766983621,-0.7299116974605661,0.5230844974837667,0.0020222207854045937,-0.007206148191388124,-0.7320649696527459,0.4641057821274521,-0.018879718982468693,-7.548248926270007
6.93,0.338100412543395,0.5755071932444901,0.5156812466812977,0.17758083413790265,-0.026122995120859194,-0.7403250802469064,50.0,-0.3103104191847269,-10.0,0.6586628717984473,9.882442616509744,0.5018808351137886,-0.15678203668465873,0.1947780506732512,0.29020187248998686,50.0,-3.1995938818618814,-10.0,0.008786078532821914,-10.842473959193432,0.04809788499453935,0.03931180646171743,0.0957832995797144,0.8703575035735989,50.0,4.5283612290582145,10.0,0.49871418865123635,-0.7367426114638198,0.5156812466812977,0.01696705803006132,-0.01591106324859606,-0.7403250802469064,36.777878261104554,-0.3581151741931186,-10.0,0.49656853095421966,-1.0558922474072572,0.5156812466812977,0.01911271572707801,-0.014044286906718644,-0.7403250802469064,50.0,-0.44806831524722535,-10.0,0.5136786895273219,-0.7383587171040212,0.5156812466812977,0.0020025571539757925,-0.007112286748137963,-0.7403250802469064,0.470831547767737,-0.02115168821508898,-7.550891263035757
6.94,0.34927571522973405,1.1175302686339061,0.508196563832011,0.1589208486022769,-0.024645539661699814,-0.7484682849286717,50.0,-0.23021599994870398,-10.0,0.7523854529830153,9.372258118456802,0.504604537967738,-0.24778091501527733,0.19136301571125275,0.27237028539494057,50.0,-4.543075923184761,-10.0,-0.09169805948041333,-10.048413801323525,0.056771080375214014,0.14846913985562735,0.09827283235840303,0.8673195380674653,50.0,5.0,10.0,0.4914084511352128,-0.7305737516023523,0.508196563832011,0.01678811269679814,-0.015670124746467843,-0.7484682849286717,36.10145192356259,-0.32305297338341926,-10.0,0.4864763261045737,-1.0092204849645974,0.508196563832011,0.021720237727437253,-0.013726162480947813,-0.7484682849286717,50.0,-0.47089031411302956,-10.0,0.5062085682115763,-0.7470121315745583,0.508196563832011,0.0019879956204346128,-0.0070177055787761615,-0.7484682849286717,0.42188070207349426,-0.014154775563483143,-7.572583203286858
6.95,0.3651097371946607,1.5834021964926657,0.5006316308540948,0.13552189365943407,-0.02344866094475474,-0.7564932977916161,50.0,-0.1337083904552414,-10.0,0.8374827116930768,8.509725871006143,0.5071489572320809,-0.3303337544609959,0.18720870557954217,0.2544419264342901,50.0,-5.0,-10.0,-0.17228124092254737,-8.058318144213402,0.06540841792472399,0.23768965884727136,0.1014555607612971,0.8637337549509988,50.0,5.0,10.0,0.48412952043689306,-0.7278930698319778,0.5006316308540948,0.016502110417201732,-0.01543231433531263,-0.7564932977916161,35.155437299319544,-0.3283270231080017,-10.0,0.4771278717241193,-0.9348454380454394,0.5006316308540948,0.023503759129975488,-0.013397640345843514,-0.7564932977916161,50.0,-0.47184588039812086,-10.0,0.49865748103020013,-0.7551087181376186,0.5006316308540948,0.0019741498238946553,-0.006922453208723453,-0.7564932977916161,0.044312872210872746,-0.011551115734109729,-7.579756168595016
6.96,0.38438396941687525,1.927423222221454,0.49298764233816084,0.10860367292128559,-0.02255536653776403,-0.7643988515933953,31.13052331970508,-0.0768519992821478,-8.960108152958963,0.9107041837219025,7.322147202882578,0.509513188886769,-0.40119099483513354,0.1824645809109026,0.23642316546881315,50.0,-5.0,-10.0,-0.2225623847683451,-5.028114384579773,0.07400444211554791,0.296566826883893,0.104924040468594,0.8596024190823948,50.0,5.0,10.0,0.47682821293370736,-0.7301307503185674,0.49298764233816084,0.016159429404453474,-0.015197706966236239,-0.7643988515933953,31.989345838197362,-0.3043265404497752,-10.0,0.468699048419102,-0.8428823305017314,0.49298764233816084,0.024288593919058854,-0.013070466173602753,-0.7643988515933953,50.0,-0.45779938538238524,-10.0,0.49102544782233204,-0.7632033207868075,0.49298764233816084,0.0019621945158287968,-0.006826510931486484,-0.7643988515933953,0.37225922080890494,-0.027592003384329974,-7.654212618245189
6.97,0.4053704134441771,2.098644402730188,0.4852658053586065,0.07989539191442935,-0.021966277058892755,-0.7721836979554364,-5.745946121837388,0.01861490514397092,2.358669766612473,0.9693501171055335,5.864593338363095,0.5116963929315531,-0.4576537241739804,0.17730158433532645,0.2183204044784115,50.0,-5.0,-10.0,-0.23506287190829958,-1.2500487139954468,0.08255372351456484,0.3176165954228644,0.10822521129422219,0.854928139901695,50.0,5.0,10.0,0.469431131706816,-0.7397081226891348,0.4852658053586065,0.015834673651790476,-0.014965389417449421,-0.7721836979554364,31.75157778428267,-0.30533841714418214,-10.0,0.4612442885589996,-0.7454759860102348,0.4852658053586065,0.024021516799606846,-0.01275570340700566,-0.7721836979554364,50.0,-0.3840090508456772,-10.0,0.48334018315291477,-0.7685264669417291,0.4852658053586065,0.0019256222056917016,-0.006730402062735395,-0.7721836979554364,0.8138903386271257,0.053658981194113886,-7.592472988296407
6.98,0.425759058983636,2.038864553945885,0.4774673392830074,0.05170828029937141,-0.021653080711293626,-0.7798466075599086,-20.062120735212208,0.0628665416525988,10.0,1.0115083249146095,4.215820780907598,0.513697793684431,-0.4978105312301785,0.1719018969449339,0.20014007528779132,50.0,-5.0,-10.0,-0.20632278911267185,2.8740082795627733,0.09105086221240301,0.2973736513250749,0.11091154697951666,0.8497138697838191,50.0,5.0,10.0,0.46189436743125284,-0.753676427556313,0.4774673392830074,0.015572971851754547,-0.014734292056176244,-0.7798466075599086,32.18242068613641,-0.3073919450268735,-10.0,0.454691316369076,-0.6552972189923623,0.4774673392830074,0.022776022913931382,-0.01246241345596711,-0.7798466075599086,50.0,-0.37126055525326773,-10.0,0.4755745509814435,-0.7765632171471248,0.4774673392830074,0.0018927883015638636,-0.006633817858005044,-0.7798466075599086,0.6159209886426155,-0.05121301244324564,-7.587250041287564
6.99,0.44343285863762416,1.7673799653988167,0.46959347557955744,0.02616061694193328,-0.021568212538414174,-0.7873863703449946,-18.660325562225424,0.1577117518535929,10.0,1.0362879142443087,2.477958932969912,0.5155166800572459,-0.5207712341870627,0.1664463887097663,0.18188863728149096,50.0,-5.0,-10.0,-0.1374537887785481,6.886900033412374,0.09949049123414065,0.23694428001268875,0.11259229977630231,0.8439629021737616,50.0,5.0,10.0,0.4541830540948375,-0.7711313336415344,0.46959347557955744,0.015410421484719938,-0.014503074707964891,-0.7873863703449946,31.273648171129693,-0.28976593917290205,-10.0,0.44885308355743153,-0.5838232811644468,0.46959347557955744,0.02074039202212591,-0.012196627207629407,-0.7873863703449946,50.0,-0.3170198586458012,-10.0,0.4677239357812081,-0.7850615200235425,0.46959347557955744,0.0018695397983493622,-0.0065366163080191955,-0.7873863703449946,0.4866225318180501,-0.01988936109635001,-7.559874149161258
7.0,0.456784549342115,1.3351690704490822,0.46164545762261433,0.004860908280499343,-0.02165312036265409,-0.794801795694311,-5.5685645280736935,0.17656049972375717,10.0,1.0437989672955568,0.7511053051248169,0.5171524058083297,-0.5266465614872271,0.16110481256438156,0.16357257510837275,50.0,-5.0,-10.0,-0.03408293871899981,10.33708500595483,0.10786727992919291,0.14195021864819274,0.11297809346218876,0.8376788695052262,50.0,2.05073248323315,10.0,0.44625568655083164,-0.7927367544005838,0.46164545762261433,0.015389771071782687,-0.014269903321807005,-0.794801795694311,30.908756348691888,-0.30340404029475637,-10.0,0.44345443309287685,-0.5398650464554688,0.46164545762261433,0.018191024529737476,-0.011960730457686485,-0.794801795694311,41.39754664446223,-0.2662841075602634,-10.0,0.4597748037392098,-0.7949132041998281,0.46164545762261433,0.001870653883404516,-0.006438418448765167,-0.794801795694311,0.4201490506268981,-0.007040498267004071,-7.625119175415356
7.01,0.4646429717165912,0.7858422374476187,0.45362454049634876,-0.01101843122024243,-0.021841888898601274,-0.802091712626557,10.956397864014676,0.1906496175789626,10.0,1.0348862777989107,-0.8912689496646125,0.5186043897721119,-0.5162818880267989,0.15603112057908003,0.14519839637822107,50.0,-4.370578874431696,-10.0,0.09428798702544319,12.8370925744443,0.11617593733827936,0.021887950312836163,0.11191326370787269,0.8308657409086442,-41.8007427335484,-2.1879988399322206,-10.0,0.4380837900785832,-0.8171896472248424,0.45362454049634876,0.015540750417765536,-0.014032776852906865,-0.802091712626557,32.76810191970422,-0.2866229885487971,-10.0,0.43808153391942206,-0.5372899173454773,0.45362454049634876,0.015543006576926699,-0.01175157140018267,-0.802091712626557,31.746494750256236,-0.2269492478715372,-10.0,0.45175268500534,-0.8022118733869835,0.45362454049634876,0.001871855491008767,-0.006339478706516382,-0.802091712626557,0.20576289412611437,-0.011043202285664846,-7.673346867330777
7.0200000000000005,0.4663694986031314,0.17265268865402605,0.4455319907965552,-0.020837507806576228,-0.02206752924553244,-0.8092549699793561,19.46511782846831,0.20666449045667346,10.0,1.0109300179652234,-2.3956259833687215,0.5198721160656044,-0.49105790189961906,0.15136010415842072,0.1267726293492477,50.0,-3.6353786214764594,-10.0,0.23342813901493736,13.914015198949418,0.12441121553529763,-0.10901692347963973,0.10943169295318135,0.8235278197018275,50.0,-5.0,-10.0,0.4296651781788974,-0.8418611899685859,0.4455319907965552,0.01586681261765782,-0.01378992260773343,-0.8092549699793561,33.535619078544016,-0.2981346694895203,-10.0,0.43236572780143906,-0.571580611798298,0.4455319907965552,0.01316626299511614,-0.011562750709051679,-0.8092549699793561,22.285705230761973,-0.19021770777822716,-10.0,0.443676495314696,-0.8076189690643975,0.4455319907965552,0.001855495481859204,-0.00624016185479135,-0.8092549699793561,0.5663763855598051,-0.012675607863510267,-7.632187867081018
7.03,0.4619506616993248,-0.44188369038065967,0.4373690864306452,-0.0245815752686796,-0.022269156629181167,-0.8162904365909995,19.704145213398643,0.1577264693563218,10.0,0.9731282224544333,-3.7801795510790126,0.5209551342716909,-0.4521730881827424,0.1472163912317012,0.10830182060865834,50.0,-2.9860734885470617,-8.751701541049615,0.3703493020102355,13.692116299529816,0.13256791294202844,-0.2377813890682071,0.10568466743254629,0.8156697406730806,50.0,-5.0,-10.0,0.42100638727211803,-0.8658790906779323,0.4373690864306452,0.016362699158527172,-0.013539707707080365,-0.8162904365909995,36.21891057515781,-0.3043889141974706,-10.0,0.4260023061860924,-0.6363421615346639,0.4373690864306452,0.011366780244552788,-0.011385448690452684,-0.8162904365909995,17.565158781183694,-0.18805314068274995,-10.0,0.43552776402277926,-0.8148731291916754,0.4373690864306452,0.0018413224078659418,-0.0061402613177935226,-0.8162904365909995,0.43478603173693764,-0.016592866368457387,-7.684350580030727
7.04,0.4519448431474077,-1.000581855191711,0.4291371164158434,-0.022807726731564282,-0.02239717571097764,-0.8231970014801804,13.438511324879197,0.1369756247527214,10.0,0.9226543019158873,-5.047392053854607,0.5218530595991603,-0.400801242316727,0.1437131180139194,0.0897925327469351,50.0,-2.3323530087067486,-5.833935422407807,0.4921176609321425,12.176835892190697,0.14064087761356625,-0.35147678331857624,0.10095221601014147,0.8072964671537841,50.0,-5.0,-10.0,0.41214973866404636,-0.8856648608071682,0.4291371164158434,0.01698737775179704,-0.013281267443481678,-0.8231970014801804,38.86673390352786,-0.30340553914539775,-10.0,0.4188225843674959,-0.7179721818596522,0.4291371164158434,0.01031453204834748,-0.011210506151783244,-0.8231970014801804,16.165211603703646,-0.19051718796460934,-10.0,0.4273266541164449,-0.8201109906334381,0.4291371164158434,0.0018104622993985187,-0.006040145595736193,-0.8231970014801804,0.20098743067062116,-0.015012700953321028,-7.619727232007087
7.05,0.4373656431541202,-1.4579199993287482,0.42083738067564547,-0.01652826247847472,-0.022416666335829512,-0.8299735740197933,6.780332587614969,0.10863118606361079,10.0,0.8607678847217173,-6.188641719417003,0.5225655730194189,-0.3382023117022984,0.1409499590688381,0.07125134202585759,50.0,-1.6917816039657367,-3.3987808320771533,0.5872664960441992,9.51488351120567,0.14862501049238885,-0.4386414855518104,0.09561431280350279,0.7984132878822603,50.0,-5.0,-10.0,0.40315987019597205,-0.8989868468074288,0.42083738067564547,0.01767751047967342,-0.013014593654004201,-0.8299735740197933,41.92070602515554,-0.3052425189120936,-10.0,0.41077157768850286,-0.8051006678993039,0.42083738067564547,0.010065802987142602,-0.011029338055121888,-0.8299735740197933,16.93921891556868,-0.15888146971450953,-10.0,0.41904326852572227,-0.8283385590722602,0.42083738067564547,0.0017941121499231993,-0.005939370618329735,-0.8299735740197933,0.7969091510565436,-0.015237134883687532,-7.627157318680219
7.0600000000000005,0.419463678732011,-1.7901964422109193,0.412471189834536,-0.006992488897475002,-0.02230757158058317,-0.8366190841109455,1.1151216942685442,0.058239898349380564,6.652883761621323,0.7890547276287906,-7.171315709292669,0.5230924213798414,-0.26596230624894923,0.13900746757727786,0.05268483604224938,50.0,-1.0155777210249084,-1.5678307517707566,0.6468510755546848,5.958457951048558,0.15651526862904516,-0.4903358069256396,0.09011510893914154,0.7890258136656336,50.0,-5.0,-10.0,0.39412467452849104,-0.9035195667481007,0.412471189834536,0.018346515306044975,-0.012740776544268941,-0.8366190841109455,44.92480419755614,-0.30952975562722357,-10.0,0.40188475441904653,-0.8886823269456311,0.412471189834536,0.010586435415489481,-0.01083460546827243,-0.8366190841109455,19.071542961164702,-0.18634912642192847,-10.0,0.41067964421509556,-0.8363624310626714,0.412471189834536,0.0017915456194404489,-0.005837818919029064,-0.8366190841109455,0.2766881210838035,-0.01850591700580877,-7.663867489217979
7.07,0.399562200837351,-1.9901477894659998,0.40403986501103506,0.0044776641736840594,-0.02206378015989973,-0.8431324823500952,-1.1597360519053592,0.0031772802947512414,0.8949408256055964,0.7096478314193209,-7.940689620946976,0.5234334174937139,-0.186214413925607,0.1379393924001165,0.034099611387250484,42.30995758282017,-0.33120709677415994,-0.3155458611860804,0.6652578893320844,1.8406813777399584,0.16430666836738103,-0.5009512209647033,0.08492152859172052,0.7791399738335869,50.0,-5.0,-10.0,0.3851408429638228,-0.8983831564668256,0.40403986501103506,0.018899022047212277,-0.012461948008150136,-0.8431324823500952,47.5198842355679,-0.30756612606835415,-10.0,0.3922643762333555,-0.9620378185691028,0.40403986501103506,0.011775488777679533,-0.010620646798638724,-0.8431324823500952,24.290796544016075,-0.2192723951590586,-10.0,0.40225017735804053,-0.8429466857055052,0.40403986501103506,0.0017896876529945316,-0.005735627373928568,-0.8431324823500952,0.015697879774777386,-0.013596369071687094,-7.699044267519367
7.08,0.3788072742536517,-2.0754926583699342,0.39554473760906894,0.01673746335541726,-0.021688856260508566,-0.8495127401966118,1.503513124248103,-0.040473665913947,-4.11038150700711,0.6253297656392363,-8.431806578008457,0.5235884402067409,-0.10174132543249537,0.13776515980359239,0.015502271302703097,-29.173438943283813,0.3940121699719581,0.17713852793335633,0.6406797103550861,-2.4578178976998295,0.17199428849232767,-0.4686854218627584,0.08048045616286292,0.7687620124946615,50.0,-5.0,-10.0,0.3762950461830405,-0.8845796780782278,0.39554473760906894,0.019249691426028448,-0.01218099312608203,-0.8495127401966118,48.2057596860689,-0.34434497598927777,-10.0,0.3820718032893304,-1.0192572944025133,0.39554473760906894,0.013472934319738561,-0.010383991726001088,-0.8495127401966118,31.419225083843745,-0.23649157964778916,-10.0,0.39376902806472036,-0.8481149293320173,0.39554473760906894,0.0017757095443485804,-0.005633058785551881,-0.8495127401966118,0.34560897682432457,-0.017958387706319717,-7.681949023447948
7.09,0.3580148996837037,-2.0792374569947993,0.3869871491077356,0.02897224942403187,-0.021191210020568767,-0.8557588501333369,7.809606677126596,-0.061809778896807305,-9.089836966752364,0.5395334535791732,-8.579631206006304,0.5235574344400905,-0.015976019139082642,0.1384633627328022,-0.0031005766650382682,-12.436709193263782,1.0587379359943498,-0.0947529833954238,0.5752036176896453,-6.54760926654407,0.179573273338238,-0.3956303443514073,0.07717891364600325,0.7578984845910353,50.0,-5.0,-10.0,0.36763333708058726,-0.8661709102453218,0.3869871491077356,0.01935381202714831,-0.011900837914786013,-0.8557588501333369,47.529307496356395,-0.304137017278587,-10.0,0.3715063058654598,-1.0565497423870587,0.3869871491077356,0.015480843242275777,-0.010123528319339624,-0.8557588501333369,40.97079152068856,-0.2754141732804671,-10.0,0.3852275389679891,-0.8541489096731254,0.3869871491077356,0.0017596101397464592,-0.005530047793187103,-0.8557588501333369,0.27350823073584835,-0.03242344231426178,-7.6685785842271335
7.1000000000000005,0.3377329367383537,-2.0281962945349985,0.3783684508494595,0.04063551411110583,-0.02058203525000421,-0.8618698258276047,16.674470728796628,-0.08454528935894433,-10.0,0.45561613032961473,-8.391732324955843,0.5233404112099642,0.06772428088034949,0.13997977877410125,-0.021702323012628977,50.0,1.591338322485617,-0.9782942553583825,0.47463525185796324,-10.05683658316821,0.1870388358558421,-0.28759641600212116,0.07530863314429885,0.7465562517604107,50.0,-3.2310594014264953,-10.0,0.35915529505278976,-0.8478042027797495,0.3783684508494595,0.019213155796669767,-0.011623925936541341,-0.8618698258276047,46.790516999628096,-0.2834164001802377,-10.0,0.3608019380095398,-1.0704367855920003,0.3783684508494595,0.017566512839919723,-0.009840819512381227,-0.8618698258276047,50.0,-0.28355735464312204,-10.0,0.3766180111597513,-0.8609527808237811,0.3783684508494595,0.0017504396897082275,-0.005426448118207643,-0.8618698258276047,0.3675157796660712,-0.01206117297052815,-7.700760498853411
7.11,0.3184390588809288,-1.9293877857424855,0.3696900038266093,0.0512509449456805,-0.019876587021973154,-0.86784470228502,29.706400016464084,-0.11622314728891553,-10.0,0.37695279824172345,-7.866333208789126,0.522937447623682,0.14598464938195854,0.14222625858879975,-0.04029635862822234,50.0,1.9423877831612564,-2.197296006841229,0.3478802496873489,-12.675500217061433,0.1943862606358415,-0.15349398905150738,0.07504124327548992,0.734742477999939,50.0,-0.30931052331126296,-10.0,0.3508258141049902,-0.8329480947799587,0.3696900038266093,0.01886418972161913,-0.011351989229847153,-0.86784470228502,45.20416615158792,-0.27171032340278845,-10.0,0.35018931636997785,-1.061262163956197,0.3696900038266093,0.01950068745663147,-0.009539686421419294,-0.86784470228502,50.0,-0.29430488283585077,-10.0,0.3679531622176941,-0.8664848942057228,0.3696900038266093,0.0017368416089152405,-0.005322431212697919,-0.86784470228502,0.40014607647686357,-0.011028879752527435,-7.6944531668044664
7.12,0.3007617425729391,-1.7677316307989723,0.3609531784665724,0.060191435893633294,-0.019097899499956925,-0.8736825360036948,44.50093723614009,-0.1402176627340461,-10.0,0.30628160821929407,-7.067119002242938,0.5223486868522876,0.21606707863299357,0.14509364127535399,-0.05887607713943588,50.0,2.093455040497665,-3.3740585590136694,0.2062497547418858,-14.163049494546307,0.2016109068872648,-0.004638847854621014,0.07641115974639834,0.72246462514233,-16.280189277565754,2.6604817660604145,10.0,0.3425712243603588,-0.8254589744631371,0.3609531784665724,0.01838195410621357,-0.011085623791338704,-0.8736825360036948,42.98886953831481,-0.2598827347053887,-10.0,0.33978337133853076,-1.0405945031447104,0.3609531784665724,0.021169807128041618,-0.009223928899824407,-0.8736825360036948,50.0,-0.29629569610835266,-10.0,0.35922833636796936,-0.872482584972473,0.3609531784665724,0.0017248420986030188,-0.005217934533214641,-0.8736825360036948,0.3739310366559469,-0.010215981612327582,-7.701018114042772
7.13,0.28549284309970063,-1.526889947323846,0.3521593544153524,0.06666651131565177,-0.01827854539206802,-0.8793824051219978,50.0,-0.15606624852710196,-10.0,0.24509931507400348,-6.118229314529059,0.5215743380796795,0.27647502300567595,0.14847021443686365,-0.07743487726081799,50.0,2.0165918375546266,-4.201444824812547,0.0642159764347239,-14.20337783071619,0.2087082113686929,0.14449223493396898,0.07927641987880964,0.7097304481428091,50.0,5.0,10.0,0.3342946190668939,-0.8276605293464904,0.3521593544153524,0.017864735348458505,-0.010824210384919469,-0.8793824051219978,40.44654386221606,-0.2424666460539744,-10.0,0.32965281413308617,-1.0130557205444595,0.3521593544153524,0.02250654028226623,-0.008897557924947298,-0.8793824051219978,50.0,-0.3024535852595655,-10.0,0.3504445228208174,-0.8783813547151956,0.3521593544153524,0.0017148315945350046,-0.005112948081797771,-0.8793824051219978,0.5165965838649718,-0.008276632983533837,-7.705997629654922
7.140000000000001,0.2732464580895932,-1.2246385010107437,0.34330992031970947,0.07006346223011628,-0.017455446919665784,-0.8849434095642927,50.0,-0.17488130118436837,-10.0,0.1936494579804366,-5.144985709356689,0.5206146764282893,0.3269652184478527,0.15225436519227784,-0.09596616513901646,50.0,1.8560523921725252,-4.744104071284513,-0.06500264474925688,-12.921862118398078,0.21567369127049194,0.28067633601974884,0.08337536945084693,0.6965479901799077,50.0,5.0,10.0,0.32589439847802176,-0.8400220588872108,0.34330992031970947,0.01741552184168771,-0.01056605296061387,-0.8849434095642927,40.08095663650707,-0.2054317077457327,-10.0,0.31985918569445004,-0.9793628438636146,0.34330992031970947,0.02345073462525943,-0.008565114294308342,-0.8849434095642927,50.0,-0.2745649121969251,-10.0,0.34160234929144945,-0.8842173529367943,0.34330992031970947,0.0017075710282600243,-0.005007450636221491,-0.8849434095642927,0.5235498148666219,-0.00691169587594175,-7.706281761494471
7.15,0.26430794149825426,-0.8938516591338903,0.33440627360787445,0.07009833210962019,-0.016665078432656195,-0.8903646711835023,50.0,-0.15554672775790915,-10.0,0.1511703434295283,-4.247911455090829,0.5194700428613325,0.3682996994318042,0.15636215333210496,-0.11446335669568208,50.0,1.7120900519009365,-5.013209014425292,-0.16895376069097318,-10.39511159417163,0.22250294704626405,0.39145670773723723,0.08832944768763647,0.6829255775772147,50.0,5.0,10.0,0.3173039610867707,-0.8590437391251061,0.33440627360787445,0.017102312521103724,-0.010309125461490324,-0.8903646711835023,37.53745053504584,-0.21844708109616393,-10.0,0.310435663921522,-0.9423521772928043,0.33440627360787445,0.02397060968635245,-0.008231172979715536,-0.8903646711835023,50.0,-0.28440078628630044,-10.0,0.3327005308359396,-0.8901818455509869,0.33440627360787445,0.0017057427719348595,-0.004901375023947044,-0.8903646711835023,0.5557157581851137,-0.005868391903795126,-7.720381053437572
7.16,0.25862641329778274,-0.56815282004715,0.32544982026887626,0.06682340697109351,-0.015940029080940544,-0.8956453338998194,50.0,-0.15642790020963554,-10.0,0.11646663407401417,-3.470370935551412,0.518140844061665,0.4016742099876509,0.16072593252553663,-0.13291987996674193,50.0,1.7191765467349263,-5.747394209042043,-0.2372357524523666,-6.828199176139345,0.2291916651916871,0.4664274176440537,0.09367654178169095,0.6688718145423045,50.0,5.0,10.0,0.30845893329008306,-0.8845027796687691,0.32544982026887626,0.016990886978793196,-0.010050766313735514,-0.8956453338998194,37.681460153944776,-0.21506972772737482,-10.0,0.3013831712027091,-0.9052492718812946,0.32544982026887626,0.02406664906616718,-0.007899981561865737,-0.8956453338998194,50.0,-0.2852719613425912,-10.0,0.32374468356036507,-0.8955847275574533,0.32544982026887626,0.0017051367085111901,-0.004794765184106187,-0.8956453338998194,-0.1961583565191319,-0.027496560016467757,-7.785730369581482
7.17,0.2559321768321834,-0.26942364655993717,0.3164419746305236,0.060509797798340204,-0.015307988738301147,-0.9007845638352663,47.44168315529859,-0.11252469317245613,-10.0,0.08853051978490784,-2.7936114289106326,0.5166275522872913,0.42809703250238346,0.16528626399345153,-0.15132917743737595,50.0,1.9549152102817031,-7.0799825708557265,-0.2626898197066474,-2.545406725428079,0.2357356209690184,0.4984254406756658,0.09891533686099042,0.6543955777331301,50.0,5.0,10.0,0.2993442530943284,-0.9114680195754673,0.3164419746305236,0.01709772153619521,-0.009788642296416017,-0.9007845638352663,38.82062959616209,-0.2323661684267824,-10.0,0.2926681466288004,-0.8715024573908645,0.3164419746305236,0.023773828001723174,-0.007575093036109418,-0.9007845638352663,50.0,-0.22827059413337783,-10.0,0.31476380364690354,-0.8980879913461499,0.3164419746305236,0.0016781709836200531,-0.004688174675135371,-0.9007845638352663,0.4936735770741832,-0.021994837003348512,-7.721439447225646
7.18,0.25587240013602813,-0.005977669615522929,0.3073841591360637,0.05151175900003557,-0.01479227338133924,-0.9057815494459887,34.51765020727789,-0.10270512537970236,-10.0,0.06701289382819162,-2.151762595671622,0.5149307052035725,0.4479178113753809,0.1699806183667725,-0.16968470837187555,50.0,2.4445266149637166,-9.72360436950299,-0.242280341213076,2.0409478493571385,0.24213068107553168,0.48441102228860766,0.10355535229894078,0.6395060106513251,50.0,5.0,10.0,0.28997748479645397,-0.936676829787443,0.3073841591360637,0.01740667433960974,-0.009520907870041175,-0.9057815494459887,40.600782099333294,-0.22355007021976492,-10.0,0.28422543121295807,-0.8442715415842368,0.3073841591360637,0.023158727923105638,-0.007259078602719938,-0.9057815494459887,50.0,-0.22181344618578488,-10.0,0.3057270612332762,-0.9036742413627318,0.3073841591360637,0.0016570979027875077,-0.004581236271971223,-0.9057815494459887,0.18496098334443822,-0.009267174609046618,-7.7069936689895515
7.19,0.2580837411859266,0.22113410498984515,0.2982778041195661,0.04019406293363953,-0.014412446162501827,-0.9106355016497591,20.225482902299213,-0.0782982781411274,-10.0,0.052460999447648385,-1.4551894380543233,0.5130509056921987,0.4605899062445503,0.17473203637302342,-0.18797995113738475,50.0,3.1173195744737967,-10.0,-0.17747498179691598,6.4805359416160035,0.24837280625419206,0.425847788051108,0.10716577658529026,0.6242125178660352,50.0,5.0,10.0,0.2804025362243649,-0.9574948572089088,0.2982778041195661,0.01787526789520122,-0.009246405705368272,-0.9106355016497591,42.67964886785806,-0.22593903422574474,-10.0,0.27596739994840874,-0.8258031264549347,0.2982778041195661,0.022310404171157372,-0.006953394248362872,-0.9106355016497591,50.0,-0.21131320516778782,-10.0,0.296626070474738,-0.910099075853819,0.2982778041195661,0.001651733644828124,-0.00447370902793756,-0.9106355016497591,0.4105287330099716,-0.011968489636636144,-7.729663157723637
7.2,0.26220384856360185,0.41201073776752806,0.2891243475800533,0.026920499016451438,-0.014184442246114065,-0.9153456539512828,8.165909245993097,-0.036671690388987044,-10.0,0.04628822808289334,-0.6172771364755048,0.5109888216369848,0.46470059355409143,0.1794407700222119,-0.20620840552139086,50.0,3.8449947578777945,-10.0,-0.0740290653069584,10.344591648995758,0.2544580538449486,0.328487119151907,0.10941618861190977,0.6085247590756515,50.0,4.9004806345304175,10.0,0.27068283964175444,-0.9719696582610469,0.2891243475800533,0.01844150793829885,-0.008964793660159178,-0.9153456539512828,45.05875908781599,-0.22238292630222858,-10.0,0.26779679784626065,-0.81706021021481,0.2891243475800533,0.02132754973379264,-0.006658412730003464,-0.9153456539512828,50.0,-0.18532425450220041,-10.0,0.2874711654628989,-0.9154905011839057,0.2891243475800533,0.0016531821171543726,-0.004365628156647624,-0.9153456539512828,0.3761082633862428,0.0013020200579434108,-7.721892602827162
7.21,0.26780013549086273,0.5596286927260874,0.27992523495442173,0.012125099463558997,-0.014119154120751085,-0.9199112625631556,1.6367981818362987,-0.04293961789756727,-4.576688257017277,0.05051629208592544,0.42280640030321015,0.5087451856865765,0.458228893600651,0.1839807783181881,-0.22436359504083292,50.0,4.462020433639724,-10.0,0.058750333226552834,13.277939853351123,0.26038258027499545,0.20163224704844263,0.11010471709705909,0.5924526430046873,50.0,0.6562511564011189,10.0,0.26089646208172157,-0.9786377560032852,0.27992523495442173,0.01902877287270016,-0.008676642155831847,-0.9199112625631556,48.61227689285351,-0.22736603462702012,-10.0,0.2596215620594806,-0.817523578678001,0.27992523495442173,0.020303672894941116,-0.006373623643186253,-0.9199112625631556,50.0,-0.16790064112959396,-10.0,0.27825860579040734,-0.9212559672491589,0.27992523495442173,0.0016666291640143882,-0.004256836268282565,-0.9199112625631556,0.33749579442849054,-0.0030132484598382517,-7.810643838577515
7.22,0.27414356148337227,0.6343425992509522,0.2706819188891934,-0.0034616425941788598,-0.01421720480661797,-0.9243316065228324,0.24977002761317618,0.02120656553200441,3.7045709725730354,0.06728668702248249,1.6770394936557047,0.5063207949941444,0.4390341079716619,0.18820341544853914,-0.24243906924320546,50.0,4.851553177166776,-10.0,0.2090357230062042,15.028538977965136,0.2661426434864582,0.05710692048025401,0.10917293240406512,0.5760063211462774,-50.0,-3.512854658863727,-10.0,0.25113947190910013,-0.9756990172621423,0.2706819188891934,0.019542446980093275,-0.0083836477843047,-0.9243316065228324,50.0,-0.2162221699915455,-10.0,0.25136873806364707,-0.8252823995833555,0.2706819188891934,0.01931318082554634,-0.006097963594972454,-0.9243316065228324,50.0,-0.1611792063669838,-10.0,0.26903112187497047,-0.9227483915436879,0.2706819188891934,0.0016507970142229378,-0.004148053458985967,-0.9243316065228324,0.49252517773127247,-0.008201873605795374,-7.758714740790833
7.23,0.28016045589901645,0.6016894415644174,0.2613958590111294,-0.018764596887887064,-0.014465019719653282,-0.9286059878064024,5.783770124131223,0.05992623552626439,10.0,0.09836023234386279,3.1073545321380305,0.5037165109341566,0.4053562785902938,0.19194624278122827,-0.2604284059987805,50.0,4.797054295147801,-10.0,0.361872740145044,15.283701713883978,0.2717346052999515,-0.09013813484509248,0.10674318088422578,0.5591961813493307,50.0,-5.0,-10.0,0.2414820949941307,-0.9657376914969433,0.2613958590111294,0.01991376401699868,-0.00808793637498502,-0.9286059878064024,50.0,-0.2158994596012058,-10.0,0.2430118994773171,-0.8356838586329965,0.2613958590111294,0.018383959533812277,-0.005830555613771032,-0.9286059878064024,49.28161218744438,-0.1556230831146216,-10.0,0.2597636156350437,-0.9267506239926768,0.2613958590111294,0.0016322433760856958,-0.004039055962825842,-0.9286059878064024,0.2601261122392667,-0.005624999265106959,-7.74768985930007
7.24,0.2848072385287908,0.4646782629774344,0.2520685216967293,-0.03273871683206153,-0.01483887471427164,-0.9327337314400108,14.919628316262994,0.06593185515539708,10.0,0.1441728726600937,4.581264031623092,0.5009332587963401,0.3567603861362464,0.1950557202394284,-0.2783252137816494,50.0,4.30730990903406,-10.0,0.5049784876136112,14.310574746856714,0.27715493371254096,-0.22782355390107023,0.10303388787052942,0.5420328412589437,50.0,-5.0,-10.0,0.2319653619427504,-0.951673305138032,0.2520685216967293,0.02010315975397889,-0.007791737446931426,-0.9327337314400108,50.0,-0.2029293351226888,-10.0,0.23451932981677348,-0.849256966054363,0.2520685216967293,0.017549191879955794,-0.005570137998366037,-0.9327337314400108,44.63392449584955,-0.1419397888514123,-10.0,0.250449751520245,-0.9313864114798678,0.2520685216967293,0.0016187701764842632,-0.003929729619913013,-0.9327337314400108,0.751280319686565,-0.006411574850116897,-7.741074196346687
7.25,0.2873012411515168,0.24940026227260043,0.2427013798406836,-0.04459986131083318,-0.015309813353607232,-0.9367141856045674,26.14936088465629,0.11550578998001426,10.0,0.20387790775731057,5.970503509721685,0.49797202745692604,0.29409411969961546,0.1973996110854524,-0.2961231339414061,50.0,3.4938475909871074,-10.0,0.6264646477148513,12.148616010124012,0.282400205128625,-0.3440644425862263,0.09837838184365474,0.5245271416084052,50.0,-5.0,-10.0,0.2226047974244427,-0.9360564518307682,0.2427013798406836,0.020096582416240905,-0.00749716597758594,-0.9367141856045674,50.0,-0.1572242635770551,-10.0,0.22584716868469185,-0.8672161132081642,0.2427013798406836,0.016854211155991755,-0.005314874275485303,-0.9367141856045674,42.74159220358007,-0.09030608607986794,-10.0,0.24108601050349515,-0.9363741016749852,0.2427013798406836,0.0016153693371884492,-0.00381993851637363,-0.9367141856045674,-0.23303121864433787,0.005663266204796428,-7.674538388832262
7.26,0.28717275357448313,-0.012848757703368019,0.23329591262327737,-0.05387684095120576,-0.015847296887348955,-0.9405467217406233,34.44179123634341,0.09674907177601995,10.0,0.27537020867043577,7.149230091312521,0.49483386902730914,0.21946366035687337,0.1988793246798899,-0.31381584296168996,50.0,2.379189666876021,-10.0,0.7163205481523417,8.985590043749033,0.28746710652235324,-0.42885344162998845,0.09319128842297997,0.5066901393728229,50.0,-5.0,-10.0,0.2133875513307373,-0.9217246093705386,0.23329591262327737,0.01990836129254006,-0.007205909903723486,-0.9405467217406233,50.0,-0.18675554672456324,-10.0,0.21699771266808243,-0.8849456016609422,0.23329591262327737,0.016298199955194936,-0.005063397715767259,-0.9405467217406233,40.727726123553154,-0.12170394890751325,-10.0,0.23163905250824127,-0.9446957995253883,0.23329591262327737,0.0016568601150361018,-0.0037089003352707302,-0.9405467217406233,0.30685205654649444,-0.009394339192701566,-7.90957022676661
7.2700000000000005,0.2842886630110903,-0.28840905633928543,0.22385360527681464,-0.060435057734275655,-0.016422806559057784,-0.944230734646273,41.602523956352954,0.11662101735519287,10.0,0.3556444890204289,8.027428034999312,0.4915198984802361,0.1358754094598072,0.19943533597098803,-0.3313970547073053,50.0,1.1663881310640252,-7.6143430371442085,0.7672275526967554,5.090700454441371,0.29235243753020584,-0.4748751151665495,0.08793346722587034,0.48853310078526,50.0,-5.0,-10.0,0.204275518326673,-0.9112033004064302,0.22385360527681464,0.019578086950141627,-0.006919008704181426,-0.944230734646273,46.86427297697162,-0.17721671815998807,-10.0,0.20797397176709315,-0.9023740900989299,0.22385360527681464,0.01587963350972149,-0.004814363971660151,-0.944230734646273,40.17588413580724,-0.10487324805873728,-10.0,0.22222495225542718,-0.9414100252814084,0.22385360527681464,0.001628653021387455,-0.003598472802528715,-0.944230734646273,0.330033426878684,-0.008499871409562402,-7.7860085262538865
7.28,0.27868706268326127,-0.5601600327829015,0.21437594885108666,-0.06431111383217461,-0.01700990169410124,-0.9477656425727982,44.00683442573675,0.13398450407782636,10.0,0.44121326661280114,8.556877759237228,0.4880312932536636,0.04681802664086249,0.19904782846147295,-0.3488605226572461,-2.2129124640267395,-0.09178539409790443,0.6620577258268266,0.7752268146540224,0.7999261957267132,0.2970531124724063,-0.47817370218161614,0.0830717375844815,0.47006749422004446,50.0,-5.0,-10.0,0.195181252610508,-0.9094265716165003,0.21437594885108666,0.01919469624057865,-0.00663611908461399,-0.9477656425727982,46.67077075303288,-0.1823745344022007,-10.0,0.19877993414504452,-0.9194037622048638,0.21437594885108666,0.015596014706042133,-0.004566463448379243,-0.9477656425727982,37.38559697223568,-0.13883419280937542,-10.0,0.21278217143440561,-0.9442780821021564,0.21437594885108666,0.0015937774166810414,-0.003488107220151689,-0.9477656425727982,0.3935764507004802,0.02573378312382274,-7.747448407945693
7.29,0.2703382457755447,-0.8348816907716574,0.20486443997790896,-0.06547380579763576,-0.017581151583000432,-0.9511508873177699,47.086131217689676,0.13209052382124123,10.0,0.5283732746261721,8.716000801337103,0.4843692928324168,-0.04400398179375531,0.1977361885634017,-0.3662000421246814,28.821432950243562,-1.2992049581520757,9.6708838644722,0.7401597751993283,-3.5067039454694093,0.30156616230191097,-0.43859361289741733,0.07903647185005427,0.45130498295046784,50.0,-5.0,-10.0,0.18604469471174906,-0.913655789875895,0.20486443997790896,0.0188197452661599,-0.0063565560529648,-0.9511508873177699,46.008469556283664,-0.1460572966212614,-10.0,0.18937619181706,-0.9403742327984534,0.20486443997790896,0.015488248160848955,-0.004317543543490909,-0.9511508873177699,37.64695566850787,-0.09189685521597994,-10.0,0.2032898768080595,-0.9492294626346136,0.20486443997790896,0.0015745631698494689,-0.0033774386421897323,-0.9511508873177699,0.2515796802243667,-0.005953191952638347,-7.730356781882061
7.3,0.25898141314900514,-1.135683262653958,0.19532058063479615,-0.06366083251420898,-0.018104191581877125,-0.9543859343112804,47.17363783068936,0.1394541508646829,10.0,0.6137137791768954,8.534050455072334,0.48053519830780744,-0.13317858086908796,0.1955509977092036,-0.3834094524609366,50.0,-2.400037469205817,10.0,0.665780272045509,-7.437950315381926,0.3058887364797176,-0.35989153556579145,0.07618135152593455,0.4322574177806626,50.0,-4.962068973850966,-10.0,0.17680666515425225,-0.9238029557496815,0.19532058063479615,0.018513915480543902,-0.006079036602584393,-0.9543859343112804,44.30206437062355,-0.14061204456394408,-10.0,0.1797283705684574,-0.9647821248602624,0.19532058063479615,0.015592210066338763,-0.004065143230341495,-0.9543859343112804,37.741051726576316,-0.11634710942841471,-10.0,0.1937384389268617,-0.9551437881197786,0.19532058063479615,0.0015821417079344424,-0.0032661028462984106,-0.9543859343112804,0.32475524713028514,-0.008145196020593217,-7.755923862948127
7.3100000000000005,0.2440756802418882,-1.4905732907116942,0.18574587790777172,-0.05832980233411647,-0.01853843227614712,-0.9574702727024431,43.305595468065576,0.1454357607471991,10.0,0.6940975734885511,8.03837943116556,0.47653037191536507,-0.217567201573186,0.19257148775035518,-0.4004826392442373,50.0,-3.4653683903164567,10.0,0.5595672638105645,-10.621300823494446,0.3100181047753291,-0.24954915903523545,0.07474799001793164,0.4129368295611502,50.0,-2.1476475870703275,-10.0,0.16741131925058644,-0.9395345903665808,0.18574587790777172,0.01833455865718528,-0.005801737556975883,-0.9574702727024431,44.091095373069166,-0.13901761523229048,-10.0,0.16978574121306664,-0.9942629355390743,0.18574587790777172,0.015960136694705085,-0.003806115569840537,-0.9574702727024431,39.67713365570401,-0.09257638814517272,-10.0,0.18414072737643739,-0.9597711550424323,0.18574587790777172,0.0016051505313343373,-0.003154074225480824,-0.9574702727024431,0.49272974134696185,-0.007480236660798844,-7.83889919103951
7.32,0.22491374734341707,-1.916193289847111,0.17614184375339254,-0.048771903590024535,-0.018834531983062654,-0.9604034154379187,34.73484722474387,0.12603139956858778,10.0,0.7667657604935889,7.266818700503786,0.4723562365508368,-0.2944095239427521,0.18890071064087727,-0.4174135364528264,50.0,-4.362765323537042,10.0,0.4321967458697481,-12.737051794081648,0.3139516589912213,-0.1182450868785268,0.07483924432855454,0.3933554215892199,-50.0,0.7872409798027517,10.0,0.15783710217522812,-0.9574217075358339,0.17614184375339254,0.01830474157816442,-0.005522947970440656,-0.9604034154379187,43.833394069598,-0.1635106296881068,-10.0,0.15951524609017304,-1.0270495122893604,0.17614184375339254,0.0166265976632195,-0.003537144641979406,-0.9604034154379187,43.80254110198407,-0.09719397815661102,-10.0,0.1745389671118091,-0.9601760264628288,0.17614184375339254,0.0016028766415834284,-0.0030420278564187065,-0.9604034154379187,0.5060229745841517,-0.00358599288800397,-7.810056888072587
7.33,0.20083877154088076,-2.40749758025363,0.16650999475998227,-0.03432877678089849,-0.018937069992846275,-0.9631848993410269,20.40772732131212,0.11078680484804797,10.0,0.8291361043581824,6.2370343864593485,0.46801427526464123,-0.3611218290935412,0.1846657889112959,-0.43419612861955725,50.0,-5.0,10.0,0.2987654897015134,-13.34312561682347,0.31768691461024323,0.018921424908729834,0.07636277113932419,0.37352556190219377,50.0,3.5784476913937864,10.0,0.1480837095828385,-0.9753392592389615,0.16650999475998227,0.01842628517714376,-0.005241151192745323,-0.9631848993410269,45.016547634474726,-0.13112253654366737,-10.0,0.14890405965418654,-1.0611186435986482,0.16650999475998227,0.017605935105795723,-0.003254973426561584,-0.9631848993410269,48.03777539276189,-0.095198111133408,-10.0,0.16491894441843324,-0.9620022693375853,0.16650999475998227,0.0015910503415490218,-0.0029299171260694576,-0.9631848993410269,0.4679270830052832,-0.005241482571565938,-7.813633504251831
7.34,0.1714126626885042,-2.9426108852376553,0.15685185190815568,-0.014560810780348515,-0.018788417012125996,-0.965814285182659,6.333936593094847,0.07069674909113434,10.0,0.8789326150322929,4.979651067411048,0.46350603073495017,-0.41542658429734275,0.18001355796158136,-0.45082445296910634,50.0,-5.0,10.0,0.17187694783867194,-12.688854186284146,0.32122151236488655,0.1493445645262146,0.07912510220321474,0.35345977546433205,50.0,5.0,10.0,0.1381826434197023,-0.9901066163136202,0.15685185190815568,0.01866920848845338,-0.004955448446229426,-0.965814285182659,47.16975932393765,-0.11390690303365675,-10.0,0.1380215802714829,-1.0882479382703651,0.15685185190815568,0.01883027163667278,-0.00295784591636782,-0.965814285182659,50.0,-0.08767206447635341,-10.0,0.155281980023067,-0.9636964395366225,0.15685185190815568,0.0015698718850886695,-0.0028178487632649087,-0.965814285182659,-0.020132561000230885,-0.008953636640815905,-7.773657352634409
7.3500000000000005,0.13659241807188352,-3.4820244616620664,0.14716894033062705,0.010576522258743531,-0.018334449343372354,-0.9682911577528625,-1.9364147645994279,0.042013868638992945,6.10953722543513,0.913952635038957,3.502002000666401,0.4588331047195767,-0.45511953031938024,0.17511216245832092,-0.46729260153734464,50.0,-5.0,10.0,0.06507204520386624,-10.68049026348057,0.324553219727452,0.25948117452358577,0.08278796297479867,0.3331707362565439,50.0,5.0,10.0,0.12818794996519559,-0.9994693454506707,0.14716894033062705,0.018980990365431466,-0.004665691608030044,-0.9682911577528625,47.679615120205746,-0.10281845775163019,-10.0,0.12694999029107673,-1.107158998040616,0.14716894033062705,0.02021895003955032,-0.002644940516168255,-0.9682911577528625,50.0,-0.07148696218058617,-10.0,0.14560687433743372,-0.9675105685633291,0.14716894033062705,0.0015620659931933345,-0.0027054770464766424,-0.9682911577528625,0.5404854837296749,-0.009566614981661016,-7.780650338179527
7.36,0.09694125643581022,-3.965116163607329,0.13746278907138515,0.040521532635574925,-0.017532722400655874,-0.9706151259241902,6.004543195676989,-0.03366260281241723,-6.361432046731179,0.9322748873288266,1.8322252289869638,0.45399715748688524,-0.47827772984194133,0.17014616263700283,-0.48359472326914843,50.0,-5.0,10.0,-0.009928369562332284,-7.500041476619852,0.3276799323201577,0.33760830188248997,0.08691405014128555,0.3126712592705694,50.0,5.0,10.0,0.11814071460234976,-1.0047235362845828,0.13746278907138515,0.01932207446903539,-0.004371998509711233,-0.9706151259241902,49.73853915454144,-0.11197572794159298,-10.0,0.1157974422451911,-1.1152548045885624,0.13746278907138515,0.021665346826194046,-0.002316761567447458,-0.9706151259241902,50.0,-0.07996628920543576,-10.0,0.1358972013483244,-0.9709672989109333,0.13746278907138515,0.0015655877230607573,-0.0025927244393549416,-0.9706151259241902,0.2676467948606612,-0.01072921139206123,-7.815581390237516
7.37,0.05383831875616617,-4.3102937679644056,0.12773493084422963,0.07389661208806346,-0.016362726902978797,-0.9727858227155523,38.54567074903756,-0.1022141457672688,-10.0,0.9325746099410804,0.029972261225382546,0.4489999072258998,-0.48357470271518066,0.16530741838372848,-0.4997250260985464,50.0,-5.0,10.0,-0.04465525862846817,-3.4726889066135884,0.33059967524431483,0.37525493387278297,0.09101386837067474,0.2919742924157087,50.0,5.0,10.0,0.1080928701094392,-1.0047844492910558,0.12773493084422963,0.019642060734790426,-0.004075099457434223,-0.9727858227155523,50.0,-0.11435818450534363,-10.0,0.10470986350370083,-1.1087578741490267,0.12773493084422963,0.023025067340528796,-0.0019756351066272672,-0.9727858227155523,50.0,-0.07191665286111593,-10.0,0.12617026789368802,-0.9726933454636377,0.12773493084422963,0.001564662950541612,-0.002479808475303162,-0.9727858227155523,0.24998975885890112,-0.006608495761767522,-7.806584892852846
7.38,0.008842926289505518,-4.499539246666065,0.11798690179074217,0.10914397550123665,-0.014821333223299824,-0.9748029053487456,50.0,-0.13711367715000616,-10.0,0.9143471629269863,-1.8227447014094218,0.44384312943584303,-0.4705040334911432,0.160784652518958,-0.5156777790056744,50.0,-5.0,10.0,-0.03506818146962866,0.9587077158839508,0.3333106043277127,0.36837878579734135,0.09460178545705974,0.2710929083397873,50.0,5.0,10.0,0.09807085849415988,-1.0022011615279323,0.11798690179074217,0.019916043296582295,-0.0037757189083156063,-0.9748029053487456,50.0,-0.10022561365026585,-10.0,0.09385381150943167,-1.0856051994269158,0.11798690179074217,0.0241330902813105,-0.0016257436838714708,-0.9748029053487456,50.0,-0.05793053576128919,-10.0,0.11642130468292775,-0.9748963210760276,0.11798690179074217,0.001565597107814426,-0.0023666628721174146,-0.9748029053487456,0.15861440040361513,-0.002557324057256156,-7.825998219065249
7.390000000000001,-0.03633791521271316,-4.518084150221868,0.10822024123771438,0.14455815645042755,-0.012923943243773361,-0.9766660553027773,50.0,-0.16154132687639564,-10.0,0.8781011027286986,-3.624606019828766,0.4385286562953082,-0.4395724464333904,0.15675138865660695,-0.5314473140534848,50.0,-4.132452104564015,10.0,0.017851978038406123,5.292015950803478,0.3358110072894383,0.3179590292510322,0.09725217415448972,0.2500402961725601,50.0,5.0,10.0,0.08808943986667757,-0.9981418627482305,0.10822024123771438,0.020130801371036816,-0.0034745967083304147,-0.9766660553027786,50.0,-0.08836699666456391,-10.0,0.08339282398650805,-1.0460987522923628,0.10822024123771438,0.024827417251206338,-0.001272859636130171,-0.9766660553027786,50.0,-0.05731453902901242,-10.0,0.10665976126085105,-0.9761543422076694,0.10822024123771438,0.0015604799768633298,-0.0022534426381280144,-0.9766660553027786,0.7534981996725039,-0.004116842134100217,-7.833547127301678
7.4,-0.07990352224719538,-4.356560703448221,0.0984364914540677,0.17834001370126307,-0.010704887036415908,-0.9783749783646711,50.0,-0.16462501694230994,-10.0,0.8253521261875977,-5.274897654110088,0.43305837601129854,-0.39229375017629914,0.15335594092025498,-0.5470280284009643,50.0,-3.029684647203727,10.0,0.10822790815814512,9.0375930119739,0.3380993048213876,0.2298713966632425,0.09864712881992475,0.22882975319493126,50.0,3.8121067138036286,10.0,0.07815522635534575,-0.9934213511331828,0.0984364914540677,0.020281265098721954,-0.003172441922229877,-0.9783749783646684,50.0,-0.08597143226596757,-10.0,0.07346259348700576,-0.9930230499502288,0.0984364914540677,0.02497389796706194,-0.0009238183514645288,-0.9783749783646684,50.0,-0.034917074370588726,-10.0,0.09688939616797536,-0.9770365092875699,0.0984364914540677,0.0015470952860923426,-0.002140268034338334,-0.9783749783646684,0.3744660719291289,-0.00503895532074519,-7.79181870059854
7.41,-0.12010459280303626,-4.020107055584088,0.08863719740730842,0.20874179021034467,-0.008215458428754053,-0.9799294046759277,50.0,-0.149249399840774,-10.0,0.7583976207624139,-6.695450542518382,0.42743423214835063,-0.33096338861406327,0.15071585208836616,-0.5624143862947906,50.0,-1.9317997864424965,10.0,0.2261067753042501,11.787886714610499,0.340174051585794,0.1140672762815439,0.09860901291127916,0.20747467644063877,10.674684767528031,0.09699595390733162,0.8500608927029015,0.06826932477327319,-0.988590158207256,0.08863719740730842,0.020367872634035236,-0.002869904180068799,-0.9799294046759277,50.0,-0.07257500215737642,-10.0,0.06414900483888115,-0.9313588648124602,0.08863719740730842,0.02448819256842727,-0.00058580053929901,-0.9799294046759277,50.0,-0.016475474776602193,-10.0,0.0870879994222952,-0.9801396745680168,0.08863719740730842,0.001549197985013226,-0.0020267620870314004,-0.9799294046759277,0.4678597251635938,0.006391177622681647,-7.823340630515914
7.42,-0.15541474917028839,-3.531015636725213,0.07882390651956353,0.23423865568985192,-0.005519970308183013,-0.9813290887744908,50.0,-0.10631983707122512,-10.0,0.6800123677034726,-7.83852530589413,0.42165822293799793,-0.2583541447654747,0.14891616317130082,-0.5776009210352706,50.0,-0.9117305588340385,10.0,0.3581053973439966,13.199862203974646,0.3420339371281324,-0.016071460215864197,0.09712831208872304,0.1859885542338402,50.0,-3.5120689456075826,-10.0,0.05843037526632959,-0.9838949506943601,0.07882390651956353,0.02039353125323394,-0.0025675793724670233,-0.9813290887744893,50.0,-0.06634980050952735,-10.0,0.05547856406803488,-0.8670440770846278,0.07882390651956353,0.023345342451528653,-0.0002656427070752606,-0.9813290887744893,50.0,-0.007907908861394149,-10.0,0.07727157578167038,-0.9816423640624822,0.07882390651956353,0.001552330737893154,-0.0019130745432462209,-0.9813290887744893,0.13238485766813798,-0.004282976014890496,-7.831052789016948
7.43,-0.18461346022734956,-2.9198711057061186,0.06899816842322211,0.2536116286505717,-0.002691866911106684,-0.9825738096341408,50.0,-0.05121590419037993,-10.0,0.5929951289864627,-8.70172387170099,0.41573240056881183,-0.17726272841765084,0.14801370827429441,-0.5925822369186096,0.7873800234756824,-0.014242373433550531,0.12357462576596223,0.49076334255826626,13.265794521426967,0.3436777867048304,-0.14708555585343586,0.09433087707804598,0.16438495766979977,50.0,-5.0,-10.0,0.0486364287800327,-0.9793946486296888,0.06899816842322211,0.020361739643189408,-0.0022660225111721605,-0.9825738096341421,50.0,-0.0585735104813014,-10.0,0.047388644413563386,-0.8089919654471495,0.06899816842322211,0.021609524009658723,3.135172956604155e-05,-0.9825738096341421,50.0,-5.428824978255954e-05,-10.0,0.06744403337905815,-0.9827542402612224,0.06899816842322211,0.0015541350441639623,-0.0017992577687784587,-0.9825738096341421,0.22500886378792365,-0.0027993708923349718,-7.8290536566729845
7.44,-0.20680079603306134,-2.218733580571177,0.05916153471623452,0.26596233074929587,0.0001896297544433925,-0.9836633706987563,50.0,0.0008057317081726287,-10.0,0.5004546234898046,-9.254050549665804,0.40965887045726257,-0.09079575303254206,0.14803115579893558,-0.6073530111549263,-49.996949181161845,0.8103613588424505,-10.0,0.6107131338957023,11.994979133743595,0.34510456202526263,-0.2656085718704396,0.09047529344596723,0.14267753204322275,50.0,-5.0,-10.0,0.03888398696589591,-0.9752441814136791,0.05916153471623452,0.02027754775033861,-0.0019657226155274064,-0.9836633706987591,50.0,-0.04901472742654263,-10.0,0.03973612895514825,-0.7652515458415139,0.05916153471623452,0.01942540576108627,0.0003021309417610556,-0.9836633706987591,50.0,0.012464723497395903,-10.0,0.057604760641620435,-0.9839272737437713,0.05916153471623452,0.0015567740746140826,-0.001685297300657941,-0.9836633706987591,0.4434077485224148,-0.0007685055442612762,-7.845240543939147
7.45,-0.22152089567683478,-1.4720099643773437,0.049315558717094345,0.2708364543939291,0.0030451952948204178,-0.9845975999140166,50.0,0.04121812186557516,-10.0,0.40523060283577206,-9.522402065403256,0.4034397904996777,-0.0017908123360943495,0.14896548788211494,-0.6219079957584861,-2.220758360109066,1.5640502639738678,-10.0,0.7063146319379989,9.560149804229667,0.34631336190755513,-0.3600012700304438,0.08591926576523982,0.12087998822924995,50.0,-5.0,-10.0,0.029166243526401087,-0.9717743439494819,0.049315558717094345,0.020149315190693257,-0.0016670520292255255,-0.9845975999140173,50.0,-0.0584990438571259,-10.0,0.032305388132322366,-0.7430740822825884,0.049315558717094345,0.01701017058477198,0.0005465400558370342,-0.9845975999140173,38.47362651488563,0.0278239161439137,-10.0,0.047762574430781746,-0.984218621083869,0.049315558717094345,0.001552984286312599,-0.0015713455956864282,-0.9845975999140173,0.16880923238158307,0.050912099295712304,-7.813973441674121
7.46,-0.22876110660022975,-0.7240210923394963,0.03946179521954865,0.26822290181977837,0.005799826422252152,-0.9853763497545742,50.0,0.10654588644637789,-10.0,0.3097842210347665,-9.544638180100558,0.3970773703055556,0.08729314927078913,0.1507928831928329,-0.6362420194122087,50.0,2.3375302674152767,-10.0,0.7685734178711714,6.225878593317244,0.34730342284779403,-0.42126999502337736,0.08108397795567432,0.09900609402389016,50.0,-5.0,-10.0,0.019470636461494856,-0.9695607064906232,0.03946179521954865,0.019991158758053795,-0.0013701843709959252,-0.9853763497545693,50.0,-0.04448510770921519,-10.0,0.024712805750546754,-0.7592582381775613,0.03946179521954865,0.014748989469001897,0.0007699557743448094,-0.9853763497545693,30.67537417771723,0.015794055088930534,-10.0,0.03790146342397204,-0.9861111006809702,0.03946179521954865,0.0015603317955766097,-0.0014571311676625648,-0.9853763497545693,0.10933836916492043,-0.0006944421558220462,-7.860916993685991
7.47,-0.22884786192944134,-0.008675532921159301,0.02960180024708076,0.2584496621765221,0.008385190597309489,-0.9859994972467923,50.0,0.1365564576280285,-10.0,0.216902861268843,-9.288135976592349,0.3905738704124948,0.1736710091436518,0.15345840688192866,-0.6503499893060816,50.0,3.0843825091634507,-10.0,0.7916802305151917,2.310681264402028,0.3480741195022691,-0.4436061110129226,0.0764168487191049,0.07706966544750449,50.0,-5.0,-10.0,0.009777669587768123,-0.9692966873726733,0.02960180024708076,0.019824130659312635,-0.0010750133956655315,-0.9859994972467895,50.0,-0.021823762537021937,-10.0,0.01662566693478696,-0.8087138815759795,0.02960180024708076,0.0129761333122938,0.0009805884956253454,-0.9859994972467891,24.9563673668163,0.020548816895996854,-10.0,0.028045858173060455,-0.9855605250911587,0.02960180024708076,0.001555942074020305,-0.0013430156944132458,-0.9859994972467891,0.03510524425669985,-0.0005715971629625892,-7.843215367303606
7.48,-0.22244878927171763,0.6399072657723726,0.019737130807200295,0.24218592007891793,0.01074305907152143,-0.9864669439880458,50.0,0.15403765618620083,-10.0,0.12949068605017527,-8.741217521866773,0.3839316014830388,0.2544409154328635,0.15687693778844397,-0.6642268929456019,50.0,3.7861256119107547,-10.0,0.7734238666995875,-1.825636381560411,0.34862496508245466,-0.42479890161713285,0.07235142334108963,0.05508455801855883,50.0,-5.0,-10.0,6.316941854780586e-05,-0.9714500169220317,0.019737130807200295,0.01967396138865249,-0.0007811287800868035,-0.9864669439880465,50.0,-0.01756811689655533,-10.0,0.007771113655400733,-0.8854553279386227,0.019737130807200295,0.011966017151799561,0.0011887941999372033,-0.9864669439880465,22.846548689859947,0.020585255663245094,-10.0,0.018186649589541554,-0.98592085835189,0.019737130807200295,0.0015504812176587411,-0.0012289187964014694,-0.9864669439880465,0.6014150302310523,0.0028703676251847715,-7.840926244705392
7.49,-0.2104898974641545,1.1958891807563115,0.009869344645563898,0.2203592421097184,0.012827062574542985,-0.9867786161636388,50.0,0.14136413867871855,-10.0,0.05048912776417244,-7.900155828600283,0.37715292348371265,0.3266637957195402,0.1609335913284994,-0.6778677999326188,50.0,4.364431958864293,-10.0,0.7152595410432933,-5.816432565629422,0.34895561166247596,-0.3663039293808173,0.06927002730384438,0.033064658002129876,50.0,-5.0,-9.879891436143183,-0.00969673497880254,-0.9759904397350345,0.009869344645563898,0.019566079624366437,-0.0004878689398696356,-0.9867786161636398,49.057497511818525,-0.003064513715247217,-10.0,-0.0020313393080537458,-0.9802452963454479,0.009869344645563898,0.011900683953617644,0.0014058255691079245,-0.9867786161636397,24.434810937897385,0.020242390453120887,-10.0,0.008322975073788645,-0.9863674515752908,0.009869344645563898,0.0015463695717752527,-0.0011148183555261878,-0.9867786161636397,0.38558700074481334,-0.005845738999976856,-7.832690878759449
7.5,-0.1940275813753112,1.6462316088843307,2.8855060405826847e-16,0.19402758137531148,0.014602715227407668,-0.9869344645563632,50.0,0.15031872378527233,-10.0,-0.01730135165835535,-6.779047942252779,0.370240244846531,0.38754159650488634,0.16548691208777355,-0.6912678637181646,50.0,4.816234641518979,-10.0,0.6220866215951547,-9.317291944813855,0.3490658503988659,-0.2730207711962888,0.06747154878636288,0.011023873638993376,50.0,-2.9624787821447214,-1.8366798809839768,-0.01952884137654767,-0.983210639774513,2.8855060405826847e-16,0.019528841376547958,-0.00019425946212670467,-0.9869344645563611,47.52050369283334,0.020825523175855138,-10.0,-0.012852119537929736,-1.082078022987599,2.8855060405826847e-16,0.012852119537930024,0.0016425545667859845,-0.986934464556361,30.404338215707988,0.01752168105650153,-10.0,-0.001549552108708224,-0.9872527182496869,2.8855060405826847e-16,0.0015495521087085125,-0.001000597562614134,-0.986934464556361,0.46429823470706116,-0.00444647357160916,-7.850925610875451
7.51,-0.17410378542672797,1.9923795948583227,-0.009869344645563322,0.16423444078116464,0.01604582167573348,-0.9869344645563605,50.0,0.18863416014765044,-10.0,-0.07151899858346339,-5.421764692510804,0.363196021613298,0.4347150201967614,0.17037623875899224,-0.7044223233233005,50.0,4.987157406963612,-10.0,0.5017895343800242,-12.029708721513053,0.34895561166247596,-0.1528339227175482,0.06714618043133871,-0.011023873638993376,50.0,-0.5788231571307353,0.39081443331876736,-0.029452754432302875,-0.9923913055755206,-0.009869344645563322,0.01958340978673955,0.00010081376629824288,-0.9869344645563611,49.462121248168316,0.020718767608445984,-10.0,-0.024628233126021,-1.1776113588091264,-0.009869344645563322,0.014758888480457677,0.001907904587471474,-0.986934464556361,38.74532616486289,0.0801196055904729,-10.0,-0.011421137233938783,-0.9871585125230559,-0.009869344645563322,0.001551792588375461,-0.0008863637854780739,-0.986934464556361,0.33845675698359895,-0.007596739689813175,-7.854871361620933
7.5200000000000005,-0.15163173537615618,2.24720500505718,-0.01973713080719972,0.13189460456895646,0.017140047220917328,-0.9867786161636388,50.0,0.14484378703058493,-10.0,-0.1106206075135623,-3.9101608930098912,0.35602275656298515,0.46664336407654744,0.17543368848905871,-0.7173265050312849,50.0,4.825953291412443,-10.0,0.3645053659543007,-13.728416842572342,0.3486249650824548,-0.015880400871845946,0.0683602181068775,-0.033064658002118774,-44.412209406125776,1.897682702112627,-3.6839398753211343,-0.03943572477850553,-0.9982970346202653,-0.01973713080719972,0.01969859397130581,0.00039762940947332757,-0.9867786161636398,50.0,0.03185506841437661,-10.0,-0.037160588343609816,-1.253235521758882,-0.01973713080719972,0.017423457536410097,0.002207462715011463,-0.9867786161636398,50.0,0.07668850383614027,-10.0,-0.021289327906857426,-0.9868190672918642,-0.01973713080719972,0.0015521970996577074,-0.0007721599077523103,-0.9867786161636397,0.18058241308308814,-0.0016567220781719557,-7.858488792954019
7.53,-0.12733617807870193,2.4295557297454256,-0.029601800247080187,0.09773437783162174,0.017874435426259,-0.9864669439880471,50.0,0.12109034984980058,-10.0,-0.13421894911523627,-2.3598341601673964,0.3487229983225112,0.48294194743774743,0.18049909137945294,-0.7299758240474019,50.0,4.3475258319138135,-10.0,0.22203627774480647,-14.246908820949425,0.34807411950226924,0.12603784175746277,0.07104528740654707,-0.055084558018553276,50.0,4.460364407519865,-10.0,-0.04944723035812303,-1.0011505579617503,-0.029601800247080187,0.019845430111042846,0.0006961987663799312,-0.9864669439880468,50.0,0.005833859262231764,-10.0,-0.05010540624641599,-1.2944817902806172,-0.029601800247080187,0.020503605999335803,0.002541946954032883,-0.9864669439880468,50.0,0.0797166497741224,-10.0,-0.031151858092306226,-0.9862530185448799,-0.029601800247080187,0.001550057845226039,-0.0006580340274455619,-0.9864669439880468,0.5528102061443863,-0.00954257191016001,-7.855169257568104
7.54,-0.10178258510841946,2.555359297028246,-0.039461795219548075,0.06232078988887139,0.018242107395444893,-0.9859994972467888,30.920302517255823,0.09857492678319893,-10.0,-0.14315794339680418,-0.893899428156792,0.34129934046121757,0.4844572838580218,0.18543305416084885,-0.742365786129362,50.0,3.6402624607548284,-10.0,0.08651395261529601,-13.552232512951045,0.3473034228477939,0.2607894702324979,0.07500840536016715,-0.0770696654475378,50.0,5.0,-10.0,-0.05945611567781416,-1.000888531969113,-0.039461795219548075,0.019994320458266088,0.0009962308241595033,-0.9859994972467888,50.0,0.024720256796244847,-10.0,-0.06314982719523249,-1.3044420948816497,-0.039461795219548075,0.023688031975684413,0.0029092714832778923,-0.9859994972467888,50.0,0.09326061336217666,-10.0,-0.04100965360632653,-0.9857795514020304,-0.039461795219548075,0.0015478583867784557,-0.0005439774884375742,-0.9859994972467888,0.4999751670367713,0.000802000581633718,-7.832992499456216
7.55,-0.075446902343001,2.6335682765418467,-0.04931555871709377,0.02613134362590723,0.01824006400404978,-0.9853763497545693,8.117770529482575,0.05341060106823932,-10.0,-0.13930514542290692,0.38527979738972706,0.3337544205693966,0.4730595659923035,0.19012512184103292,-0.7544919891821045,50.0,2.875263206679283,-10.0,-0.03010809714292248,-11.66220497582185,0.346313361907555,0.3764214590504775,0.07993884044825411,-0.09900609402389016,50.0,5.0,-10.0,-0.06943102669653131,-0.9974911018717142,-0.04931555871709377,0.020115467979437543,0.0012971346141410502,-0.9853763497545693,50.0,0.03529372754946995,-10.0,-0.07595269215459281,-1.280286495936032,-0.04931555871709377,0.026637133437499044,0.0033036714672464856,-0.9853763497545693,50.0,0.14289103850991525,-10.0,-0.050873596099115834,-0.9863942492789305,-0.04931555871709377,0.001558037382022065,-0.00042975768968946056,-0.9853763497545693,-0.06293336245266336,0.004312930991380513,-7.864175670341921
7.5600000000000005,-0.04871084866755234,2.673605367544866,-0.05916153471623532,-0.010450686048682982,0.017868196606808467,-0.9845975999141554,-2.194032171037362,0.031197897037295103,-6.185274323039933,-0.12507646460240562,1.4228680820501312,0.32609091932115836,0.451167383923564,0.19449450887206354,-0.7663501248238225,50.0,2.168131690181581,-10.0,-0.11719933287992307,-8.709123573700058,0.3451045620252625,0.4623038949051856,0.08543279175467598,-0.12087998822924995,50.0,5.0,-10.0,-0.0793462732568414,-0.9915246560310095,-0.05916153471623532,0.02018473854060608,0.0015981344651502122,-0.9845975999141554,50.0,0.03735865465153623,-10.0,-0.08818236578492471,-1.2229673630331896,-0.05916153471623532,0.029020831068689384,0.0037161765142366987,-0.9845975999141554,50.0,0.16451926796959804,-10.0,-0.060727314782880126,-0.9853718683764294,-0.05916153471623532,0.0015657800666448035,-0.0003155627021853696,-0.9845975999141554,0.12823684258794876,0.0,-7.884495051187033
7.57,-0.021985278560376763,2.672557010717558,-0.06899816842322154,-0.04701288986284478,0.017130812007108264,-0.9836633706986216,2.064301746698784,-0.015240584203288915,2.2214331813105317,-0.10288299667425313,2.219346792815249,0.3183115595220043,0.42119455619625745,0.1984845197547446,-0.7779359799154006,50.0,1.6279318420031064,-10.0,-0.16654124231780626,-4.93419094378832,0.34367778670483073,0.5102190290226369,0.09102840113928116,-0.14267753204317835,50.0,5.0,-10.0,-0.0891844700746704,-0.9838196817828988,-0.06899816842322154,0.020186301651448857,0.0018983794498429907,-0.9836633706986216,50.0,0.05625225647760894,-10.0,-0.0995573343542949,-1.1374968569370194,-0.06899816842322154,0.030559165931073357,0.004135517859241134,-0.9836633706986216,50.0,0.1747012669360852,-10.0,-0.0705595683576167,-0.9832253574736572,-0.06899816842322154,0.0015613999343951634,-0.00020162616709405221,-0.9836633706986216,-0.3677662263691323,-0.008429319268624027,-7.8893512892465765
7.58,0.0042224183540166965,2.620769691439346,-0.07882390651956296,-0.08304632487357966,0.016038271789228533,-0.9825738096341421,25.411993595559316,-0.046602137324149584,10.0,-0.07465782324331398,2.8225173430939154,0.31041910514143156,0.38507692838474555,0.20205303730428265,-0.7892454380572733,50.0,1.3925416819242293,-10.0,-0.17330858513001668,-0.6767342812210417,0.34203393712813224,0.5153425222581489,0.09624949978998476,-0.16438495766984973,50.0,5.0,-10.0,-0.09893725797571655,-0.9752787901046152,-0.07882390651956296,0.02011335145615359,0.002197040843414988,-0.9825738096341421,50.0,0.06459550889360952,-10.0,-0.10988170294950664,-1.0324368595211737,-0.07882390651956296,0.031057796429943677,0.004549339509492688,-0.9825738096341421,50.0,0.19761495420995,-10.0,-0.08036819008211783,-0.9808621724501123,-0.07882390651956296,0.0015442835625548712,-8.80971142234922e-05,-0.9825738096341421,0.2646183562697636,0.0,-7.825549221983535
7.59,0.029357780151002134,2.513536179698544,-0.08863719740730784,-0.11799497755830998,0.014606968395675577,-0.981329088774488,50.0,-0.08863020189731688,10.0,-0.04156328589432857,3.3094537348985407,0.3024163603308993,0.34397964622522786,0.20516188839304508,-0.8002744810532259,50.0,1.3540171455093268,-10.0,-0.13671596772860337,3.6592617401413303,0.3401740515857939,0.47689001931439723,0.1006524738091146,-0.1859885542338402,50.0,5.0,-10.0,-0.10860503130822338,-0.9667773332506838,-0.08863719740730784,0.01996783390091554,0.002493396915749212,-0.981329088774488,50.0,0.056912198550457864,-10.0,-0.11907057675300248,-0.9188873803495832,-0.08863719740730784,0.030433379345694636,0.004945562040984593,-0.981329088774488,50.0,0.19045147725185863,-10.0,-0.09018552804510827,-0.9817337962990434,-0.08863719740730784,0.0015483306378004241,2.555957178441637e-05,-0.981329088774488,0.5124868678667813,0.0,-7.873255372134593
7.6000000000000005,0.052916149295176504,2.3558369144174374,-0.0984364914540685,-0.151352640749245,0.012857858296741383,-0.9799294046760665,50.0,-0.10980198976181463,10.0,-0.0039212753230181,3.764201057131047,0.2943061684275311,0.2982274437505492,0.20776774272483745,-0.8110191903368202,50.0,1.468464681785213,-10.0,-0.06017091725407424,7.654505047452912,0.3380993048213874,0.39827022207546164,0.10386972552512393,-0.20747467644064987,50.0,5.0,-10.0,-0.11819589142764397,-0.959086011942059,-0.0984364914540685,0.019759399973575467,0.0027868995166791723,-0.9799294046760665,50.0,0.07219165473679882,-10.0,-0.12716212477668773,-0.8091548023685255,-0.0984364914540685,0.028725633322619223,0.005313733854447638,-0.9799294046760665,50.0,0.19595744466211287,-10.0,-0.09998664898650383,-0.980112094139557,-0.0984364914540685,0.0015501575324353284,0.00013907235652272534,-0.9799294046760665,0.22090583058622495,-0.000439370589451991,-7.866386132670884
7.61,0.07423072228550215,2.1314572990325646,-0.10822024123771519,-0.18245096352321732,0.010820202931605955,-0.9783749783646656,50.0,-0.1310610915648771,10.0,0.03861420474020067,4.253548006321877,0.28609141094389573,0.24747720620369507,0.2098171599862422,-0.8214757483635371,50.0,1.5495285130969016,-10.0,0.049074105490476985,10.924502274455122,0.33581100728943813,0.28673690179896116,0.10564464431566803,-0.2288297531949257,50.0,3.7994669093369406,-10.0,-0.12772158505711745,-0.9525693629473472,-0.10822024123771519,0.01950134381940226,0.00307716989116793,-0.9783749783646684,48.75043308530818,0.07632512039452351,-10.0,-0.13431432701813303,-0.7152202241445309,-0.10822024123771519,0.026094085780417844,0.00564619673466627,-0.9783749783646684,50.0,0.17846941798077978,-10.0,-0.10977465315189461,-0.9788004165390778,-0.10822024123771519,0.0015544119141794183,0.00025249651731842725,-0.9783749783646684,0.3962684979257221,0.003082102511510477,-7.854658002407721
7.62,0.0922983824835944,1.8067660198092248,-0.1179869017907416,-0.21028528427433602,0.008536673486881672,-0.976666055302644,50.0,-0.12884458999437912,10.0,0.08665350967047519,4.803930493027453,0.27777500654420995,0.19112149687373475,0.21124798190567678,-0.8316404399685784,50.0,1.4399171510971114,-10.0,0.18073530010466837,13.16611946141914,0.33331060432771326,0.15257530422304488,0.10585378541175655,-0.2500402961724879,-28.965396667341196,-0.19698683226629174,1.8816125311411933,-0.1372079869377303,-0.9486401880612845,-0.1179869017907416,0.019221085146988684,0.003364244761443945,-0.9766660553026413,47.33119525980034,0.08283205197943765,-10.0,-0.1407875043907984,-0.6473177372665375,-0.1179869017907416,0.0228006026000568,0.005938934534393491,-0.9766660553026413,50.0,0.16649999223205567,-10.0,-0.119554403294244,-0.9779750142349383,-0.1179869017907416,0.0015675015035023915,0.00036596903377694506,-0.9766660553026413,0.321803487744129,-0.0003709775269560117,-7.899796915995455
7.63,0.10569897271736392,1.3400590233769527,-0.12773493084422907,-0.233433903561593,0.006068328548928047,-0.9748029053487484,50.0,-0.1076445622392101,10.0,0.14063204215241262,5.3978532481937425,0.2693599100073576,0.12872786785494497,0.21199547525940687,-0.8415096536852351,50.0,1.0224384292376585,-10.0,0.3209623939656899,14.02270938610215,0.33059967524431466,0.009637281278624787,0.10454788728593259,-0.27109290833985944,-36.696684761496705,-4.021347354713285,10.0,-0.14668351341509614,-0.9475526477365854,-0.12773493084422907,0.018948582570867067,0.0036484858519262742,-0.9748029053487469,46.378394585432346,0.08992296091523393,-10.0,-0.14689842196160066,-0.6110917570802272,-0.12773493084422907,0.01916349111737159,0.006191678621275229,-0.9748029053487469,44.54750908546677,0.14907591658419428,-10.0,-0.12930172046962268,-0.97473171753787,-0.12773493084422907,0.0015667896253936109,0.00047911010178466803,-0.9748029053487469,0.4475751591225345,0.004965785339539252,-7.866759491649184
7.640000000000001,0.11290893360688041,0.7209960889516492,-0.13746278907138595,-0.25037172267826635,0.0034925117132502187,-0.9727858227156883,50.0,-0.07267043335355056,10.0,0.19992033241102444,5.928829025861182,0.260849111177067,0.06092877876604255,0.2120118801444812,-0.85107988302906,8.897176271101412,0.3109060305902119,-4.939753979866663,0.4579938678163983,13.70314738507084,0.32767993232015746,-0.13031393549624082,0.1018744331924631,-0.2919742924157198,50.0,-5.0,10.0,-0.1561771629995972,-0.9493649584501052,-0.13746278907138595,0.018714373928211236,0.003930566087053397,-0.9727858227156883,45.05135402486469,0.09854126172458404,-10.0,-0.15309179422472868,-0.6193372263128035,-0.13746278907138595,0.01562900515334273,0.006409902395439937,-0.9727858227156883,30.882681415969437,0.12303147116282141,-10.0,-0.13903235978663028,-0.9730639317007604,-0.13746278907138595,0.0015695707152443283,0.0005921122021071873,-0.9727858227156883,0.3177840960866891,-0.0010793410029316948,-7.878700993155252
7.65,0.11248402175536583,-0.04249118515145811,-0.14716894033062788,-0.2596529620859937,0.0009002312109054273,-0.9706151259241902,50.0,-0.015229871419170146,10.0,0.2627447382911861,6.2824405880161684,0.2522456338996406,-0.0104991043915455,0.21127864504176413,-0.8603477277426386,2.994581989529123,-0.6179071472946014,10.0,0.5797145889351372,12.172072111873888,0.32455321972745177,-0.2551613692076854,0.09810561228919885,-0.3126712592705694,50.0,-5.0,10.0,-0.16572878641390817,-0.9551623414310986,-0.14716894033062788,0.01855984608328029,0.00421168078202931,-0.970615125924193,44.90663048153391,0.10007842883209599,-10.0,-0.15984245124705554,-0.6750657022326866,-0.14716894033062788,0.012673510916427655,0.006604144074827482,-0.970615125924193,20.859626463321735,0.1182514211453228,-10.0,-0.14873966224454846,-0.9707302457918172,-0.14716894033062788,0.0015707219139205753,0.0007048924458255747,-0.970615125924193,0.23968769245179047,0.005039192973799534,-7.866874499956248
7.66,0.10336240231250966,-0.9121619442856165,-0.15685185190815512,-0.2602142542206648,-0.0016106951368726591,-0.9682911577527265,50.0,0.027396871748073537,10.0,0.3262966271557,6.355188886451389,0.24355253494958537,-0.08274409220611464,0.20981568523105787,-0.8693098950055239,50.0,-1.6248106869308232,10.0,0.6754235286567267,9.570893972158954,0.3212215123648873,-0.35420201629183945,0.09360650272906455,-0.33317073625644955,50.0,-5.0,10.0,-0.1753697394634398,-0.9640953049531635,-0.15685185190815512,0.01851788755528469,0.004493269188077473,-0.9682911577527237,45.22200428334258,0.11510593328396869,-10.0,-0.1674822539023199,-0.7639802655264384,-0.15685185190815512,0.01063040199416479,0.006786846121321774,-0.9682911577527237,16.42349447375151,0.11291590399142913,-10.0,-0.158429168963585,-0.9689506719036546,-0.15685185190815512,0.0015773170554298777,0.0008175606835702389,-0.9682911577527237,0.19271499612166726,0.012789841154568254,-7.881014960958594
7.67,0.08498601990256276,-1.8376382409946908,-0.1665099947599817,-0.25149601466254445,-0.003941891459398635,-0.965814285182659,50.0,0.10370780039914544,10.0,0.38744111300534795,6.1144485849647925,0.23477290294356837,-0.15266821006177958,0.2076775582719436,-0.8779632006017002,50.0,-2.5688668153599115,10.0,0.7367350310685501,6.131150241182334,0.31768691461024395,-0.41904811645830614,0.08880290654036326,-0.35345977546433205,50.0,-5.0,10.0,-0.18511903514833947,-0.9749295684899666,-0.1665099947599817,0.018609040388357756,0.004776852548810048,-0.965814285182659,45.67546031146602,0.1141436099003986,-10.0,-0.17618863330574452,-0.8706379403424606,-0.1665099947599817,0.009678638545762813,0.0069706963008136485,-0.965814285182659,15.334551907160783,0.10777981091033563,-10.0,-0.16809329236410778,-0.9664123400522783,-0.1665099947599817,0.001583297604126066,0.0009300348936167273,-0.965814285182659,0.39802306894318396,0.032440024061214184,-7.792623501955159
7.68,0.05720107244379678,-2.778494745876597,-0.17614184375339195,-0.23334291619718872,-0.005997471146782863,-0.9631848993410241,50.0,0.12177632907925533,10.0,0.44299918309398434,5.55580700886364,0.22590985724303442,-0.21708932585094992,0.20495108431254772,-0.886304570053395,50.0,-3.3255320268416564,10.0,0.7583168101197124,2.1581779051162315,0.313951658991221,-0.4443651511284914,0.08414343723856672,-0.3735255619022937,50.0,-5.0,10.0,-0.19497356115176256,-0.9854526003423095,-0.17614184375339195,0.018831717398370612,0.005063714982827985,-0.9631848993410241,46.78534007450489,0.12765605521748308,-10.0,-0.18600813352662332,-0.9819500220878803,-0.17614184375339195,0.009866289773231368,0.00716755420075475,-0.9631848993410241,17.312730073351418,0.13522479839558538,-10.0,-0.17777528469259404,-0.9681992328486272,-0.17614184375339195,0.001633440939202091,0.001043189226293611,-0.9631848993410241,0.4344299496314286,0.003897424170435436,-8.00730147937779
7.69,0.020114731911174327,-3.7086340532622453,-0.18574587790777253,-0.20586060981894685,-0.007685213839646106,-0.9604034154380575,50.0,0.12498233164648731,10.0,0.4901504490892227,4.715126599523834,0.21696654684591676,-0.2731839022433059,0.20174773263016227,-0.8943310397117654,50.0,-3.8878866894042776,10.0,0.7383750704630231,-1.994173965668932,0.3100181047753288,-0.42835696568769427,0.08005928497825666,-0.3933554215892199,50.0,-5.0,10.0,-0.20489518258222947,-0.9921621430466908,-0.18574587790777253,0.01914930467445694,0.005354424243877223,-0.9604034154380575,48.55301463056772,0.1338039059884024,-10.0,-0.19686350685781762,-1.0855373331194298,-0.18574587790777253,0.011117628950045089,0.007387284223567143,-0.9604034154380575,23.131109440432326,0.15147777388915148,-10.0,-0.18736545229793375,-0.9590167605339708,-0.18574587790777253,0.0016195743901612214,0.0011552866462486203,-0.9604034154380575,0.44362161018439217,-0.0009466757919438626,-7.89882294848083
7.7,-0.025982876356279598,-4.609760826745393,-0.19532058063479557,-0.16933770427851597,-0.008917614799756727,-0.9574702727023043,50.0,0.11236113870378542,10.0,0.5267099786120102,3.655952952278752,0.20794614926781824,-0.31876382934419195,0.19819449904149247,-0.9020397578098527,50.0,-4.2277334867441,10.0,0.6788514203351032,-5.9523650127919945,0.3058887364797184,-0.3729626838553847,0.07692489464098201,-0.41293682956103916,50.0,-5.0,10.0,-0.21481146407411522,-0.9916281491885753,-0.19532058063479557,0.01949088343931965,0.005648495893189278,-0.9574702727023043,49.503612579443974,0.1365568433288249,-10.0,-0.20855339799357275,-1.1689891135755144,-0.19532058063479557,0.013232817358777182,0.007636511308512467,-0.9574702727023043,32.07811774253443,0.17759752042176263,-10.0,-0.19691767969636242,-0.9552227398428672,-0.19532058063479557,0.0015970990615668534,0.0012667799108485756,-0.9574702727023043,0.31896529285972863,0.0024653108732494,-7.849042667674753
7.71,-0.08058192104373714,-5.459904468745754,-0.2048644399779084,-0.12428251893417126,-0.009614449542223864,-0.9543859343112832,50.0,0.08602208050490784,10.0,0.5512685390710989,2.4558560459088703,0.198851869413045,-0.35241666965805385,0.19442474674032106,-0.9094279854773235,50.0,-4.405965897048525,10.0,0.5852768854959892,-9.357453483911398,0.30156616230191186,-0.28371072319407736,0.07502353275743237,-0.43225741778065707,50.0,-3.1455280599362223,10.0,-0.22463966751947187,-0.9828203445356639,-0.2048644399779084,0.019775227541563467,0.005944530203058479,-0.9543859343112832,50.0,0.15198045622809178,-10.0,-0.22076111328742615,-1.220771529385339,-0.2048644399779084,0.015896673309517745,0.00791755519454618,-0.9543859343112832,43.975171479157545,0.21723025692943035,-10.0,-0.20645693211839106,-0.9539252422028619,-0.2048644399779084,0.0015924921404826542,0.0013780973564736885,-0.9543859343112832,0.2622835656038674,0.008264521281353649,-7.855790551539714
7.72,-0.14281194935887226,-6.223002831513512,-0.21437594885108613,-0.07156399949221387,-0.009707789253994651,-0.9511508873177726,32.92182105422566,0.042055916976191446,10.0,0.5631774171111068,1.1908878040007966,0.189686938435926,-0.3734904786751808,0.19057075317316918,-0.9164930977119012,50.0,-4.468032627252126,10.0,0.4662803937656511,-11.899649173033808,0.2970531124724059,-0.1692272812932452,0.0745212248618033,-0.4513049829505955,50.0,-0.4606750550390499,10.0,-0.23429791174583203,-0.9658244226360173,-0.21437594885108613,0.019921962894745904,0.00624033227426954,-0.9511508873177726,50.0,0.1583729199609958,-10.0,-0.23306885147733117,-1.2307738189905022,-0.21437594885108613,0.01869290262624504,0.00822756160270768,-0.9511508873177726,50.0,0.26107838491556146,-10.0,-0.21597919706169752,-0.9522264943306463,-0.21437594885108613,0.001603248210611391,0.0014893524880128669,-0.9511508873177726,0.31250832568823605,0.0039354932825949995,-7.888634270530834
7.73,-0.21121410528050033,-6.840215592162806,-0.22385360527681405,-0.012639499996313724,-0.009150162694741507,-0.9477656425727926,-1.534805159206211,-0.02416119528457035,-4.430610582462876,0.562358190337481,-0.08192267736258363,0.18045461259279572,-0.3819035777446853,0.1867599096634586,-0.9232325843130273,50.0,-4.5210856551387835,10.0,0.3327631409062223,-13.351725285942885,0.2923524375302055,-0.040410703376016766,0.07545229035663743,-0.4700674942200389,-50.0,2.258309854928251,-10.0,-0.2437246267446652,-0.942671499883316,-0.22385360527681405,0.019871021467851135,0.006533309638936383,-0.9477656425727926,49.83406944893176,0.16427371587561262,-10.0,-0.24508335478253424,-1.2014503305203073,-0.22385360527681405,0.02122974950572018,0.008560004130816912,-0.9477656425727926,50.0,0.29183169693407046,-10.0,-0.22546700816150167,-0.9487811099804138,-0.22385360527681405,0.0016134028846876147,0.0016003646278577846,-0.9477656425727926,0.31344019810413426,0.004388830667001201,-7.905661649592165
7.74,-0.28323590940415344,-7.2021804123653075,-0.23329591262327684,0.0499399967808766,-0.007930544685696211,-0.9442307346462786,36.003151484915804,-0.05898116363943806,-10.0,0.5489375388041762,-1.3420651533304875,0.17115817208506887,-0.3777793667191073,0.18311632251160057,-0.9296440507726822,50.0,-4.496911992055281,10.0,0.19835271470205054,-13.441042620417173,0.2874671065223543,0.08911439182030376,0.07768753853688218,-0.48853310078512124,50.0,4.952510515382495,-10.0,-0.2528958800825084,-0.9171253337843226,-0.23329591262327684,0.019599967459231565,0.006821021846907131,-0.9442307346462786,48.62463029294833,0.17168238092449667,-10.0,-0.256529478187696,-1.1446123405161759,-0.23329591262327684,0.023233565564419162,0.008906801020512722,-0.9442307346462786,50.0,0.31934608803495435,-10.0,-0.23491129331002064,-0.9444285148518982,-0.23329591262327684,0.0016153806867438003,0.0017109612862104124,-0.9442307346462786,0.28869790733949474,0.00016337435188750328,-7.875713264254012
7.75,-0.3560523181122875,-7.281640870813405,-0.24270137984068302,0.11335093827160447,-0.006068871215898826,-0.9405467217406177,50.0,-0.08668189610620887,-10.0,0.5230346600886233,-2.59028787155529,0.16180091989378828,-0.361233740194835,0.17976301389680774,-0.9357252191280585,50.0,-4.423577933091384,10.0,0.07482361703371739,-12.352909766833315,0.28240020512862607,0.2075765880949087,0.0809985953945146,-0.5066901393728229,50.0,5.0,-10.0,-0.2618468885202662,-0.8951008437757816,-0.24270137984068302,0.0191455086795832,0.007101987018080541,-0.9405467217406177,45.87025471235919,0.1705466479354224,-10.0,-0.2671962005908379,-1.066672240314185,-0.24270137984068302,0.024494820750154855,0.00925841645204569,-0.9405467217406177,50.0,0.3307218442021292,-10.0,-0.24432678260264698,-0.9415489292626332,-0.24270137984068302,0.0016254027619639622,0.0018213702067563155,-0.9405467217406177,-0.18483704305572396,-3.90055615282326e-05,-7.900917079780159
7.76,-0.42666370482550475,-7.061138671321728,-0.2520685216967287,0.17459518312877603,-0.0036168055174788933,-0.9367141856045702,50.0,-0.069225298269757,-10.0,0.4846194043320688,-3.841525575655451,0.15238618060610537,-0.3322332237259634,0.17682483421711365,-0.9414739287682883,50.0,-4.209334142901362,10.0,-0.026725705112415427,-10.15493221461328,0.2771549337125421,0.3038806388249575,0.0850528950042255,-0.5245271416083996,50.0,5.0,-10.0,-0.27067241638291434,-0.882552786264812,-0.2520685216967287,0.018603894686185618,0.007376281243568879,-0.9367141856045702,43.565330749706725,0.16133703654990605,-10.0,-0.2769848183904821,-0.9788617799644229,-0.2520685216967287,0.024916296693753393,0.009605465596979666,-0.9367141856045702,50.0,0.3316842577607438,-10.0,-0.2537016578822133,-0.937487527956636,-0.2520685216967287,0.0016331361854846072,0.001931450321406825,-0.9367141856045702,0.5604289185910591,0.014957202346278299,-7.913571500767911
7.7700000000000005,-0.49229186340359365,-6.56281585780889,-0.2613958590111289,0.23089600439246477,-0.0006515638877733565,-0.9327337314400164,50.0,-0.025193462835104725,-10.0,0.4336836014574191,-5.093580287464969,0.1429172992340579,-0.2907663022233612,0.17442652922362653,-0.9468881372047488,50.0,-3.7911342376789627,10.0,-0.09737223933785294,-7.064653422543751,0.27173460529995114,0.3691068446378041,0.08945042879285792,-0.5420328412590936,50.0,5.0,-10.0,-0.2794878542418777,-0.8815437858963393,-0.2613958590111289,0.018091995230748836,0.007645355574466,-0.9327337314400164,40.731174324705336,0.11922249097200585,-10.0,-0.2859131297596076,-0.892831136912545,-0.2613958590111289,0.024517270748478703,0.009939921418155709,-0.9327337314400164,50.0,0.29698451966938355,-10.0,-0.26302938927437736,-0.9327731392164009,-0.2613958590111289,0.0016335302632484727,0.00204106293796095,-0.9327337314400164,0.5866254842884248,-0.021769695236397366,-7.951762240526713
7.78,-0.5507453316010598,-5.845346819746615,-0.27068191888919285,0.2800634127118669,0.0027336049213199736,-0.9286059878063968,50.0,0.06101840995719274,-10.0,0.37052410684972387,-6.31594946076952,0.13339764002610835,-0.23712646682361552,0.17268685950146734,-0.951965920794956,50.0,-3.0796290905953616,10.0,-0.13132958501779818,-3.395734567994523,0.2661426434864578,0.39747222850425595,0.09376472453469993,-0.5591961813493362,50.0,5.0,-10.0,-0.28841289387263547,-0.8925039630757761,-0.27068191888919285,0.017730974983442616,0.007911915720608004,-0.9286059878063968,40.46710297009187,0.19225455400787758,-10.0,-0.2941046495097687,-0.8191519750161141,-0.27068191888919285,0.02342273062057587,0.010256063921863078,-0.9286059878063968,50.0,0.3038793688797775,-10.0,-0.2722920407751255,-0.9262651500748132,-0.27068191888919285,0.001610121885932625,0.0021497906718277574,-0.9286059878063968,-0.27009123915821814,-0.012469596534195292,-7.804922533986338
7.79,-0.6005582575083946,-4.981292590733489,-0.27992523495442123,0.3206330225539734,0.0064380644059330566,-0.924331606522838,50.0,0.16884043944979685,-10.0,0.29601254174222785,-7.451156510749601,0.12383058527184794,-0.17218195647037993,0.1717101555878385,-0.9567054754260423,50.0,-2.152024468871672,10.0,-0.12662949869213777,0.47000863256603953,0.26038258027499667,0.3870120789671344,0.09758784446111467,-0.5760063211461164,50.0,5.0,-10.0,-0.2975178955917561,-0.9105001719120638,-0.27992523495442123,0.01759266063733489,0.00817889234417256,-0.924331606522838,40.40872431544329,0.18846802063750764,-10.0,-0.30176121226591485,-0.7656562756146119,-0.27992523495442123,0.021835977311493615,0.010550989322539476,-0.924331606522838,50.0,0.2930297718396562,-10.0,-0.2815619376504767,-0.9269896875351247,-0.27992523495442123,0.001636702696055481,0.0022588566675418244,-0.924331606522838,0.44374712319754284,0.004871744887432826,-7.9037493102353125
7.8,-0.6409033826057916,-4.034512509739693,-0.2891243475800527,0.35177903502573893,0.010359306007164415,-0.9199112625631445,50.0,0.2645342903158564,-10.0,0.21174551180858542,-8.426702993364241,0.1142195341002744,-0.09752597770831102,0.17157756611009184,-0.9611051171573542,50.0,-1.0083568554210744,10.0,-0.08535896672606375,4.127053196607402,0.25445805384494985,0.3398170205710136,0.10057330934716406,-0.5924526430046817,50.0,5.0,-10.0,-0.3068348392130302,-0.9316943621274056,-0.2891243475800527,0.0177104916329775,0.008449166696715076,-0.9199112625631445,39.056221184543325,0.1827482428113287,-10.0,-0.3091270880457709,-0.7365875779856017,-0.2891243475800527,0.020002740465718205,0.010824675484995218,-0.9199112625631445,50.0,0.27629425783694794,-10.0,-0.29078955353417885,-0.9227615883702116,-0.2891243475800527,0.00166520595412617,0.002367784885920107,-0.9199112625631445,0.3351441789752057,0.008624923599441408,-7.933047422220957
7.8100000000000005,-0.6714115853861957,-3.050820278040413,-0.29827780411956684,0.3731337812666289,0.014395725847634745,-0.915345653951416,50.0,0.3814683355508134,-10.0,0.12003575485338905,-9.170975695519637,0.104567901272103,-0.01546785358128605,0.17233998514383092,-0.9651632828171399,-1.8869388273213907,0.25996382745161517,-5.68902577041659,-0.013362383504670006,7.199658322139374,0.24837280625419159,0.26173518975886156,0.10247069541253874,-0.6085247590758291,50.0,4.746952300827589,-10.0,-0.3163670025780427,-0.9532163365012527,-0.29827780411956684,0.01808919845847584,0.008725380314949958,-0.915345653951416,43.5962363079474,0.20311869405077995,-10.0,-0.31645055197889865,-0.7323463933127774,-0.29827780411956684,0.018172747859331817,0.011079637602919815,-0.915345653951416,43.44845283086738,0.27061051713374246,-10.0,-0.2999591358113323,-0.9169582277153461,-0.29827780411956684,0.0016813316917654864,0.002476294025609297,-0.915345653951416,0.4786138969019781,-4.383915159342309e-05,-7.929647056941506
7.82,-0.6919915992191582,-2.0580013832962516,-0.3073841591360632,0.384607440083095,0.01844760038679532,-0.910635501649637,50.0,0.47027413643890337,-10.0,0.02413132239856622,-9.590443245482282,0.09487911596652383,0.07074779356795761,0.1740065074040587,-0.9688785305579164,50.0,1.553386115138332,-10.0,0.080405512931001,9.3767896435671,0.24213068107553118,0.1617251681445302,0.10315026812962733,-0.6242125178660407,50.0,1.434105287643207,-10.0,-0.32602344447533327,-0.9656441897290607,-0.3073841591360632,0.018639285339270062,0.009008337587315564,-0.910635501649637,45.67807429211836,0.22518928604801616,-10.0,-0.3240218134597822,-0.7571261480883545,-0.3073841591360632,0.016637654323718998,0.011321726760965841,-0.910635501649637,37.29534055326794,0.25292869369668697,-10.0,-0.30907082412138714,-0.9111688310054835,-0.3073841591360632,0.001686664985323938,0.0025842775585630845,-0.910635501649637,0.40442478274088095,0.004698079989467503,-7.901147401077258
7.83,-0.7027842772171567,-1.0792677997998563,-0.31644197463052304,0.3863423025866337,0.022418950192641642,-0.9057815494459831,50.0,0.5341765964156997,-10.0,-0.07268417417106066,-9.681549656962687,0.08515662056281989,0.15784079473388055,0.17655307031709377,-0.9722495403703929,50.0,2.7813680420273417,-10.0,0.18529531835631907,10.488980542531808,0.23573562096901976,0.05044030261270069,0.10260577310150115,-0.6395060106511419,-50.0,-1.7844361472358201,10.0,-0.3357080725312769,-0.9684628055943606,-0.31644197463052304,0.019266097900753842,0.00929784484688254,-0.9057815494459831,47.760194972843706,0.21510563943386632,-10.0,-0.3320450120252812,-0.8023198565498993,-0.31644197463052304,0.015603037394758157,0.011557989120568412,-0.9057815494459831,35.215524894741264,0.26335123636938984,-10.0,-0.31813716553029897,-0.9066341408911803,-0.31644197463052304,0.0016951908997759335,0.0026918928816499622,-0.9057815494459831,0.39757299199061524,0.002297568767658075,-7.913660493839856
7.84,-0.7041650944955206,-0.13808172783638106,-0.3254498202688757,0.37871527422664486,0.02621991110769173,-0.9007845638352663,50.0,0.579359915855835,-10.0,-0.1670028933392171,-9.431871916815645,0.07540386941731327,0.2424067627565304,0.17992032513634065,-0.9752751145506611,50.0,3.950893970694239,-10.0,0.28814697189878774,10.285165354246866,0.22919166519168843,-0.05895530670709931,0.10098770349900547,-0.6543955777331328,50.0,-4.492404370796773,10.0,-0.34531088843097824,-0.960281589970134,-0.3254498202688757,0.019861068162102535,0.009592483687500578,-0.9007845638352663,50.0,0.2545214102381319,-10.0,-0.34057335314666914,-0.8528341121387968,-0.3254498202688757,0.015123532877793444,0.011794507860560228,-0.9007845638352663,34.99289463993024,0.271886228413351,-10.0,-0.32715110865007585,-0.90139431197769,-0.3254498202688757,0.00170128838120015,0.0027990451966597323,-0.9007845638352663,-0.6797833297476127,0.009770209758313516,-7.9028100441895415
7.8500000000000005,-0.6966061632035198,0.755893129200084,-0.33440627360787517,0.3621998895956446,0.029766320690728168,-0.895645333899947,50.0,0.5781660386877189,-10.0,-0.2557476412272913,-8.874474788807419,0.06562432763604525,0.3213719688633366,0.18402149230385476,-0.9779541781267997,50.0,4.9819238149083604,-10.0,0.37896785483022094,9.082088293143318,0.2225029470462635,-0.15646490778395744,0.09851484559185157,-0.6688718145424932,50.0,-5.0,10.0,-0.35471872282126043,-0.9407834390282214,-0.33440627360787517,0.020312449213385264,0.009889686523537253,-0.895645333899947,50.0,0.2414505160988148,-10.0,-0.3495845701523847,-0.9011217005715578,-0.33440627360787517,0.015178296544509529,0.012036402996062479,-0.895645333899947,36.621329853786825,0.25350077070492083,-10.0,-0.3361175753699583,-0.8966466719882428,-0.33440627360787517,0.0017113017620831172,0.002905822881479388,-0.895645333899947,0.14778515681174748,0.027109814182157733,-7.905361591769859
7.86,-0.6808181797499051,1.5787983453614607,-0.3433099203197102,0.3375082594301949,0.03298352345049397,-0.8903646711835023,50.0,0.5736999623463058,-10.0,-0.33605743458432663,-8.03097933570353,0.05582146984364799,0.39187890442797463,0.18874337928170484,-0.9802857792397257,50.0,5.0,-10.0,0.44870229721207355,6.973444238185261,0.21567369127049138,-0.23302860594158217,0.09548721510861723,-0.682925577577212,50.0,-5.0,10.0,-0.36385735099512656,-0.9138628173866106,-0.3433099203197102,0.020547430675416367,0.010186547112030079,-0.8903646711835023,50.0,0.27129368167026524,-10.0,-0.35896824554961154,-0.9383675397226818,-0.3433099203197102,0.01565832522990135,0.01228682300233376,-0.8903646711835023,37.813212788988054,0.2715558496187803,-10.0,-0.3450332863200477,-0.8915710950089407,-0.3433099203197102,0.0017233660003375117,0.0030122136509836573,-0.8903646711835023,0.1930002863707183,0.0028076968837213324,-7.908655275385876
7.87,-0.6577729801715628,2.3045199578342226,-0.3521593544153519,0.3056136257562109,0.03580920771227266,-0.8849434095641706,50.0,0.4988195836819893,-10.0,-0.405381818262579,-6.9324383678252355,0.04599877894881394,0.45138059721139295,0.19395042909060128,-0.9822690894834063,50.0,5.0,-10.0,0.49039463254712035,4.169233533504677,0.20870821136869236,-0.281686421178428,0.09225342754348247,-0.6965479901799077,50.0,-5.0,10.0,-0.3726777884961427,-0.8820437501016141,-0.3521593544153519,0.020518434080790793,0.010479935827848147,-0.8849434095641706,50.0,0.2654530036260636,-10.0,-0.3685744281436657,-0.9606182594054138,-0.3521593544153519,0.0164150737283138,0.01254703556555744,-0.8849434095641706,42.509416305988054,0.3249977144655373,-10.0,-0.35389522263354,-0.8861936313492323,-0.3521593544153519,0.001735868218188108,0.0031181916963004615,-0.8849434095641706,0.2976558626788546,0.00392556537690814,-7.923539356545908
7.88,-0.6287136046420065,2.905937552955624,-0.36095317846657193,0.2677604261754346,0.03819621821873144,-0.8793824051220034,50.0,0.41529819109696947,-10.0,-0.46151535998630033,-5.613354172372132,0.03615974490684983,0.49767510489315014,0.19948851555677,-0.9839034041964179,50.0,5.0,-10.0,0.49961732350568483,0.9222690958564499,0.20161090688726624,-0.2980064166184186,0.08918113646771264,-0.7097304481426148,50.0,-5.0,10.0,-0.3811623713783592,-0.8484582882216488,-0.36095317846657193,0.020209192911787244,0.010766873585788183,-0.8793824051220034,50.0,0.2794687771177975,-10.0,-0.37820330549193376,-0.9628877348268085,-0.36095317846657193,0.017250127025361828,0.012815825609293738,-0.8793824051220034,46.97855435536559,0.34111990919866575,-10.0,-0.36269493842144934,-0.8799715787909321,-0.36095317846657193,0.0017417599548774088,0.0032236064537283287,-0.8793824051220034,0.48393781721079926,0.016153818018920556,-7.9295822635261235
7.890000000000001,-0.5951072539929685,3.360635064903803,-0.36969000382661005,0.22541725016635844,0.04011432721390464,-0.8736825360038114,50.0,0.32313974596621675,-10.0,-0.5026589744437353,-4.1143614457435005,0.026307863479699226,0.5289668379234346,0.20518962008057867,-0.9851881427150544,50.0,5.0,-10.0,0.47472974389810785,-2.4887579607576984,0.1943862606358409,-0.28034348326226693,0.08662657743116574,-0.7224646251425326,50.0,-5.0,10.0,-0.38932564172567624,-0.8163270347317073,-0.36969000382661005,0.019635637899066194,0.011044862668252015,-0.8736825360038114,48.12359722144253,0.2696995534193392,-10.0,-0.38766946662423546,-0.9466161132301723,-0.36969000382661005,0.017979462797625412,0.01309028184859301,-0.8736825360038114,49.028862850088046,0.36433072345017214,-10.0,-0.37142830140394834,-0.8733362982498992,-0.36969000382661005,0.001738297577338288,0.0033283230593267018,-0.8736825360038114,0.7498654334597351,0.007297441077718773,-7.880119961793878
7.9,-0.5585311753359481,3.657607865702041,-0.37836845084946025,0.18016272448648785,0.041550193672199316,-0.86784470228502,50.0,0.21704334192314784,-10.0,-0.5275217858522854,-2.486281140855011,0.016446634993920423,0.5439684208462058,0.21087793240312624,-0.9861228485778861,50.0,5.0,-10.0,0.41695438881609376,-5.777535508201408,0.18703883585584152,-0.22991555296025223,0.08490517545238335,-0.734742477999939,50.0,-4.030217814781788,10.0,-0.39723076759523246,-0.7905125869556239,-0.37836845084946025,0.018862316745772212,0.011312537094405299,-0.86784470228502,44.93205512374159,0.2742362293621033,-10.0,-0.3968518187021039,-0.9182352077868443,-0.37836845084946025,0.01848336785264365,0.013366939047898131,-0.86784470228502,50.0,0.34164309511345375,-10.0,-0.3801166538674942,-0.8688352463545855,-0.37836845084946025,0.001748203018033967,0.0034326886141425,-0.86784470228502,0.5470718073083892,0.02124770234984641,-7.865317168139493
7.91,-0.5205080500130749,3.802312532287326,-0.3869871491077351,0.1335209009053398,0.042505171428023986,-0.8618698258274826,44.06280512581894,0.16279288121697905,-10.0,-0.5354616091017703,-0.7939823249484976,0.0065795630970427255,0.5420411721988131,0.21637774235760923,-0.9867071896877633,50.0,5.0,-10.0,0.33027401944393553,-8.66803693721582,0.17957327333823742,-0.1507007461056981,0.08426497168504796,-0.7465562517604107,50.0,-1.7487548273187559,10.0,-0.40497306206175077,-0.7742294466518295,-0.3869871491077351,0.017985912954015693,0.01156981916861064,-0.8618698258274826,40.72677314844443,0.2537122890097574,-10.0,-0.4056977380820503,-0.8845919379946388,-0.3869871491077351,0.018710588974315212,0.013642504131440747,-0.8618698258274826,50.0,0.38108515030160794,-10.0,-0.3887652947693354,-0.864864090184118,-0.3869871491077351,0.0017781456616003388,0.003536956479776915,-0.8618698258274826,-0.1631743832177504,0.013277424433693546,-7.970138241460128
7.92,-0.4823581185839294,3.8149931429145445,-0.3955447376090685,0.08681338097486091,0.04299180592348114,-0.8557588501333424,13.142283912659527,0.08589725792973275,-5.296179260236726,-0.5266369015586335,0.8824707543136816,-0.003289846487273981,0.5233470550713596,0.22152296583289147,-0.9869409584316702,50.0,5.0,-10.0,0.2211445210228901,-10.912949842104544,0.17199428849232706,-0.049150232530563026,0.08486476434395276,-0.7578984845910353,-42.90891504996187,0.7443640823004118,-10.0,-0.41266367958287253,-0.769061752112178,-0.3955447376090685,0.017118941973804036,0.011817914763559896,-0.8557588501333424,37.46887558999104,0.2607447580411265,-10.0,-0.4142244301567749,-0.8526692074724618,-0.3955447376090685,0.018679692547706406,0.013914567977665057,-0.8557588501333424,48.171838465144035,0.3798495279485625,-10.0,-0.39732590037387927,-0.8560605604543845,-0.3955447376090685,0.001781162764810773,0.0036403741634704616,-0.8557588501333424,0.27716607330937704,0.027593809789377418,-7.899201341916632
7.930000000000001,-0.44512718400164913,3.723093458228026,-0.4040398650110345,0.04108731899061463,0.04303036976756448,-0.8495127401966007,0.3820267053618254,-0.0039042059111991582,-0.11338151310509509,-0.5022624757288238,2.437442582980979,-0.013158087204800611,0.48910438852402316,0.2261702654598336,-0.9868240717526622,50.0,5.0,-10.0,0.10019539859004695,-12.094912243284314,0.1643066683673826,0.06411126977733567,0.08671536826605455,-0.768762012494445,50.0,3.4700736666350593,-10.0,-0.42039537155920065,-0.7731691976328141,-0.4040398650110345,0.016355506548166143,0.01205878674880484,-0.8495127401966007,33.70802190254133,0.2459395476835651,-10.0,-0.42253830486148625,-0.8313874704711338,-0.4040398650110345,0.018498439850451742,0.014182691123216688,-0.8495127401966007,48.134772718479546,0.3604060719452448,-10.0,-0.40582881910772683,-0.8502918733847551,-0.4040398650110345,0.00178895409669233,0.0037432928917758602,-0.8495127401966007,0.30499125111572717,0.014985494758898456,-7.8800850265984606
7.94,-0.40949887287817904,3.562831112347008,-0.4124711898345367,-0.0029723169563576346,0.04264436348676621,-0.8431324823502173,0.348326856818756,-0.05678441309977457,4.502488956094256,-0.46433218262909715,3.7930293099726624,-0.023021652916595307,0.44131052971250184,0.23020406782596137,-0.9863565711794697,50.0,3.55085339916101,-10.0,-0.023231340604995543,-12.342673919504248,0.15651526862904455,0.1797466092340401,0.08974710175034538,-0.7791399738338062,50.0,5.0,-10.0,-0.42825399999713054,-0.785862843792992,-0.4124711898345367,0.015782810162593863,0.012295201134810078,-0.8431324823502173,32.4149887116663,0.24309312941823807,-10.0,-0.4307269672295257,-0.8188662368039464,-0.4124711898345367,0.018255777394989015,0.014447135520846973,-0.8431324823502173,45.788576233043955,0.3677507195954813,-10.0,-0.41428155753077317,-0.8452738423046324,-0.4124711898345367,0.0018103676962364923,0.0038459239529686886,-0.8431324823502173,0.39562376902023966,0.011860298927405942,-7.931286184771499
7.95,-0.3758088521639427,3.3690020714236306,-0.42083738067564497,-0.04502852851170225,0.04185717799450682,-0.836619084110829,11.967881156850877,-0.12191968532072739,9.065997287495444,-0.4156261272658376,4.8706055363259555,-0.032877039144729045,0.3827490881211085,0.23354449815353986,-0.9855386228133756,50.0,1.9794282093159876,-10.0,-0.1386298351786116,-11.539849457361607,0.14862501049238824,0.28725484567099985,0.09377363515279154,-0.7890258136656281,50.0,5.0,-10.0,-0.43628264447757253,-0.8028644480441981,-0.42083738067564497,0.015445263801927567,0.012529940217633774,-0.836619084110829,30.81029683997923,0.25798909578810847,-10.0,-0.43890984227922664,-0.8182875049700967,-0.42083738067564497,0.01807246160358167,0.014709688887379798,-0.836619084110829,45.57889519392975,0.36610190464084397,-10.0,-0.42266034655712004,-0.8378789026346888,-0.42083738067564497,0.0018229658814750693,0.003947941502046908,-0.836619084110829,0.22471844074641745,0.009878014986321366,-7.896902493378925
7.96,-0.344235452839458,3.157339932448469,-0.4291371164158429,-0.0849016635763849,0.04069242736549812,-0.8299735740197933,36.30585333389102,-0.17116132978334717,10.0,-0.3593763077859541,5.624981947988351,-0.042720744317402574,0.3166555634685515,0.23614855559342654,-0.9843705172673523,50.0,0.4358297840053303,-7.361881800106849,-0.23568873251821595,-9.705889733960435,0.1406408776135656,0.37632961013178157,0.0985075202275054,-0.7984132878822603,50.0,5.0,-10.0,-0.44450149048903065,-0.8218846011458104,-0.4291371164158429,0.015364374073187748,0.012765772418480231,-0.8299735740197933,32.68591608883104,0.25668114173901957,-10.0,-0.4471608211556281,-0.8250978876401452,-0.4291371164158429,0.018023704739785207,0.014972435723541667,-0.8299735740197933,43.28275574631351,0.4359925796815867,-10.0,-0.4309794378948947,-0.8319091337774623,-0.4291371164158429,0.0018423214790517783,0.004049555630215172,-0.8299735740197933,0.6317891847447401,0.019916504346789442,-7.931395441605954
7.97,-0.3148749346576304,2.9360518181827593,-0.43736908643064476,-0.12249415177301437,0.039173880665949706,-0.8231970014801859,50.0,-0.2216362077090818,10.0,-0.29894979927042126,6.042650851553285,-0.05254927101304185,0.2464005282573794,0.238008295790845,-0.9828526695639273,-50.0,-0.8252687008703142,10.0,-0.3052425236264481,-6.955379110823214,0.1325679129420301,0.4378104365684782,0.1035811625042725,-0.807296467153551,50.0,5.0,-10.0,-0.45287589316104443,-0.8374402672013767,-0.43736908643064476,0.01550680673039967,0.013004584512504367,-0.8231970014801859,32.1018403462454,0.2566543676440296,-10.0,-0.4555343991473768,-0.8373577991748679,-0.43736908643064476,0.01816531271673205,0.015237824630626473,-0.8231970014801859,46.90900074156811,0.40356507986426254,-10.0,-0.4392225157508608,-0.8243077855966094,-0.43736908643064476,0.001853429320216038,0.0041505207019769935,-0.8231970014801859,0.2361532304924908,0.011121783929190535,-7.923463151178811
7.98,-0.2878210198893254,2.7053914768305014,-0.44553199079655464,-0.15771097090722924,0.037326231809194366,-0.8162904365909884,50.0,-0.2501011931424861,10.0,-0.23828986567781824,6.0659933592603,-0.062359127202907885,0.17593073847491036,0.2391610038396681,-0.9809856189866017,-50.0,-1.8002746606581312,10.0,-0.33990125500775037,-3.4658731381302275,0.1244112155352993,0.4643124705430497,0.10857087452351602,-0.8156697406730751,50.0,5.0,-10.0,-0.461367939767865,-0.8492046606820567,-0.44553199079655464,0.015835948971310354,0.013247864468285676,-0.8162904365909884,34.26107004382896,0.3074729927810401,-10.0,-0.46396109634955857,-0.8426697202181743,-0.44553199079655464,0.01842910555300392,0.01550638265817833,-0.8162904365909884,48.99719449040333,0.41256410671783206,-10.0,-0.4473926650015589,-0.8170149250698089,-0.44553199079655464,0.0018606742050042424,0.004250828936534017,-0.8162904365909884,0.6275887704721187,0.037101063972053414,-7.859769365019746
7.99,-0.26327465082202006,2.4546369067305345,-0.45362454049634837,-0.1903498896743283,0.03517726922177803,-0.8092549699793727,50.0,-0.33953716870234296,10.0,-0.17959501831772237,5.8694847360095865,-0.07214682749181092,0.10744819082591145,0.23964853727432625,-0.9787700288903036,-50.0,-2.289133527389663,10.0,-0.3360367029147578,0.3864552092992555,0.11617593733827872,0.45221264025303654,0.11305435540511648,-0.8235278197020524,50.0,5.0,-10.0,-0.4698945232102699,-0.8526583442404898,-0.45362454049634837,0.01626998271392155,0.01349583012984894,-0.8092549699793727,36.0942522746995,0.2962251974538111,-10.0,-0.4723474633198428,-0.8386366970284228,-0.45362454049634837,0.018722922823494415,0.015777475556116118,-0.8092549699793727,49.736378265932075,0.4222062773179553,-10.0,-0.455515644877121,-0.8122979875562081,-0.45362454049634837,0.0018911043807726124,0.004350969779097364,-0.8092549699793727,0.46114225044582774,0.005630942761807195,-7.943645726854871
8.0,-0.24155479420661255,2.171985661540752,-0.46164545762261394,-0.2200906634160014,0.03275916402146394,-0.802091712626557,50.0,-0.38720125634215996,10.0,-0.12427463680981643,5.532038150790593,-0.08190889435643992,0.042365742453376515,0.23951899088378095,-0.9762066864628993,-42.93604652429563,-2.4781187894917793,10.0,-0.2938535937047283,4.218310921002951,0.10786727992919228,0.40172087363392056,0.11664973304935539,-0.8308657409086428,50.0,5.0,-10.0,-0.47836245496040036,-0.8467931750130459,-0.46164545762261394,0.01671699733778642,0.013747679420728109,-0.802091712626557,37.853569286867305,0.3093580403435775,-10.0,-0.48057614393974246,-0.822868061989965,-0.46164545762261394,0.01893068631712852,0.0160490692254864,-0.802091712626557,50.0,0.4363454869367294,-10.0,-0.4635544990142189,-0.8038854137097946,-0.46164545762261394,0.0019090413916049709,0.004450448734384394,-0.802091712626557,0.5830531896764465,0.012973813305422736,-7.913273986337927
8.01,-0.2231603488503378,1.839444535627473,-0.469593475579557,-0.2464331267292192,0.030110888300609002,-0.7948017956943054,50.0,-0.4331224667761158,10.0,-0.07294965058615534,5.132498622366109,-0.09164185938092291,-0.018692208794767573,0.23881881893359666,-0.9732965024482995,18.749407523438094,-2.4183998721722006,10.0,-0.2174742925081351,7.637930119659318,0.09949049123413999,0.3169647837422751,0.11905558787481221,-0.8376788695052262,50.0,5.0,-10.0,-0.48667616263059954,-0.8313707670199192,-0.469593475579557,0.017082687051042544,0.014001643367940525,-0.7948017956943054,39.61126579294248,0.3176796768338385,-10.0,-0.4885158243639529,-0.7939680424210439,-0.469593475579557,0.018922348784395915,0.016317689517572464,-0.7948017956943054,50.0,0.4361677003770668,-10.0,-0.47152012439160707,-0.7965625377388156,-0.469593475579557,0.001926648812050069,0.004549371476278776,-0.7948017956943054,0.2909682863913041,0.00983185587983022,-7.925213387762928
8.02,-0.20885117027761713,1.4309178572720687,-0.47746733928300694,-0.2686161690053898,0.027281634824827896,-0.7873863703449946,50.0,-0.46191695893683704,10.0,-0.025691600549254227,4.725805003690111,-0.10134226448913143,-0.07565066393987721,0.2375897317938289,-0.9700405108208521,50.0,-2.2863919814785074,10.0,-0.11447527321523397,10.299901929290114,0.09105086221240474,0.2055261354276387,0.12008085903615959,-0.8439629021735257,50.0,2.69713889521232,-10.0,-0.49474945672939297,-0.8073294098793412,-0.47746733928300694,0.017282117446386025,0.01425519748339232,-0.7873863703449946,38.98776076790126,0.32298635210768945,-10.0,-0.4960446214949684,-0.7528797131015509,-0.47746733928300694,0.018577282211961477,0.016578750311002234,-0.7873863703449946,48.21993766306,0.4135018932834103,-10.0,-0.4794060152331324,-0.7885890841525337,-0.47746733928300694,0.001938675950125479,0.004647617144195284,-0.7873863703449946,0.4487471378798108,0.01774163315985202,-7.911668798184138
8.03,-0.1997016274601328,0.9149542817484299,-0.485265805358606,-0.28556417789847316,0.024334497617668323,-0.7798466075599031,50.0,-0.47384505531740584,10.0,0.017566241971702146,4.325784252095637,-0.1110066631733201,-0.12857290514502223,0.23587142431716912,-0.9664398684188654,50.0,-2.2761434324463967,10.0,0.004978003538027367,11.945327675326133,0.0825537235145666,0.07757571997653923,0.11966208346839236,-0.8497138697838149,-50.0,-1.5684559307184962,10.0,-0.5025401788955458,-0.7790722166152831,-0.485265805358606,0.017274373536939835,0.014505848440423246,-0.7798466075599031,38.48028424812059,0.3168486645832964,-10.0,-0.5030943714612801,-0.7049749966311707,-0.485265805358606,0.017828566102674137,0.01682753347169209,-0.7798466075599031,43.796186548473,0.4149349106773066,-10.0,-0.4872155987207039,-0.7809583487571472,-0.485265805358606,0.0019497933620979402,0.004745210912691978,-0.7798466075599031,0.44497037597035655,0.013397289298610917,-7.890799723427836
8.040000000000001,-0.19712901281427977,0.25726146458530474,-0.4929876423381603,-0.29585862952388053,0.021350185175970985,-0.7721836979554308,50.0,-0.4694438430088905,10.0,0.05696773480722554,3.9401492835523393,-0.12063162171865824,-0.17759935652588377,0.23370141582355505,-0.9624958545338125,50.0,-2.415879920893737,10.0,0.12646011437328686,12.14821108352595,0.07400444211554724,-0.052455672257739616,0.11792270563746236,-0.8549281399019351,50.0,-5.0,10.0,-0.5100410058974228,-0.7500827001877054,-0.4929876423381603,0.01705336355926257,0.014751390346034643,-0.7721836979554308,36.98320547623703,0.3261545611430546,-10.0,-0.5096590422434067,-0.6564670782126638,-0.4929876423381603,0.016671399905246465,0.01705989417856582,-0.7721836979554308,38.03576005654294,0.3773346995921451,-10.0,-0.49495499916840363,-0.7739400447699708,-0.4929876423381603,0.0019673568302433497,0.004842278485471409,-0.7721836979554308,0.3150526128060434,0.03873686845382875,-7.898909740264884
8.05,-0.20246581784125559,-0.5336805026975805,-0.5006316308540955,-0.29816581301283984,0.018421895096112344,-0.7643988515935174,50.0,-0.4126272101052378,10.0,0.0917619984857716,3.479426367854605,-0.13021372042319782,-0.22197571890896942,0.2311337159976799,-0.9582098704539577,50.0,-2.6872535055266367,10.0,0.2391382794017457,11.267816502845884,0.06540841792472331,-0.1737298614770224,0.11505862537240756,-0.8596024190823948,50.0,-5.0,10.0,-0.5172869893956679,-0.7245983498245016,-0.5006316308540955,0.016655358541572407,0.014990403766432818,-0.7643988515935174,35.29084181333036,0.3183349847092677,-10.0,-0.515844121691242,-0.6185079447835318,-0.5006316308540955,0.015212490837146597,0.01727386988141564,-0.7643988515935174,31.465920272033863,0.3586985166311574,-10.0,-0.5026184567229389,-0.7663457554535259,-0.5006316308540955,0.001986825868843467,0.004938781319705197,-0.7643988515935174,0.8141704982708842,0.008641382066587183,-7.91319655536639
8.06,-0.21680098620100827,-1.4335168359752688,-0.5081965638320115,-0.2913955776310032,0.01565129100339984,-0.756493297791605,50.0,-0.3272557696169529,10.0,0.12074140651209633,2.8979408026324727,-0.13974955481289905,-0.2604909613249954,0.22823901230416668,-0.9535834389701237,50.0,-2.948750380438453,10.0,0.3323003138727202,9.316203447097449,0.05677108037521335,-0.27552923349750685,0.11137171269272274,-0.863733754950996,50.0,-5.0,10.0,-0.524348408859993,-0.706141946432512,-0.5081965638320115,0.016151845027981504,0.015222536411355883,-0.756493297791605,33.571981456492836,0.33456245387616845,-10.0,-0.5218082894867037,-0.5964167795461603,-0.5081965638320115,0.013611725654692153,0.01746962881591718,-0.756493297791605,25.185612971221143,0.3016626178803312,-10.0,-0.5101973002061078,-0.7578843483168879,-0.5081965638320115,0.002000736374096257,0.005034577118277848,-0.756493297791605,0.4357693161049802,0.02258285405708166,-7.873811676309744
8.07,-0.2407256717038642,-2.3924685502855927,-0.5156812466812972,-0.27495557497743306,0.01314098210865407,-0.7484682849285718,50.0,-0.2975231585545232,10.0,0.14236107789326136,2.161967138116502,-0.14923573685120925,-0.29159681474447063,0.22510684744291032,-0.9486182038310198,50.0,-3.306919608778695,10.0,0.39707493420748685,6.4774620334766695,0.04809788499454112,-0.34897704921294576,0.10723419599724562,-0.8673195380672238,50.0,-5.0,10.0,-0.5313127152006206,-0.6964306340627594,-0.5156812466812972,0.0156314685193234,0.015448494159955393,-0.7484682849285718,30.67233297212593,0.31167649497522565,-10.0,-0.5277379167772069,-0.5929627290503288,-0.5156812466812972,0.012056670095909716,0.01764949178978131,-0.7484682849285718,20.243227040671606,0.29577181863992,-10.0,-0.5177051849806982,-0.7507884774590425,-0.5156812466812972,0.0020239382994009514,0.0051298953490177615,-0.7484682849285718,0.6436824216658049,0.009580947058876845,-7.90624706939431
8.08,-0.2742501568755246,-3.352448517166044,-0.5230844974837662,-0.24883434060824156,0.010987883554288258,-0.7403250802468953,50.0,-0.21840574134168747,10.0,0.15510000665918514,1.273892876592377,-0.1586688961428198,-0.3137689028020049,0.22184176912723103,-0.9433159291610538,50.0,-3.4627732649211063,10.0,0.4271523016917937,3.007736748430683,0.03939430995880268,-0.387757991732991,0.10305584240507264,-0.8703575035738431,50.0,-5.0,10.0,-0.5382728887768864,-0.6960173576265757,-0.5230844974837662,0.015188391293120218,0.015669979808649252,-0.7403250802468953,29.193513089020403,0.30229998595942126,-10.0,-0.5338117669175076,-0.6073850140300653,-0.5230844974837662,0.010727269433741471,0.017817502985521733,-0.7403250802468953,15.891939877645527,0.2584087677715371,-10.0,-0.5251269821171249,-0.7421797136426791,-0.5230844974837662,0.0020424846333587654,0.005224538166715617,-0.7403250802468953,0.5235374056165082,0.018583712231333906,-7.8947345805777775
8.09,-0.3168399400326903,-4.258978315716565,-0.5304051471802937,-0.21356520714760346,0.00927812931438388,-0.732064969652757,50.0,-0.1503884424001911,10.0,0.15782952791747687,0.2729521258291736,-0.16804568113115323,-0.3258752090486301,0.21855572182416183,-0.9376784988333442,50.0,-3.470499401295446,10.0,0.41929030596467143,-0.7861995727122242,0.03066585263254271,-0.3886244533321287,0.09924821782902257,-0.8728457326259931,50.0,-5.0,10.0,-0.5452847340804985,-0.7011845303612133,-0.5304051471802937,0.014879586900204744,0.015888894130687423,-0.732064969652757,28.279699140173406,0.2981455695945379,-10.0,-0.5401836091965875,-0.6371842279079784,-0.5304051471802937,0.009778462016293732,0.017979006028475467,-0.732064969652757,13.77793906736672,0.25743938119867527,-10.0,-0.5324653591067976,-0.7338376989672695,-0.5304051471802937,0.002060211926503852,0.0053185240558773815,-0.732064969652757,0.45425957373008147,0.008288836263434985,-7.856296878085195
8.1,-0.3674784771671815,-5.0638537134491255,-0.5376420397554299,-0.17016356258824838,0.00808287905984631,-0.7236892575136156,50.0,-0.09585888163287615,10.0,0.15006818234087202,-0.7761345576604857,-0.17736276028914838,-0.32743094263002037,0.21535902585362768,-0.9317079157995123,50.0,-3.4005699068220214,10.0,0.373562526580629,-4.572777938404241,0.021918026096486545,-0.3516445004841425,0.09618905061802158,-0.8747826536056214,50.0,-5.0,10.0,-0.5523636478068774,-0.7078913726378947,-0.5376420397554299,0.01472160805144751,0.016106899348465688,-0.7236892575136156,27.903246138539178,0.31445374237192547,-10.0,-0.5469518795955176,-0.6768270398930133,-0.5376420397554299,0.009309839840087708,0.018139787130865646,-0.7236892575136156,13.187175477869205,0.2598462679202517,-10.0,-0.5397333340731605,-0.7267974966362847,-0.5376420397554299,0.0020912943177305854,0.005412116748718316,-0.7236892575136156,0.373349745072285,0.0006560637481593523,-7.912117553143971
8.11,-0.4246854241291229,-5.7206946961941405,-0.5447940324199445,-0.1201086082908216,0.007453862446557507,-0.7151992664514606,50.0,-0.05164456653261165,10.0,0.13206328598643197,-1.800489635444005,-0.1866168233029465,-0.31868010928937845,0.21235227372427828,-0.9254063013798108,50.0,-3.2668399678517974,10.0,0.29331527503491195,-8.024725154571701,0.013156355665370018,-0.28015891936954196,0.09418993393978334,-0.876167043111653,50.0,-4.215924453705479,10.0,-0.5594861301440984,-0.7122482337221004,-0.5447940324199445,0.014692097724153919,0.016325045149079436,-0.7151992664514606,28.127957283818525,0.31357301741610116,-10.0,-0.5541543848858299,-0.7202505290312321,-0.5447940324199445,0.009360352465885402,0.018305415708427624,-0.7151992664514606,13.720073673892788,0.2691266953795318,-10.0,-0.5469080919037254,-0.7174757830564873,-0.5447940324199445,0.00211405948378085,0.0055050049218617735,-0.7151992664514606,0.37330202831493614,0.018350294633496887,-7.894633396555481
8.120000000000001,-0.48649846362407545,-6.181303949495252,-0.5518599957912892,-0.06536153216721374,0.007418377519834893,-0.7065963371344686,12.645455293178378,-0.014160183231572351,5.463376878241236,0.10467330886361158,-2.738997712282039,-0.19580458224802483,-0.3004778911116364,0.20962139458439014,-0.9187758945078339,50.0,-3.172869126113615,10.0,0.18485459876733412,-10.846067626757783,0.00438637539802733,-0.1804682233693068,0.09346985846876604,-0.8769980267342686,50.0,-1.097061104688217,10.0,-0.5666020889661348,-0.7115958822036468,-0.5518599957912892,0.01474209317484565,0.016543625669048254,-0.7065963371344686,28.568237661315194,0.31775964538405593,-10.0,-0.5617688667086399,-0.7614481822810024,-0.5518599957912892,0.00990887091735071,0.01848064923582923,-0.7065963371344686,15.896317378347607,0.30207253933890554,-10.0,-0.5539950124901952,-0.7086920586469815,-0.5518599957912892,0.0021350166989060337,0.005597224294715533,-0.7065963371344686,0.585571169556443,0.01547188043448299,-7.868426971891655
8.13,-0.5503652753292557,-6.386681170518022,-0.5588388140719324,-0.008473538742676645,0.00797231024945993,-0.6978818280643173,-2.679809022279454,0.025595329263860007,-8.588605007054223,0.06907072344642061,-3.560258541719097,-0.20492277275737533,-0.2739934962037959,0.2072374854765241,-0.9118190509350477,50.0,-3.172064465380192,10.0,0.05694911647660075,-12.790548229073337,-0.004386375398029212,-0.061335491874629965,0.09413555837292707,-0.8772750796056543,-50.0,2.1900497321052104,-10.0,-0.573658124504278,-0.7056035538143176,-0.5588388140719324,0.014819310432345634,0.016762379128753144,-0.6978818280643173,28.753335305243866,0.3266178845370007,-10.0,-0.5697177459974793,-0.7948879288839364,-0.5588388140719324,0.010878931925546897,0.01866892734797309,-0.6978818280643173,19.406709673772248,0.329870043147622,-10.0,-0.5610028967197236,-0.70078842295284,-0.5588388140719324,0.002164082647791221,0.005688943963488728,-0.6978818280643173,0.6283050078710685,0.018094454367073437,-7.8808420508490675
8.14,-0.6134040927603563,-6.303881743110058,-0.5657293852255695,0.047674707534786864,0.009079445499118806,-0.6890571153637115,35.62105750263031,0.06585026393106687,-10.0,0.02613456362195822,-4.293615982446239,-0.21396815518133086,-0.2401027188032891,0.2052658198867358,-0.9045382423955528,50.0,-3.250599371055435,10.0,-0.07725066840793085,-13.419978488453161,-0.013156355665369419,0.06409431274256143,0.096118499349198,-0.8769980267340202,50.0,5.0,-10.0,-0.580612507314133,-0.6954382809855072,-0.5657293852255695,0.014883122088563572,0.01698075417773733,-0.6890571153637115,29.00245336904141,0.3298253691793351,-10.0,-0.5779036896660997,-0.8185943668620471,-0.5657293852255695,0.012174304440530248,0.018872529829064597,-0.6890571153637115,24.505569109233555,0.375523305600056,-10.0,-0.5679266379291371,-0.6923741209413486,-0.5657293852255695,0.0021972527035676315,0.00578015390261854,-0.6890571153637115,0.6563240398107365,0.017530158887759897,-7.9012646851793455
8.15,-0.6733261028958818,-5.992201013552543,-0.5725306211511355,0.10079548174474628,0.010686620417921523,-0.6801235925566029,50.0,0.12091809097041954,-10.0,-0.023496308950178596,-4.963087257213681,-0.22293751573858334,-0.19944120678840474,0.20376771654457312,-0.8969360557252476,50.0,-3.343652109492368,10.0,-0.20713396198344924,-12.988329357551839,-0.021918026096485948,0.1852159358869633,0.09926949164382282,-0.876167043111653,50.0,5.0,-10.0,-0.5874454728117596,-0.6832965497626596,-0.5725306211511355,0.014914851660624118,0.017198232349319838,-0.6801235925566029,28.867399045726845,0.3343556094228705,-10.0,-0.5861752617638472,-0.8271572097747482,-0.5725306211511355,0.013644640612711645,0.019091691956169186,-0.6801235925566029,29.37957632171496,0.408996014083903,-10.0,-0.5747579037105354,-0.6831265781398274,-0.5725306211511355,0.002227282559399857,0.005870739386026521,-0.6801235925566029,0.4585107644014047,0.015767263113287907,-7.880346704627294
8.16,-0.7283911686403911,-5.506506574450935,-0.5792414478546363,0.14914972078575484,0.012728768283224164,-0.6710826703500761,50.0,0.17955437099578864,-10.0,-0.07967843392970783,-5.618212497952924,-0.2318276676580372,-0.15214923372832936,0.20280804545708514,-0.8890151919453859,50.0,-3.32676928452449,10.0,-0.3215797216409614,-11.444575965751214,-0.030665852632542113,0.29091386900841926,0.10332308793048213,-0.8747826536056158,50.0,5.0,-10.0,-0.5941498338325985,-0.6704361020838794,-0.5792414478546363,0.01490838597796218,0.017414359819307845,-0.6710826703500761,28.82400318914043,0.3470035508601124,-10.0,-0.5943761458910207,-0.8200884127173521,-0.5792414478546363,0.015134698036384453,0.019325047777804766,-0.6710826703500761,35.499675584869564,0.4671970306720525,-10.0,-0.5815031715896688,-0.6745267879133426,-0.5792414478546363,0.002261723735032528,0.00596080930216818,-0.6710826703500761,0.3937636960672739,0.019476162193744217,-7.915283978148063
8.17,-0.7775918600099945,-4.920069136960333,-0.5858608056187409,0.1917310543912536,0.015138085740832734,-0.6619357764104605,50.0,0.23321369464828293,-10.0,-0.14253298869781053,-6.28545547681027,-0.24063545231104697,-0.09810246361323643,0.2024555663686338,-0.880778465300977,50.0,-3.1015017777433362,10.0,-0.4107040391247944,-8.912431748383304,-0.03939430995880209,0.3713097291659923,0.10792742839698038,-0.8728457326259986,50.0,5.0,-10.0,-0.6007185417791542,-0.6568707946555704,-0.5858608056187409,0.014857736160413304,0.017628624260377534,-0.6619357764104605,28.448958081386035,0.33217992037429456,-10.0,-0.6023360377293815,-0.7959891838360812,-0.5858608056187409,0.016475232110640614,0.019569399017294778,-0.6619357764104605,40.495530788379604,0.49396290125642245,-10.0,-0.5881485454156509,-0.6645373825982075,-0.5858608056187409,0.0022877397969099933,0.006050140438397101,-0.6619357764104605,0.44892398063620675,0.020387881022931167,-7.86389422354633
8.18,-0.8204947797204047,-4.290291971041032,-0.5923876491701253,0.22810713055027942,0.01784818624343963,-0.6526843551384442,50.0,0.30362597709869893,-10.0,-0.21208538556334625,-6.955239686553572,-0.2493577403336664,-0.03727235477032015,0.20277836678958594,-0.8722288022619429,46.17969003938747,-2.553840979924904,10.0,-0.4670122283302126,-5.630818920541822,-0.04809788499454053,0.41891434333567207,0.11267965372239129,-0.8703575035738431,50.0,5.0,-10.0,-0.6071440744069204,-0.6425532627766241,-0.5923876491701253,0.014756425236795101,0.01784044383902315,-0.6526843551384442,28.23835329597655,0.3431628217784946,-10.0,-0.6099002679388057,-0.7564230209424232,-0.5923876491701253,0.017512618768680377,0.019820167507075825,-0.6526843551384442,45.03534625968246,0.5029296846081721,-10.0,-0.5947097648670366,-0.6561219451385756,-0.5923876491701253,0.00232211569691132,0.006138973789880072,-0.6526843551384442,0.531598910968573,0.034764348847138964,-7.892838179091128
8.19,-0.8569896611601937,-3.6494881439788904,-0.5988209478445294,0.25816871331566427,0.020794822190994162,-0.643329867440412,50.0,0.33549092365901834,-10.0,-0.2878997112750339,-7.581432571168767,-0.25799143273848996,0.02990827853654393,0.20383559283206826,-0.8633692404823562,-24.39460976747979,-1.6035450684807404,10.0,-0.48636798933785197,-1.935576100763937,-0.05677108037521276,0.4295969089626392,0.11716918042209408,-0.8673195380672238,50.0,5.0,-10.0,-0.6134159586415744,-0.627188423465399,-0.5988209478445294,0.01459501079704495,0.01804911278934014,-0.643329867440412,27.53282879976379,0.39287748725172345,-10.0,-0.6169359517816497,-0.7035683842844069,-0.5988209478445294,0.01811500393712029,0.020071674384875466,-0.643329867440412,46.1363488247419,0.5505321215238445,-10.0,-0.6011742332895986,-0.6464468422561979,-0.5988209478445294,0.0023532854450691865,0.006227151328556384,-0.643329867440412,0.5528546467098744,0.009215086576290332,-7.899514862350054
8.2,-0.8870737401486259,-3.0084078988432252,-0.6051596857495161,0.2819140543991099,0.023914803524869584,-0.6338737904986624,50.0,0.4656661543788535,-10.0,-0.36889832038553005,-8.099860911049614,-0.26653346201571815,0.1023648583698119,0.2056692275068713,-0.8542029277228191,-20.502326173506916,-0.4444373476914378,6.848267760817997,-0.4685070982157262,1.7860891122125748,-0.06540841792472273,0.4030986802910035,0.12102155831378286,-0.863733754950996,50.0,5.0,-10.0,-0.6195312377562979,-0.6115279114723532,-0.6051596857495161,0.014371552006781863,0.01825398110055519,-0.6338737904986624,25.802799361721313,0.34205281503393653,-10.0,-0.623375955325912,-0.6440003544262205,-0.6051596857495161,0.018216269576395883,0.02031823711608205,-0.6338737904986624,45.803587275018,0.4716241494086513,-10.0,-0.6075371536641618,-0.6362920374563188,-0.6051596857495161,0.00237746791464577,0.006314555211448473,-0.6338737904986624,0.7220299536011944,0.011581579966102156,-7.837252788560513
8.21,-0.910736359608099,-2.3662619459473015,-0.6114028619248911,0.2993334976832078,0.02714476469629639,-0.6243176175375065,50.0,0.523592632364801,-10.0,-0.45323408169517476,-8.433576130964473,-0.2749807932230243,0.17825328847215044,0.20829511800468925,-0.8447331207306175,50.0,1.0725429571072558,-10.0,-0.41708446283870076,5.142263537702546,-0.07400444211554907,0.3430800207231517,0.12393813216724413,-0.8596024190826335,50.0,5.0,-10.0,-0.6255041241943087,-0.5972886438010793,-0.6114028619248911,0.014101262269417547,0.018454722587629476,-0.6243176175375065,25.30313904852795,0.34536292545801867,-10.0,-0.6292101152485412,-0.583415992262929,-0.6114028619248911,0.017807253323650074,0.02055465124854484,-0.6243176175375065,43.48723309750359,0.5029877342128268,-10.0,-0.6138162502468242,-0.6279096582662328,-0.6114028619248911,0.002413388321933052,0.0064014800604944265,-0.6243176175375065,0.7309222800592705,0.023657966476611,-7.827066303657836
8.22,-0.9279677107402439,-1.7231351132144899,-0.6175494905007597,0.3104182202394842,0.030421260410012682,-0.6146628575868562,50.0,0.6033110406972203,-10.0,-0.5378455935178614,-8.461151182268662,-0.2833304250638502,0.25451516845401123,0.21168638480745625,-0.8349631840825877,50.0,2.68484445975537,-10.0,-0.3394473906732927,7.763707216540806,-0.08255372351456601,0.2568936671587267,0.12573069811717733,-0.854928139901695,50.0,4.521553459108268,-10.0,-0.6313472752873378,-0.5843151093029167,-0.6175494905007597,0.013797784786578116,0.018651131946425547,-0.6146628575868562,23.768921608218687,0.32325586441761905,-10.0,-0.6344952698444641,-0.5285154595922972,-0.6175494905007597,0.016945779343704448,0.020776960587941113,-0.6146628575868562,38.33095796709665,0.48128200433436236,-10.0,-0.6200113609830752,-0.619511073625105,-0.6175494905007597,0.002461870482315498,0.006488049872680092,-0.6146628575868562,0.5262102353775213,0.03774729294257456,-7.894483573827842
8.23,-0.9387605342288606,-1.0792823488616747,-0.6235986008532174,0.31516193337564324,0.03368080797865528,-0.6049110352457698,50.0,0.5924089009007221,-10.0,-0.6196910714327786,-8.184547791491715,-0.2915793909537638,0.3281116804790148,0.21578595639139556,-0.8248965889913584,50.0,4.279219439470783,-10.0,-0.24502407499984918,9.442331567344352,-0.09105086221240416,0.15397321278744502,0.12632619708831733,-0.8497138697838136,50.0,0.48383415439772465,-10.0,-0.6370911927876068,-0.5743917500269052,-0.6235986008532174,0.013492591934389453,0.01884349704077213,-0.6049110352457698,22.62510369322189,0.3312604564607993,-10.0,-0.6393498771393318,-0.48546072948676533,-0.6235986008532174,0.01575127628611439,0.020983019423750936,-0.6049110352457698,32.6781952320672,0.424922253583314,-10.0,-0.626097197602144,-0.6085836619068756,-0.6235986008532174,0.002498596748926607,0.006573894206360046,-0.6049110352457698,-0.5200191429565919,0.02691453033963769,-7.872651633025834
8.24,-0.9431956317065291,-0.44350974776684604,-0.6295492377576168,0.31364639394891225,0.036861622892921095,-0.5950636904399453,50.0,0.6067852752550763,-10.0,-0.6955384092475021,-7.584733781472352,-0.29972476007445964,0.39581364917304246,0.22050256626127324,-0.8145369120695856,50.0,5.0,-10.0,-0.144502933312758,10.05211416870912,-0.09949049123413943,0.045012442078618556,0.1257711100922326,-0.843962902173527,-50.0,-3.2000926336336573,10.0,-0.6427675258350798,-0.5676333047472965,-0.6295492377576168,0.013218288077462947,0.019032443252021487,-0.5950636904399453,21.241894363893167,0.31792161087214776,-10.0,-0.6439186694744895,-0.4568792335157686,-0.6295492377576168,0.01436943171687266,0.02117240166427124,-0.5950636904399453,26.923689673853037,0.4011410761669178,-10.0,-0.6320787381308152,-0.5981540528671144,-0.6295492377576168,0.0025295003731983234,0.006659004615378741,-0.5950636904399453,0.4839134220251413,0.021311407783833326,-7.819067485306422
8.25,-0.9415889596265137,0.1606672080015441,-0.6354004615394073,0.30618849808710635,0.039907441152992,-0.5851223781790482,50.0,0.5569357548293681,-10.0,-0.7620333327784484,-6.649492353094635,-0.3077636384150758,0.4542696943633726,0.22571021244021644,-0.8038878340616173,50.0,5.0,-10.0,-0.05099754985463795,9.350538345812003,-0.1078672799291917,-0.05686973007455376,0.12426735895690587,-0.8376788695052275,50.0,-5.0,10.0,-0.6484126857025827,-0.5645159867502969,-0.6354004615394073,0.013012224163175379,0.019219017092328268,-0.5851223781790482,21.02173631399969,0.3354184334385066,-10.0,-0.6483366112942691,-0.4417941819779606,-0.6354004615394073,0.012936149754861792,0.021345942580017655,-0.5851223781790482,22.067203940571382,0.3924809620502067,-10.0,-0.6379679809121138,-0.5889242781298615,-0.6354004615394073,0.002567519372706495,0.006743572236918792,-0.5851223781790482,0.31873614963861246,0.0951789011541769,-7.8686404627692275
8.26,-0.9343864764909887,0.7202483135524916,-0.6411513482225248,0.2932351282684639,0.04276776760432139,-0.5750886683117518,50.0,0.5684796641614013,-10.0,-0.8165025179163036,-5.446918513785518,-0.315693169800416,0.5008093481158875,0.23126299777275386,-0.7929531385340249,50.0,5.0,-10.0,0.026496701453999863,7.749425130863781,-0.11617593733827816,-0.14267263879227804,0.12206569005589671,-0.8308657409086484,50.0,-5.0,10.0,-0.6540395424358012,-0.562685673321854,-0.6411513482225248,0.01288819421327636,0.01940416760179322,-0.5750886683117518,22.28896880729842,0.3051845173592767,-10.0,-0.6527480951885626,-0.4411483894293499,-0.6411513482225248,0.011596746966037741,0.021506024888620967,-0.5750886683117518,15.719164351657017,0.32948737668820793,-10.0,-0.6437463927790847,-0.5778411866970891,-0.6411513482225248,0.0025950445565599,0.0068273068011541,-0.5750886683117518,0.8728045722132153,0.003968897771334284,-7.797133659590321
8.27,-0.9222648819452599,1.2121594545728809,-0.6468009896752966,0.27546389226996326,0.045401190581563736,-0.5649641452771803,50.0,0.5353929386125134,-10.0,-0.856751763393586,-4.024924547728249,-0.32351053690573645,0.5332412264878497,0.23699790249240515,-0.7817367105320328,50.0,5.0,-10.0,0.08030116231589438,5.380446086189451,-0.12441121553529876,-0.20471237785119312,0.11948052166876583,-0.8235278197020579,50.0,-5.0,10.0,-0.659638771933795,-0.5599229497993885,-0.6468009896752966,0.01283778225849841,0.019588537719358142,-0.5649641452771803,20.8077815997459,0.32809795548757836,-10.0,-0.6572908926099746,-0.4542797421412035,-0.6468009896752966,0.010489902934677997,0.021656351892181867,-0.5649641452771803,15.134634642587868,0.30583755230661525,-10.0,-0.6494320053026555,-0.5685612523570769,-0.6468009896752966,0.0026310156273589014,0.006910473082663397,-0.5649641452771803,0.5762834490135057,0.04212206647122964,-7.84426941434189
8.28,-0.9060703098090759,1.6194572136184013,-0.652348493753843,0.2537218160552329,0.04777646302075422,-0.5547504078546317,50.0,0.46510733419290967,-10.0,-0.8812042979341664,-2.44525345405804,-0.33121296225772934,0.5499913356764371,0.24274234119457533,-0.7702425351992948,50.0,5.0,-10.0,0.10501147101361218,2.47103086977178,-0.13256791294202955,-0.2375793839556417,0.11685762474223224,-0.8156697406730778,50.0,-5.0,10.0,-0.6652042447487013,-0.5565472814906218,-0.652348493753843,0.012855750994858361,0.019772749957455787,-0.5547504078546317,21.36764344616233,0.3239509932574294,-10.0,-0.6620408756294809,-0.4749983019506274,-0.652348493753843,0.009692381875637923,0.02180077554113331,-0.5547504078546317,13.057245047779723,0.30553796080225337,-10.0,-0.6550078773648617,-0.5575872062206081,-0.652348493753843,0.0026593836110186952,0.006992825639395645,-0.5547504078546317,1.0389099289207484,0.033684389878657524,-7.7457498353944665
8.290000000000001,-0.8867236980064476,1.934661180262836,-0.6577929844429626,0.22893071356348493,0.049872304038362784,-0.5444490689119674,50.0,0.4191462808251768,-10.0,-0.8889521518921149,-0.7747853957948456,-0.33879770922134167,0.5501544426707732,0.24832136416086253,-0.7584746963612332,50.0,5.0,-10.0,0.09780325879750204,-0.720821221611013,-0.14064087761356509,-0.23844413641106713,0.11454526550028267,-0.8072964671535537,50.0,-5.0,10.0,-0.6707012646795175,-0.5497019930816167,-0.6577929844429626,0.012908280236554881,0.019956802959129497,-0.5444490689119674,22.132015583311436,0.3328303247844747,-10.0,-0.6670589992647233,-0.5018123635242426,-0.6577929844429626,0.009266014821760704,0.02194361692570334,-0.5444490689119674,11.598977536782973,0.2748436531715967,-10.0,-0.6604988110244145,-0.5490933659552838,-0.6577929844429626,0.002705826581451909,0.007074793241805693,-0.5444490689119674,1.342669324823632,0.030566466190993388,-7.7638927312321435
8.3,-0.8651041924310764,2.1619505575371156,-0.6631336019944606,0.2019705904366158,0.05167581488697523,-0.534061755149795,50.0,0.3699867221431055,-10.0,-0.8797912124512335,0.9160939440881333,-0.34626208297209143,0.533529129479142,0.25356504606124514,-0.746437375074982,50.0,5.0,-10.0,0.058588151508660806,-3.9215107288841233,-0.14862501049238994,-0.20721316200105075,0.11286528495316057,-0.7984132878824851,50.0,-5.0,10.0,-0.6760820177495536,-0.5380753070035998,-0.6631336019944606,0.012948415755092979,0.02014009464738079,-0.534061755149795,21.68965971030413,0.361028352080749,-10.0,-0.6723735747183643,-0.5314575453640992,-0.6631336019944606,0.009239972723903755,0.022089162407478786,-0.534061755149795,11.79760002752108,0.309003709175634,-10.0,-0.6658952056146762,-0.5396394590261663,-0.6631336019944606,0.0027616036202156025,0.007156373223910465,-0.534061755149795,0.9159745798932257,0.01369621779513021,-7.771857782430932
8.31,-0.8419439554501773,2.3160236980899054,-0.6683695030629143,0.173574452387263,0.053179957041038874,-0.523590106845373,50.0,0.3282707554899801,-10.0,-0.8542516350448952,2.5539577406338267,-0.35360343145352907,0.5006482035913662,0.2583161323230954,-0.7341348481437526,50.0,5.0,-10.0,-0.009977943649515715,-6.856609515817651,-0.15651526862904622,-0.1465373249795305,0.11208557265494704,-0.7890258136656281,50.0,-2.995521844555229,10.0,-0.681300800004804,-0.5218782255250358,-0.6683695030629143,0.012931296941889658,0.020321595439352188,-0.523590106845373,21.09116347881849,0.3375079709247472,-10.0,-0.6779701353910288,-0.5596560672664431,-0.6683695030629143,0.009600632328114478,0.022241134337486576,-0.523590106845373,14.711168163033058,0.33244574421511264,-10.0,-0.6711911866283437,-0.5295981013667515,-0.6683695030629143,0.0028216835654293337,0.0072375498697014335,-0.523590106845373,1.0199729600182414,0.02719098757096834,-7.779055029783077
8.32,-0.8177626641347321,2.418129131544527,-0.6734998608388494,0.1442628032958827,0.05438077216084324,-0.5130357775935068,50.0,0.3003266600880079,-10.0,-0.8136222281219769,4.0629406922918285,-0.3608191463194957,0.45280308180248124,0.2624378690718911,-0.7215714865966616,50.0,5.0,-10.0,-0.10260774152565191,-9.26297978761362,-0.16430666836738209,-0.06169892684173017,0.11239488136529109,-0.7791399738335869,-8.952988201799025,0.1510049531545325,-4.233200064837731,-0.6863139853648904,-0.5013185360086447,-0.6734998608388494,0.012814124526041026,0.020499868538213464,-0.5130357775935068,21.272972159843363,0.33788407874263615,-10.0,-0.6837850006372096,-0.5814865246180791,-0.6734998608388494,0.01028513979836021,0.022402134387931986,-0.5130357775935068,16.286946889840888,0.3603800843185478,-10.0,-0.6763802554460616,-0.518906881771795,-0.6734998608388494,0.0028803946072122333,0.007318244503950736,-0.5130357775935068,1.0438417087472758,0.02684275960695393,-7.7622852870195445
8.33,-0.7928081193211636,2.495454481356848,-0.6785238651793005,0.11428425414186305,0.05527406925412619,-0.5024004340451138,50.0,0.26897609268170597,-9.23071315868177,-0.7600988013992347,5.352342672274219,-0.3679066638608593,0.3921921375383754,0.2658245561800474,-0.7087517541363608,50.0,3.7065564210447612,-10.0,-0.21003384008845566,-10.742609856280374,-0.17199428849232656,0.038039551596129095,0.11384953786688042,-0.7687620124944478,50.0,3.625141661381718,-10.0,-0.6910760258719779,-0.4762040507087468,-0.6785238651793005,0.012552160692677394,0.02067301055021111,-0.5024004340451138,20.20486875832757,0.3335970677183974,-10.0,-0.6897398389869699,-0.5954838349760306,-0.6785238651793005,0.011215973807669366,0.022573842509506285,-0.5024004340451138,20.45596835010522,0.4073820077285692,-10.0,-0.6814628490011491,-0.5082593555087446,-0.6785238651793005,0.00293898382184854,0.007398460277720096,-0.5024004340451138,1.1302662600613917,0.04109507773595328,-7.710231997528163
8.34,-0.7672267303817888,2.5581388939374836,-0.683440722735741,0.08378600764604782,0.05585611544119292,-0.4916857556440446,31.49396911332352,0.20185882316093734,-7.428656654803751,-0.6964311713849834,6.366763001425122,-0.37486346591638287,0.3215677054686006,0.2684035569345909,-0.695680205552357,50.0,1.6476047247634564,-10.0,-0.3227991896681791,-11.276534957972343,-0.1795732733382369,0.14322591632994222,0.11640945052597707,-0.7578984845910325,50.0,5.0,-10.0,-0.6955686250613997,-0.44925991894218253,-0.683440722735741,0.012127902325658746,0.020839215565361918,-0.4916857556440446,18.270674704835155,0.32399559642214254,-10.0,-0.6956992208339864,-0.5959381847016474,-0.683440722735741,0.012258498098245418,0.0227560213089589,-0.4916857556440446,23.26505281198589,0.42404518559085397,-10.0,-0.6864482274882986,-0.4985378487149483,-0.683440722735741,0.0030075047525576215,0.007478389110117167,-0.4916857556440446,1.1348852026041956,0.028919317973880206,-7.7683893121118945
8.35,-0.7411358866845259,2.6090843697262898,-0.6882496570793654,0.05288622960516054,0.056124069300271896,-0.48089343436243936,14.042926459247463,0.15708125068396042,-5.285292785082909,-0.6258683362651684,7.056283511981508,-0.3816870807674229,0.24418125549774544,0.2701397411383702,-0.682361485104005,-35.46465042838,-0.39769564071565755,3.9892509788187054,-0.4305022717772822,-10.770308210910308,-0.18703883585584102,0.24346343592144115,0.11992111570628251,-0.7465562517604107,50.0,5.0,-10.0,-0.6997984657458327,-0.4229840684432991,-0.6882496570793654,0.011548808666467347,0.020997002058870923,-0.48089343436243936,16.532920510574534,0.29735088751408817,-10.0,-0.7015154520247957,-0.5816231190809322,-0.6882496570793654,0.013265794945430343,0.0229468415703213,-0.48089343436243936,26.202304851844758,0.464926654906127,-10.0,-0.691316948409281,-0.48687209209824434,-0.6882496570793654,0.003067291329915678,0.007557749232626148,-0.48089343436243936,1.3090408165427114,0.031005108257977608,-7.706864962058634
8.36,-0.7145579355343891,2.6577951150136885,-0.6929499088236938,0.021608026710695283,0.05607437005587748,-0.4700251744328421,3.4124128285236703,0.09931126648035211,-2.9331823059261772,-0.5526057499168282,7.32625863483401,-0.3883750840161145,0.16423066590071372,0.271049421933894,-0.6688003248691565,-50.0,-2.235165807985238,10.0,-0.5221940699691147,-9.169179819183247,-0.1943862606358404,0.32780780933327425,0.12411611178153359,-0.734742477999939,50.0,5.0,-10.0,-0.703794449462336,-0.3995983716503355,-0.6929499088236938,0.010844540638642264,0.02114540730242238,-0.4700251744328421,14.567898230762733,0.27890664656458064,-10.0,-0.7070284709103186,-0.5513018885522946,-0.6929499088236938,0.014078562086624835,0.023142757380042775,-0.4700251744328421,29.02179115306687,0.4793035371911293,-10.0,-0.6960800138524352,-0.47630654431542274,-0.6929499088236938,0.003130105028741448,0.007636680937345104,-0.4700251744328421,1.3018172325069204,0.006641493262677456,-7.687478069369127
8.370000000000001,-0.6876140260596,2.694390947478913,-0.69754073574449,-0.009926709684890067,0.055705663864280684,-0.4590826920796265,-0.15109730291638485,0.0029132069808548303,-0.1387176617686464,-0.48005590323463976,7.2549846682188415,-0.39492509944675014,0.08513080378788962,0.271175231504951,-0.6550015430635658,-50.0,-3.72528106678614,10.0,-0.5882762434978863,-6.608217352877167,-0.20161090688726577,0.3866653366106205,0.1286435868829275,-0.7224646251425382,50.0,5.0,-10.0,-0.7076033031699814,-0.3808853707645437,-0.69754073574449,0.010062567425491387,0.021284121513753747,-0.4590826920796265,12.065265613591821,0.2638922006928568,-10.0,-0.7120966850962596,-0.5068214185940929,-0.69754073574449,0.014555949351769515,0.02333899901541988,-0.4590826920796265,29.908398587380063,0.479964338051499,-10.0,-0.7007377585463336,-0.46577446938983436,-0.69754073574449,0.00319702280184353,0.007715228612302523,-0.4590826920796265,1.400160880704574,0.03681190692535726,-7.681403892772996
8.38,-0.6604918794042449,2.712214665535511,-0.7020214128969622,-0.04152953349271726,0.055019147062799964,-0.44806771524721345,6.439567572381355,-0.0812345956327016,2.7759459864774185,-0.41107114542529577,6.898475780934397,-0.40133479987003473,0.009736345555261039,0.2705827473824101,-0.6409700423284592,-16.785303187748205,-4.688353329542767,10.0,-0.6214618337698447,-3.3185590271958367,-0.20870821136869186,0.41275362240115276,0.13310297900965862,-0.7097304481426092,50.0,5.0,-10.0,-0.7112877686773914,-0.36844655074099336,-0.7020214128969622,0.009266355780429225,0.02141362972663214,-0.44806771524721345,10.3621597513453,0.2439125956284077,-10.0,-0.7166223012438917,-0.45256161476321355,-0.7020214128969622,0.01460088834692952,0.023530264060365496,-0.44806771524721345,29.537657211426815,0.4740740531518581,-10.0,-0.705286432560227,-0.4548674013893445,-0.7020214128969622,0.0032650196632648676,0.007793365549074107,-0.44806771524721345,1.382624684836437,0.029837210192719593,-7.6335884877204485
8.39,-0.6334294942928279,2.7062385111417,-0.7063912327302482,-0.07296173843742026,0.05401890582731159,-0.4369819833285993,24.658577959836226,-0.14847178247730808,5.820769931453299,-0.3478527140973602,6.321843132793559,-0.40760190794992734,-0.05974919385256716,0.2693530711306051,-0.6267108079892614,50.0,-5.0,10.0,-0.6176974751123819,0.3764358657462741,-0.21567369127049288,0.4020237838418891,0.1370855732615029,-0.6965479901800964,50.0,5.0,-10.0,-0.7149125189600093,-0.3624750282617894,-0.7063912327302482,0.008521286229761116,0.02153509009175593,-0.4369819833285993,8.851808931231568,0.2700423054826496,-10.0,-0.7205533235493297,-0.3931022305438008,-0.7063912327302482,0.014162090819081485,0.023711195191610693,-0.4369819833285993,27.346618808126284,0.4422680288481599,-10.0,-0.7097319230843449,-0.4445490524117826,-0.7063912327302482,0.003340690354096676,0.007871227357856253,-0.4369819833285993,1.4488251003760069,-0.00015599978597933802,-7.658115312134464
8.4,-0.6067212862995106,2.6708207993317292,-0.7106495051991384,-0.10392821889962778,0.05271254155838214,-0.4258272468890212,50.0,-0.2931577909389418,9.100289215379627,-0.291947023735397,5.5905690361963165,-0.41372419701276997,-0.12177717327737297,0.26757624249421175,-0.6122289062842623,50.0,-5.0,10.0,-0.5766904741977096,4.100700091467234,-0.22250294704626497,0.35418752715144464,0.14021737852387062,-0.6829255775772092,50.0,5.0,-10.0,-0.7185391976900494,-0.36266787300400793,-0.7106495051991384,0.007889692490910982,0.02165025380396544,-0.4258272468890212,7.633643700227196,0.20925837827396146,-10.0,-0.7238898766957151,-0.3336553146385487,-0.7106495051991384,0.013240371496576753,0.023876964438040313,-0.4258272468890212,22.23573061254889,0.4109631345863393,-10.0,-0.7140625499057968,-0.4330626821451946,-0.7106495051991384,0.0034130447066583747,0.007948664073137355,-0.4258272468890212,1.6179764260296425,0.030160718270513278,-7.626362653256527
8.41,-0.5807677505671246,2.5953535732385995,-0.7147955578730473,-0.13402780730592267,0.05111272812799906,-0.41460526739088843,50.0,-0.3924892278502002,10.0,-0.24407038170739181,4.787664202800518,-0.4196994918384106,-0.17562911013101878,0.2653411849726215,-0.5975294825640631,50.0,-4.676052969916982,10.0,-0.502128631332881,7.456184286482857,-0.229191665191688,0.272936966141193,0.14220112975663426,-0.6688718145423045,50.0,5.0,-10.0,-0.7222188017855665,-0.36796040955171055,-0.7147955578730473,0.007423243912519251,0.021761282284045804,-0.41460526739088843,6.880184053314259,0.19961747955143477,-10.0,-0.726690807738153,-0.2800931042437794,-0.7147955578730473,0.011895249865105706,0.02402392624711575,-0.41460526739088843,17.436874674316858,0.3573063039160319,-10.0,-0.7182786738296452,-0.42161239238484083,-0.7147955578730473,0.003483115956597893,0.008025656471941818,-0.41460526739088843,1.4394955297280994,0.03731800186902759,-7.575734511048231
8.42,-0.5560415864552698,2.472616411185478,-0.7188287360421952,-0.16278714958692542,0.049237594991011255,-0.4033178169147944,50.0,-0.49924225172733794,10.0,-0.2042237697044876,3.9846612002904216,-0.42552566943305076,-0.22130189972856315,0.2627296998553068,-0.5826177594640158,50.0,-4.1177208874914015,10.0,-0.40127820268704123,10.085042864583977,-0.23573562096901932,0.16554258171802191,0.1428480512873561,-0.6543955777331328,50.0,2.6734309951445194,-10.0,-0.7259841448404872,-0.37653430549207256,-0.7188287360421952,0.007155408798292018,0.021870489802577935,-0.4033178169147944,6.69809900353263,0.2058886271335685,-10.0,-0.7290423843042763,-0.23515765661232294,-0.7188287360421952,0.010213648262081043,0.024149578495397794,-0.4033178169147944,12.39676725973188,0.29366794524383527,-10.0,-0.7223847976496097,-0.41061238199645284,-0.7188287360421952,0.003556061607414507,0.00810227832621561,-0.4033178169147944,1.6365391340266031,0.03884863356454176,-7.54955603881897
8.43,-0.5332352612748559,2.2806325180413887,-0.7227484028209955,-0.18951314154613963,0.04711440032374572,-0.39196667788002904,50.0,-0.6091976831004373,10.0,-0.17196623044009665,3.225753926439095,-0.431200659783531,-0.2592344293434343,0.25981478016922854,-0.5674990350480247,50.0,-3.596990767120615,10.0,-0.2841684341631016,11.710976852393962,-0.24213068107553076,0.04203775308757085,0.1420973311329924,-0.6395060106511447,-50.0,-2.425420400197078,10.0,-0.7298455737167634,-0.38614288762761256,-0.7227484028209955,0.00709717089576789,0.021980075800298374,-0.39196667788002904,6.519235026929334,0.20736382017280436,-10.0,-0.7310577758312459,-0.20153915269696002,-0.7227484028209955,0.008309373010250365,0.02425282614076999,-0.39196667788002904,6.725987326320866,0.21208286468522156,-10.0,-0.7263786084988804,-0.399381084927063,-0.7227484028209955,0.003630205677884857,0.008178518491487164,-0.39196667788002904,1.4794825382882355,0.020944121354254785,-7.509096512751011
8.44,-0.51337738791602,1.9857873358835956,-0.7265539392486244,-0.2131765513326045,0.044784056076831315,-0.38055364276289305,50.0,-0.6940053268497878,10.0,-0.14659028668137886,2.5375943758717794,-0.4367224465928029,-0.29013215991142405,0.2566596991325272,-0.55217868092719,50.0,-3.221104012449938,10.0,-0.16435441116694677,11.981402299615485,-0.24837280625419117,-0.0840183950872444,0.14005900695215842,-0.6242125178660407,50.0,-5.0,10.0,-0.7337976261778615,-0.3952052461098122,-0.7265539392486244,0.007243686929237048,0.022092033194201725,-0.38055364276289305,7.068447375590198,0.20373245738299323,-10.0,-0.7328631214577045,-0.18053456264586643,-0.7265539392486244,0.006309182209080055,0.02433397141912538,-0.38055364276289305,4.061139906344782,0.17190983367189908,-10.0,-0.7302605649266981,-0.3881956427817727,-0.7265539392486244,0.0037066256780736717,0.008254404312546077,-0.38055364276289305,1.6532026865345428,0.036473811142703136,-7.437687029150331
8.45,-0.49766760145514044,1.5709786460879496,-0.7302447443867656,-0.23257714293162512,0.042301186782906265,-0.3690805138141129,50.0,-0.7434204755448316,10.0,-0.12798542730862913,1.8604859372749722,-0.442089067996306,-0.3141036406876768,0.2533326141319229,-0.536662140350308,50.0,-3.013059943082617,10.0,-0.05301337023292249,11.134104093402428,-0.25445805384494774,-0.20144468361202525,0.1369311497066979,-0.6085247590756571,50.0,-5.0,10.0,-0.7378080896590248,-0.4010463481163308,-0.7302447443867656,0.007563345272259214,0.022207771281735948,-0.3690805138141129,7.72904310993363,0.22008324165717977,-10.0,-0.734605617850678,-0.17424963929734788,-0.7302447443867656,0.004360873463912451,0.02439500511769424,-0.3690805138141129,2.5164974188552334,0.13433295257365485,-7.799044512116754,-0.7340358387543506,-0.37752738276525616,-0.7302447443867656,0.0037910943675850683,0.008330067994498454,-0.3690805138141129,1.941878443793182,0.04519462038960652,-7.388412436081831
8.46,-0.48736043976100174,1.0307161694138682,-0.7338202354145035,-0.24645979565350173,0.039733517209429865,-0.35754910277379093,50.0,-0.7752547053120096,10.0,-0.11638708303051563,1.15983442781135,-0.44729861725901016,-0.3309115342284945,0.2499075153468568,-0.5209549262704172,50.0,-2.934194104951939,10.0,0.03918364276525256,9.219701299817505,-0.2603825802749963,-0.2995662230402488,0.13301351734631367,-0.5924526430048538,50.0,-5.0,10.0,-0.7418312410690728,-0.4023151410048045,-0.7338202354145035,0.008011005654569359,0.022328112852382124,-0.35754910277379093,8.722615758172324,0.23868021805405132,-10.0,-0.7369118535119018,-0.23062356612238027,-0.7338202354145035,0.00309161809739833,0.024448983655280462,-0.35754910277379093,1.464708602529779,0.1259997522293657,-7.007854255758634,-0.7377038373581296,-0.36679986037789386,-0.7338202354145035,0.003883601943626136,0.008405583999972505,-0.35754910277379093,1.586463461834479,0.042696507942017105,-7.305912709479761
8.47,-0.48352731203192234,0.3833127729079401,-0.7372798477203544,-0.25375253568843203,0.03715766057525475,-0.3459612305850901,50.0,-0.7502932618039888,10.0,-0.11232018429442887,0.40668987360867603,-0.45234924345286737,-0.3400290591584385,0.24646655576791154,-0.5050626193857211,50.0,-2.887468357764924,10.0,0.10342642294737257,6.424278018212002,-0.2661426434864574,-0.36956906643383,0.12867539888015417,-0.5760063211461108,50.0,-5.0,10.0,-0.7458092680742991,-0.3978027005226317,-0.7372798477203544,0.008529420353944772,0.022453187325973838,-0.3459612305850901,9.507125816610829,0.2455037463367235,-10.0,-0.7400240467268439,-0.31121932149420367,-0.7372798477203544,0.0027441990064894783,0.024507547577494775,-0.3459612305850901,1.5293378402413298,0.12786386977202444,-7.680356144537255,-0.7412705402789951,-0.35667029208654555,-0.7372798477203544,0.003990692558640707,0.008481157954767567,-0.3459612305850901,1.9602768908780008,0.03150149881825171,-7.335873317667579
8.48,-0.48686487804896106,-0.3337566017038692,-0.7406230349914311,-0.25375815694247006,0.034653454666000436,-0.3343187271076742,50.0,-0.6938019301662068,10.0,-0.11632435989297502,-0.40041755985461347,-0.45723915211443916,-0.34091479222146415,0.24309744960168236,-0.48899086615717957,50.0,-2.83121322161741,10.0,0.13347513266898356,3.0048709721610996,-0.27173460529995075,-0.40520973796893434,0.12432281440324872,-0.5591961813493418,50.0,-5.0,10.0,-0.7496751023946313,-0.3865834320332138,-0.7406230349914311,0.009052067403200192,0.02258236634320916,-0.3343187271076742,10.694593843181613,0.28398270174990514,-10.0,-0.7437850443719167,-0.3760997645072828,-0.7406230349914311,0.0031620093804856086,0.02457677764775036,-0.3343187271076742,2.72451081585692,0.14767909546338218,-9.019409878371537,-0.7447190276835075,-0.34484874045124075,-0.7406230349914311,0.004095992692076389,0.008556602755733455,-0.3343187271076742,2.4957991798924706,0.04405066145667397,-7.23791191276164
8.49,-0.49759158005355164,-1.0726702004590605,-0.7438492692997085,-0.24625768924615687,0.03229814479358477,-0.3226234308277398,50.0,-0.5942444564957128,10.0,-0.12865056294996766,-1.2326203056992644,-0.46196660588246286,-0.33331604293249517,0.23988755120292735,-0.4727453768023637,50.0,-2.7332288420836477,10.0,0.12614708931483162,-0.7328043354151923,-0.2771549337125417,-0.4033020230273733,0.1203630746065165,-0.542032841259088,50.0,-5.0,10.0,-0.7533492647196341,-0.3674162325002843,-0.7438492692997085,0.009499995419925633,0.022714107920658446,-0.3226234308277398,11.999547512073834,0.30063937258577195,-10.0,-0.7478339671149821,-0.4048922743065387,-0.7438492692997085,0.003984697815273552,0.024657113853333752,-0.3226234308277398,2.8946554447482917,0.19457009507759201,-10.0,-0.7480548188577614,-0.33357911742538826,-0.7438492692997085,0.004205549558052857,0.008632016163056522,-0.3226234308277398,2.2704163767993206,0.04672744311519349,-7.1962082316677405
8.5,-0.5154150686332121,-1.7823488579660447,-0.7469580411853889,-0.23154297255217682,0.03016094995385961,-0.31087718856803725,50.0,-0.48351714205601054,10.0,-0.14905956879942056,-2.040900584945292,-0.46652992511512503,-0.31747035631570447,0.2369169376982648,-0.45633192326621774,50.0,-2.6203068978686903,10.0,0.08155481457172936,-4.459227474310226,-0.2824002051286257,-0.36395501970035504,0.11716944715694397,-0.5245271416083996,50.0,-5.0,10.0,-0.7567455761112013,-0.3396311391567159,-0.7469580411853889,0.009787534925812413,0.02284594638383224,-0.31087718856803725,12.665681964015388,0.2894442527167704,-10.0,-0.7518511907831994,-0.401722366821735,-0.7469580411853889,0.004893149597810509,0.02474621758599403,-0.31087718856803725,4.209799727662127,0.2214065723645835,-10.0,-0.751274820974849,-0.32200021170875914,-0.7469580411853889,0.004316779789460101,0.008707383982122,-0.31087718856803725,2.605731392387145,0.05940312490207342,-7.103507463362306
8.51,-0.5395384365085776,-2.4123367875365456,-0.7499488597373537,-0.21041042322877612,0.028298079400325502,-0.29908185519648134,50.0,-0.3868778215370672,10.0,-0.17680386309977025,-2.77442943003497,-0.470927488486832,-0.29412362538706177,0.2342531443873977,-0.4397563371706992,50.0,-2.558344080514994,10.0,0.0030783227682045916,-7.8476491803524775,-0.2874671065223539,-0.2905454292905585,0.11504875778207363,-0.5066901393728229,50.0,-5.0,10.0,-0.7597851787026036,-0.3039602591402374,-0.7499488597373537,0.009836318965249946,0.02297470559939876,-0.29908185519648134,12.156533133896415,0.2857769772077534,-10.0,-0.7556950683867293,-0.3843877603529941,-0.7499488597373537,0.005746208649375584,0.024842118448523083,-0.29908185519648134,5.37560295206879,0.25542991640323437,-10.0,-0.7543827798881881,-0.3107958913339097,-0.7499488597373537,0.004433920150834436,0.008782802772763734,-0.29908185519648134,2.432221759442278,0.04245072903136096,-7.0750359947556785
8.52,-0.5687177621722196,-2.9179325663642017,-0.7528212526706833,-0.18410349049846375,0.026748837751977284,-0.2872392933329637,50.0,-0.26306424302444237,10.0,-0.21081096912860225,-3.4007106028832,-0.47515773356425556,-0.2643467644356533,0.23194974780332947,-0.42302450774235334,50.0,-2.620680099171144,10.0,-0.10291316444624615,-10.599148721445074,-0.2923524375302052,-0.18943927308395903,0.11421427992337856,-0.4885331007851268,50.0,-1.699815091028029,10.0,-0.7624134854579351,-0.2628306755331433,-0.7528212526706833,0.009592232787251742,0.023096910994824596,-0.2872392933329637,11.35450349976883,0.27855629039426705,-10.0,-0.759233452290658,-0.353838390392864,-0.7528212526706833,0.0064121996199746345,0.02494162428376212,-0.2872392933329637,6.58291508004005,0.2592204623391901,-10.0,-0.757372839765303,-0.29900598771148434,-0.7528212526706833,0.004551587094619669,0.008858219242481079,-0.2872392933329637,2.793937661338843,0.0495798368750216,-6.919782218693074
8.53,-0.6014189658382432,-3.2701203666023533,-0.7555747664012352,-0.15415580056299205,0.025534291783007597,-0.2753513730551882,50.0,-0.16340173181080253,7.1342624747133225,-0.25001566455566065,-3.9204695427058396,-0.47921915736146337,-0.2292034928058027,0.23004975982954204,-0.4061423797207808,50.0,-2.804571961442936,10.0,-0.22750405849655958,-12.459089405031342,-0.2970531124724056,-0.06954905397584604,0.11476469832412323,-0.47006749422004446,-50.0,2.320279489880101,-10.0,-0.7646087284296582,-0.2195242971723118,-0.7555747664012352,0.009033962028422993,0.023209203044826054,-0.2753513730551882,9.764537999662782,0.25149335365941095,-10.0,-0.7623681469625825,-0.31346946719244584,-0.7555747664012352,0.006793380561347262,0.025040905036094834,-0.2753513730551882,6.805920663558831,0.25160397203819174,-10.0,-0.7602565231513901,-0.2883683386087161,-0.7555747664012352,0.0046817567501549195,0.0089338736438435,-0.2753513730551882,2.882197874987714,0.05550277473265513,-6.8389871411352345
8.540000000000001,-0.6360132523943495,-3.4594286556106284,-0.7582089661172721,-0.1221957137229226,0.024658277511339435,-0.26341997160368447,43.334493786406206,-0.0872038342763979,3.722997582259994,-0.2938817249168926,-4.386606036123193,-0.48311031687392,-0.1892285919570274,0.22859613451358407,-0.389115951245661,50.0,-3.0677381658201783,10.0,-0.3580824881205769,-13.057842962401734,-0.3015661623019116,0.056516325818665336,0.11663564587855006,-0.4513049829505955,50.0,5.0,-10.0,-0.766386145481764,-0.17774170521057558,-0.7582089661172721,0.008177179364491916,0.023308749008992033,-0.26341997160368447,7.684949934100302,0.22438602064111307,-9.89053576868232,-0.7650691697822011,-0.27010228196186253,-0.7582089661172721,0.00686020366492901,0.02513651730094031,-0.26341997160368447,6.5110655174436065,0.2428923376408808,-10.0,-0.7630331198233092,-0.27765966719191293,-0.7582089661172721,0.004824153706037171,0.009009881147623062,-0.26341997160368447,2.9688514357981006,0.05426977291788958,-6.742883403325867
8.55,-0.671219913909027,-3.5206661514677524,-0.7607234358481219,-0.08950352193909483,0.024115308907095262,-0.2514469730849789,9.384891187200994,-0.018162949228049945,1.0870830864873215,-0.3421688992640785,-4.828717434718594,-0.486829829591178,-0.14466093032709948,0.22763239695378493,-0.3719512717258011,50.0,-3.307706452412903,10.0,-0.4838729917548513,-12.579050363427443,-0.30588873647971815,0.17798425527513317,0.11967339346764413,-0.43225741778065707,50.0,5.0,-10.0,-0.7678204790538422,-0.14343335720782263,-0.7607234358481219,0.007097043205720355,0.02339406277677002,-0.2514469730849789,5.42764023697568,0.19666816605447116,-8.190256866215714,-0.7673562256532555,-0.2287055871054364,-0.7607234358481219,0.006632789805133599,0.025225715757702192,-0.2514469730849789,5.668132826539934,0.21409177120213194,-8.944092731530638,-0.7657019709802315,-0.26688511569223194,-0.7607234358481219,0.004978535132109663,0.009086355010513383,-0.2514469730849789,3.202235190083162,0.06379232504704621,-6.661222720113265
8.56,-0.706101930485675,-3.4882016576647987,-0.763117778529865,-0.05701584804418991,0.023893970592419843,-0.23943426817431002,-5.557036415977169,0.018017240984346816,-0.8131340937802632,-0.39511582140833246,-5.294692214425397,-0.4903763739880793,-0.09526055257974686,0.22720926064943003,-0.354654439690133,50.0,-3.3742837247912396,10.0,-0.5935171486259462,-10.964415687109488,-0.31001810477532854,0.28349904385061764,0.12360482547486125,-0.41293682956103916,50.0,5.0,-10.0,-0.7692145393016305,-0.13940602477883604,-0.763117778529865,0.006096760771765575,0.02346897098696556,-0.23943426817431002,4.192174349205308,0.17835478911736982,-6.960264942496143,-0.7694636709238983,-0.21074452706428273,-0.763117778529865,0.006345892394033381,0.025310249134348952,-0.23943426817431002,4.466082362529204,0.21451685991397887,-8.16900597331868,-0.7682580405019223,-0.2556069521690771,-0.763117778529865,0.005140261972057303,0.009163318325450863,-0.23943426817431002,3.334627862092429,0.06557738034774999,-6.543239582063824
8.57,-0.7401962414141489,-3.4094310928473823,-0.7653916160680363,-0.025195374653887437,0.023982959955165705,-0.22738375381713416,-6.480326715501204,0.04766611607699537,-2.2278322762778076,-0.45307592369283717,-5.79601022845047,-0.4937486899942876,-0.04067276630145045,0.22738213400926058,-0.3372316006208298,50.0,-3.1479116895431667,10.0,-0.677032484223607,-8.35153355976608,-0.3139516589912208,0.36308082523238616,0.12807078708316172,-0.39335542158922543,50.0,5.0,-10.0,-0.7707750275725952,-0.15604882709646922,-0.7653916160680363,0.005383411504558899,0.023538409984720798,-0.22738375381713416,3.7630548074774604,0.14480734850283236,-6.268572258794272,-0.7715883211406586,-0.2124650216760224,-0.7653916160680363,0.006196705072622266,0.025393462687242775,-0.22738375381713416,4.946454400868653,0.21897094046645557,-7.753530921021218,-0.770699292522184,-0.2441252020261779,-0.7653916160680363,0.005307676454147758,0.009240807610194959,-0.22738375381713416,3.8027899070236386,0.06419318185186867,-6.404333380519412
8.58,-0.7733344473362588,-3.3138205922109933,-0.7675445893973298,0.005789857938928944,0.024372240593776094,-0.21529733292935394,1.9946642031594113,0.10987788009142496,-3.278149848271332,-0.5161292304496025,-6.30533067567653,-0.4969455794419837,0.019183651007618763,0.2282045035869044,-0.3196889447696083,-21.049647419576242,-2.5122989904930226,10.0,-0.7269979837630139,-4.996549953940703,-0.31768691461024373,0.4093110691527702,0.13266355277008351,-0.3735255619022937,50.0,5.0,-10.0,-0.7725953031708793,-0.1820275598284152,-0.7675445893973298,0.005050713773549487,0.023607119878439133,-0.21529733292935394,3.3679511856175237,0.14656612712997358,-6.001099443807791,-0.7738426865054296,-0.22543653647710282,-0.7675445893973298,0.006298097108099809,0.025478987311971485,-0.21529733292935394,5.003214636160186,0.22979529291400977,-7.801983786913511,-0.7730231081927436,-0.2323815670559466,-0.7675445893973298,0.005478518795413723,0.00931883095485469,-0.21529733292935394,3.5917770261200426,0.06239478189231291,-6.28919651869112
8.59,-0.8054608803591997,-3.2126433022940892,-0.7695763585382979,0.03588452182090185,0.02505235014221452,-0.20317691409680316,17.74213141887473,0.12150389269793697,-3.994397351513689,-0.5837918494350585,-6.766261898545596,-0.499965906491569,0.08382594294348944,0.22971938920619384,-0.3020327049585325,-50.0,-1.476450097565118,7.726972220285081,-0.7394682285182091,-1.247024475519516,-0.321221512364887,0.41824671615332215,0.13697072237916869,-0.3534597754643265,50.0,5.0,-10.0,-0.7746733263437687,-0.20780231728893903,-0.7695763585382979,0.0050969678054708645,0.023678869788222735,-0.20317691409680316,3.995363930886111,0.17190508075165983,-6.00260593741207,-0.7762321293250221,-0.23894428195923806,-0.7695763585382979,0.006655770786724191,0.02556943944803465,-0.20317691409680316,6.5818730922508,0.24988194724742077,-7.992547232844132,-0.7752238179603794,-0.2200709767635826,-0.7695763585382979,0.005647459422081558,0.009397312646751865,-0.20317691409680316,4.376786119315106,0.07158127063264291,-6.076705932844017
8.6,-0.8364984239085385,-3.1037543549338706,-0.7714866026510407,0.06501182125749772,0.026012843790282885,-0.1910244112742876,38.6755527301692,0.1497141982240971,-4.53120076681031,-0.6549276362033825,-7.113578676832398,-0.5028085980352252,0.1521190381681573,0.23195193745555867,-0.28426915436561284,-4.835739801913355,-0.05833439654497752,0.316579937073553,-0.7144111010845978,2.5057127433611295,-0.32455321972745155,0.3898578813571463,0.14061872991840405,-0.3331707362564551,50.0,5.0,-10.0,-0.7769367687527539,-0.22634424089851232,-0.7714866026510407,0.0054501661017131164,0.02375600587332972,-0.1910244112742876,4.097652147931613,0.19084541673112668,-6.144907137246136,-0.7786852141572635,-0.24530848322415283,-0.7714866026510407,0.007198611506222807,0.02566595641141929,-0.1910244112742876,6.444650709111118,0.2912542804842366,-8.230937006785846,-0.7773013515652457,-0.20775336048662735,-0.7714866026510407,0.00581474891420497,0.009476235471942578,-0.1910244112742876,4.5049271690670345,0.08121153158677075,-5.865054300160458
8.61,-0.8663116924321618,-2.9813268523623324,-0.7732750200858685,0.09303667234629331,0.027241343198982054,-0.1788417434827716,50.0,0.21129758449065,-4.921824532071451,-0.7274412128128467,-7.251357660946416,-0.5054726440781813,0.22196856873466542,0.23489675890899997,-0.2664046042956114,50.0,1.5952510127781083,-7.244823231653941,-0.6558780393140069,5.853306177059098,-0.32767993232015724,0.32819810699384966,0.14331538037063662,-0.3126712592705694,50.0,5.0,-10.0,-0.7792736658035744,-0.23368970508204642,-0.7732750200858685,0.005998645717705919,0.023839361301014984,-0.1788417434827716,4.926889776870557,0.22384129290600194,-6.27776466426164,-0.7810860364064707,-0.24008222492071227,-0.7732750200858685,0.007811016320602215,0.025768074797117384,-0.1788417434827716,7.860948455009446,0.3028047752131798,-8.331936966928385,-0.7792544970790369,-0.19531455137912473,-0.7732750200858685,0.0059794769931684755,0.009555561697012176,-0.1788417434827716,4.460831305605631,0.05495670445128255,-5.662909918479469
8.620000000000001,-0.8947419385606799,-2.843024612851805,-0.7749413284309369,0.11980061012974297,0.028723651761564665,-0.16663083450684235,50.0,0.1975597722185093,-5.216216003282084,-0.7984118023595239,-7.097058954667722,-0.5079570980975646,0.2904547042619593,0.23851101184708634,-0.2484454019383353,50.0,3.370645657258454,-10.0,-0.5714108498072806,8.446718950672627,-0.3305996752443152,0.2408111745629654,0.14487882022119902,-0.29197429241579753,50.0,4.033978164200281,-10.0,-0.7815581856052041,-0.22845198016297041,-0.7749413284309369,0.006616857174267188,0.023928375070773954,-0.16663083450684235,5.697048432646854,0.20412873888094943,-6.168929600893683,-0.7832973652045618,-0.22113287980911794,-0.7749413284309369,0.008356036773624953,0.02587374845283455,-0.16663083450684235,8.860524101547217,0.2920636610055396,-8.225809978369474,-0.781079064302239,-0.18245672232020646,-0.7749413284309369,0.0061377358713020636,0.009635184727957217,-0.16663083450684235,3.8371600426244052,0.04486049471176842,-5.2428275394182835
8.63,-0.9216251275977297,-2.688318903704988,-0.7764852645568405,0.14513986304088922,0.030443882282344056,-0.15439361259036444,50.0,0.25692310817718883,-5.166842427228871,-0.8647244791580928,-6.631267679856893,-0.510261077378691,0.35446340177940183,0.24271877263286604,-0.2303979281126356,50.0,5.0,-10.0,-0.47077172042327076,10.063912938400984,-0.33331060432771303,0.13746111609555772,0.1452470400883145,-0.2710929083397817,-50.0,-0.5372825701665545,3.954958202237479,-0.7836888560828772,-0.21306704776731283,-0.7764852645568405,0.007203591526036668,0.024021717690811052,-0.15439361259036444,6.802204533835572,0.2396827874696932,-6.14401441236925,-0.7851916007281678,-0.18942355236060354,-0.7764852645568405,0.008706336171327322,0.025979754169783882,-0.15439361259036444,10.823777666240618,0.330027403923237,-7.702074717234307,-0.7827889305830638,-0.17098662808248044,-0.7764852645568405,0.006303666026223231,0.009715320051027697,-0.15439361259036444,5.145639666611809,0.08226796555034852,-5.135240333400598
8.64,-0.9468625011354603,-2.5237373537730576,-0.7779065846581682,0.16895591647729213,0.03238581518249429,-0.14213201013276722,50.0,0.29214492364141226,-5.159282700574448,-0.9229370475424363,-5.821256838434349,-0.5123837633286932,0.41055328421374315,0.24740643115884692,-0.2122685950002201,50.0,5.0,-10.0,-0.36690345878465963,10.38682616386111,-0.33581100728943797,0.031092451495221662,0.14451928198688058,-0.25004029617249346,-50.0,-4.662724644465842,10.0,-0.7855706953959719,-0.18818393130947217,-0.7779065846581682,0.007664110737803709,0.024117177191320036,-0.14213201013276722,7.575118474400437,0.2570861759274306,-5.84234233389623,-0.7866715185916187,-0.14799178634508275,-0.7779065846581682,0.008764933933450458,0.026082202687752895,-0.14213201013276722,10.46450672860447,0.3312620432098892,-6.940932277141722,-0.784360714334116,-0.15717837510522273,-0.7779065846581682,0.006454129675947828,0.009795579185297698,-0.14213201013276722,5.467086384159322,0.08248747359080683,-4.845410564611853
8.65,-0.9702996922993652,-2.3437191163904867,-0.7792050642919989,0.19109462800736632,0.034531133374207,-0.12984796338306737,50.0,0.32365838873881175,-5.025950966591672,-0.9702406696336567,-4.730362209122038,-0.5143244017673607,0.455916267866296,0.25243863005842204,-0.19406384386675413,50.0,5.0,-10.0,-0.269333943334056,9.756951545060362,-0.3380993048213873,-0.06876536148733126,0.14285593321750126,-0.22882975319493126,50.0,-5.0,10.0,-0.7871405582771702,-0.15698628811983215,-0.7792050642919989,0.007935493985171349,0.024212230759983733,-0.12984796338306737,8.351386631851067,0.2481605043339538,-5.342554619023829,-0.7877123380435648,-0.10408194519461442,-0.7792050642919989,0.008507273751565902,0.026177683619788016,-0.12984796338306737,9.967838427419816,0.2832031500916575,-5.953807298432646,-0.7857873937443786,-0.14266794102625416,-0.7792050642919989,0.006582329452379687,0.009875669273924121,-0.12984796338306737,5.153119124280405,0.07638605908667788,-4.445728691682783
8.66,-0.9917681662102031,-2.146847391083791,-0.7803804984133462,0.21138766779685692,0.036859694791283946,-0.11754341213473518,50.0,0.3710338379744227,-4.917549643987355,-1.0042490056835176,-3.400833604986097,-0.5160823031950964,0.4881667024884212,0.2576603804438049,-0.17579014277356864,50.0,5.0,-10.0,-0.18703873642169008,8.229520691236594,-0.3401740515857937,-0.15313531516410364,0.14050162799673654,-0.20747467644064432,50.0,-5.0,10.0,-0.7883694084207984,-0.12288501436281701,-0.7803804984133462,0.007988910007452166,0.024304408361494535,-0.11754341213473518,7.4475778922567155,0.24748706844588178,-4.647484700840517,-0.7883328754362483,-0.06205373926835583,-0.7803804984133462,0.00795237702290208,0.026263412763943873,-0.11754341213473518,7.535502682734361,0.2663666431490222,-4.851315982891999,-0.7870689823282476,-0.12815885838690122,-0.7803804984133462,0.0066884839149014,0.009955369998911825,-0.11754341213473518,6.1245385582490055,0.1596430598355694,-4.136996320055841
8.67,-1.011033340185832,-1.9265173975628842,-0.7814327014075364,0.22960063877829562,0.03934835291882319,-0.10522029941901767,50.0,0.5144649993783915,-4.785172901781217,-1.0232109728480108,-1.8961967164493199,-0.5176568430378936,0.5055541298101172,0.26290554141355094,-0.15745398427972068,50.0,5.0,-10.0,-0.127495534920474,5.9543201501216085,-0.3420339371281321,-0.21453840220765813,0.1377608119596478,-0.1859885542338402,50.0,-5.0,10.0,-0.7892641600763439,-0.08947516555455673,-0.7814327014075364,0.007831458668807523,0.024391670464738068,-0.10522029941901767,7.391861782409376,0.15582046933372407,-3.9826489561352023,-0.7885931043737168,-0.026022893746843537,-0.7814327014075364,0.007160402966180368,0.026337619082980362,-0.10522029941901767,5.107761689024774,0.15856687200312614,-3.837983528081212,-0.7881913400714243,-0.11223577431766625,-0.7814327014075364,0.006758638663887928,0.01003417996298247,-0.10522029941901767,6.863787478738747,0.032752518400664885,-3.629295797726404
8.68,-1.0277455019260315,-1.6712161740199452,-0.7823615071195192,0.2453839948065123,0.04196931448429031,-0.09288057119828386,50.0,0.5477996575334987,-4.643130411313037,-1.0261390207155943,-0.29280478675835675,-0.5190474618692437,0.5070915588463506,0.2680057374806903,-0.13906188313500545,50.0,5.0,-10.0,-0.09587447119506806,3.162106372540593,-0.3436777867048306,-0.24780331550976256,0.13496656816729613,-0.16438495766984973,50.0,-5.0,10.0,-0.789837143320796,-0.057298324445210186,-0.7823615071195192,0.007475636201276781,0.024472156659195356,-0.09288057119828386,6.727671352083316,0.2283988276245519,-3.1705292449313185,-0.7885680653034656,0.0025039070251170435,-0.7823615071195192,0.006206558183946331,0.02639943427411731,-0.09288057119828386,5.245492553892031,0.21329220359603696,-2.822944508422969,-0.7891511051307856,-0.0959765059361193,-0.7823615071195192,0.006789598011266329,0.010111673593688747,-0.09288057119828386,5.878978263725059,0.10303509370919837,-3.240311970200268
8.69,-1.0414268299465947,-1.368132802056313,-0.7831667688801054,0.25826006106648935,0.04468872837516083,-0.08052617605861512,50.0,0.6092936998668598,-4.401781937326292,-1.0128223284028168,1.331669231277749,-0.5202536656088975,0.4925686627939193,0.2727982571855017,-0.1206203739653855,50.0,5.0,-10.0,-0.09476677511685362,0.11076960782144374,-0.3451045620252624,-0.2503377869084088,0.1324521133374299,-0.14267753204317835,50.0,-5.0,10.0,-0.7901135923791839,-0.02764490583878209,-0.7831667688801054,0.006946823499078492,0.024544389384770018,-0.08052617605861512,4.334291480369512,0.19395173742153352,-2.594605116502131,-0.7883341315483101,0.023393375515541,-0.7831667688801054,0.0051673626682047225,0.026448768563247807,-0.08052617605861512,1.695689471519838,0.160109833931639,-1.9180515897926929,-0.7899400745730234,-0.07889694422378342,-0.7831667688801054,0.006773305692918008,0.010187296345040306,-0.08052617605861512,6.318521524122038,0.07583152409597872,-2.7796001954301013
8.700000000000001,-1.0514973451547545,-1.007051520815976,-0.7838483595291285,0.267648985625626,0.047465923383498684,-0.06815906490230672,50.0,0.6886088310787776,-4.0524730960920285,-0.9837943417171544,2.9027986685662395,-0.5212750256984098,0.46251931601874463,0.27713317047883257,-0.10213600895122577,50.0,5.0,-10.0,-0.12406133236868705,-2.9294557251833435,-0.34631336190755524,-0.2222520295388682,0.13052253861455954,-0.12087998822928325,50.0,-5.0,10.0,-0.7901150967489874,-0.00015043698035091535,-0.7838483595291285,0.006266737219858931,0.024607071800666645,-0.06815906490230672,3.928177304786302,0.21007065262550223,-1.9113684846008685,-0.7879828539318344,0.035127761647573606,-0.7838483595291285,0.004134494402705968,0.02648660073111011,-0.06815906490230672,1.5567288939495163,0.0821275708621999,-1.1518333968239274,-0.7905463589234053,-0.060628435038192346,-0.7838483595291285,0.006697999394276843,0.010260339182486892,-0.06815906490230672,5.121107796411003,0.08384921342195788,-2.3295270103956103
8.71,-1.0573388294798893,-0.584148432513482,-0.7844061714355232,0.27293265804436617,0.0502536648071937,-0.05578119063947007,50.0,0.7817011082789492,-3.6055744843132387,-0.9402799596381286,4.351438207902584,-0.5221111792534038,0.4181687803847248,0.2808797144618896,-0.08361535549940013,50.0,5.0,-7.098375326378995,-0.18095757728616424,-5.68962449174772,-0.34730342284779414,-0.1663458455616299,0.12942804260811802,-0.09900609402389016,50.0,-4.204557522504279,10.0,-0.7898571286714581,0.02579680775293315,-0.7844061714355232,0.005450957235934917,0.0246590016922507,-0.05578119063947007,3.209946608922535,0.1280416565689461,-1.336777135676507,-0.7875856366148982,0.039721731693619255,-0.7844061714355232,0.003179465179375063,0.026514423209734496,-0.05578119063947007,0.9559167890694374,0.06045674064633598,-0.773936533199739,-0.7909607051762568,-0.04143462528514817,-0.7844061714355232,0.00655453374073367,0.010330027982422744,-0.05578119063947007,5.3319787558645775,0.08266131217548182,-1.8401000177387956
8.72,-1.0583811452663272,-0.10423157864379634,-0.7848401165143234,0.2735410287520038,0.05299949825257811,-0.043394507880023525,50.0,0.8589880881668571,-2.8021226620304933,-0.884142185503174,5.613777413495457,-0.5227618291925029,0.3613803563106711,0.2839321402836467,-0.0650649939099135,50.0,4.174914763660089,-3.8405667974152804,-0.26010444288588175,-7.91468655997175,-0.34807411950226913,-0.08796967661638738,0.12933981449795134,-0.07706966544749894,44.83687917046442,-0.6599639640338392,1.5626253060415038,-0.7893499299020614,0.05071987693966455,-0.7848401165143234,0.0045098133877380375,0.024699027838434116,-0.043394507880023525,1.9792393829271533,0.10102557084030941,-0.7407555578525639,-0.78719016705975,0.03954695551482948,-0.7848401165143234,0.002350050545426585,0.02653396901963728,-0.043394507880023525,0.3854444920401891,0.054245548215454444,-0.3905595829495781,-0.7911682487755051,-0.020754359924820713,-0.7848401165143234,0.006328132261181674,0.010395384741027044,-0.043394507880023525,4.873465242796727,0.08009741242051645,-1.3271537585600641
8.73,-1.0541854803282282,0.41956649380989625,-0.7851501262405708,0.26903535408765744,0.05564789514407369,-0.031000972624739553,50.0,0.904582822501424,-2.017887760327504,-0.8178254675294693,6.631671797370471,-0.5232267443428822,0.2945987231865871,0.28621496033577554,-0.04649151503792748,50.0,2.1751518661411366,-1.3998970372797903,-0.35375662545856856,-9.365218257268683,-0.3486249650824547,0.005131660376113845,0.13032765292743936,-0.05508455801855883,12.499307116580834,3.1836656093440734,-5.35573866318864,-0.7886017215435243,0.07482083585371505,-0.7851501262405708,0.0034515953029534696,0.024726061707878277,-0.031000972624739553,0.9927051255768408,0.0759073263698281,-0.3652984529735667,-0.7868302665308181,0.03599005289319009,-0.7851501262405708,0.0016801402902473228,0.026547171417250433,-0.031000972624739553,0.31670086304287204,0.06276911212639713,-0.15780941934691795,-0.7911552784231988,0.0012970352306337397,-0.7851501262405708,0.006005152182627982,0.01045530655933026,-0.031000972624739553,4.376702335216725,0.05810126043662848,-0.8764786788963901
8.74,-1.0445145505993085,0.9670929728919806,-0.7853361516601358,0.2591783989391727,0.05814296983617623,-0.018602541956502794,50.0,0.9108405241203209,-1.166435810568498,-0.7442228564398586,7.360261108961059,-0.5235057595224025,0.2207170969174561,0.287686105194054,-0.02790151795203366,2.91491027382801,0.05124730470532829,-0.033439395234133494,-0.45261497889901003,-9.885835344044146,-0.3489556116624759,0.10365936723653413,0.1323528301342091,-0.033064658002118774,50.0,5.0,-7.038450017467917,-0.787615898447716,0.09858230958083414,-0.7853361516601358,0.002279746787580139,0.024739000944795995,-0.018602541956502794,-0.3364346744737924,0.022377363459135168,-0.12312375507310677,-0.7865133061891997,0.031696034161845965,-0.7853361516601358,0.0011771545290638619,0.02655577335912489,-0.018602541956502794,-0.2912747853720844,0.006896147179444388,-0.07134606465222298,-0.7909059406962929,0.02493377269057776,-0.7853361516601358,0.0055697890361571245,0.010508511072422773,-0.018602541956502794,2.9534955452389067,0.062258692027415546,-0.49709349865259667
8.75,-1.0293217745577976,1.5192776041510845,-0.7853981633974483,0.24392361116034933,0.060430278187364614,-0.006201173731246179,50.0,0.8848520946351488,-0.3829289251965978,-0.6667726410055946,7.745021543426405,-0.5235987755982988,0.14317386540729582,0.28834334169378434,-0.009301607589629057,-50.0,-1.9965136165901645,0.241635192453013,-0.5462314677193587,-9.36164888203487,-0.3490658503988659,0.19716561732049281,0.13526065119561753,-0.011023873638998927,50.0,5.0,-3.4614215421627517,-0.7864013090149398,0.12145894327761826,-0.7853981633974483,0.0010031456174914855,0.024736886506643147,-0.006201173731246179,-0.03361214595123115,-0.03372781920447348,0.007249194068618352,-0.7862208171956862,0.029248899351349226,-0.7853981633974483,0.0008226537982378712,0.02656107500717213,-0.006201173731246179,0.01895168882203064,-0.013772704204930677,-0.03174612328645255,-0.7904063781578602,0.04995625384327938,-0.7853981633974483,0.005008214760411911,0.010553597594642564,-0.006201173731246179,1.9294221629310844,0.0526205593552841,-0.14255177045902628
8.76,-1.0087821515515063,2.0539623006291245,-0.7853361516601358,0.22344599989137048,0.0624593419562154,0.006201173731246179,50.0,0.8237438629603359,0.32402475104749884,-0.5888440423175088,7.792859868808591,-0.5235057595224024,0.06533828279510634,0.28821743853485454,0.00930160758964016,-50.0,-3.7786531646264323,-0.4769457493670403,-0.6242664501130513,-7.803498239369258,-0.34895561166247596,0.2753108384505753,0.1387941094040602,0.011023873638993376,50.0,5.0,4.230029702743464,-0.7849744692892087,0.1426839725731074,-0.7853361516601358,-0.00036168237092715216,0.024719001285676563,0.006201173731246179,-0.04267084987475836,-0.06556155402447103,-0.059042777863738405,-0.785910485765153,0.03103314305331601,-0.7853361516601358,0.0005743341050171713,0.026563715033916975,0.006201173731246179,-0.0022486223618707266,-0.011434462821033147,-0.018212845812838954,-0.7896428566535458,0.07635215043144047,-0.7853361516601358,0.0043067049934100154,0.01058902942953352,0.006201173731246179,1.9093768966095086,0.04685919144046014,0.10806235775705009
8.77,-0.9832380138173216,2.554413773418475,-0.7851501262405708,0.19808788757675078,0.06418477945464106,0.018602541956502794,50.0,0.7515135194192414,0.8742068915024589,-0.5133742013013903,7.5469841016118435,-0.5232267443428823,-0.009852543041491968,0.2873642146942784,0.027901517952011456,17.792390977654545,-5.0,-1.968278191168769,-0.6776405203831379,-5.337407027008664,-0.3486249650824547,0.3290155553006832,0.14261800565976787,0.033064658002124325,50.0,5.0,10.0,-0.7833654057026844,0.1609063586524197,-0.7851501262405708,-0.001784720537886364,0.024685063444432456,0.018602541956502794,0.8341951918558137,-0.09020818423084331,-0.28413901420382615,-0.7855199606206003,0.03905251445527877,-0.7851501262405708,0.00036983438002946567,0.02656350812627174,0.018602541956502794,0.0,-0.005611335135182503,-0.029709562876596735,-0.7886018714832601,0.10409851702857106,-0.7851501262405708,0.003451745242689319,0.010613137030257555,0.018602541956502794,1.1862515136866774,0.02760016123876257,0.23628804376562987
8.78,-0.9530983861024508,3.0139627714870727,-0.7848401165143235,0.16825826958812728,0.06556596587337363,0.03100097262472845,50.0,0.6282212286808848,1.190579873628112,-0.4428954756138035,7.047872568758686,-0.5227618291925029,-0.07986635357869942,0.2858607639016156,0.04649151503793858,50.0,-5.0,-3.830620423229334,-0.6995040857468875,-2.1863565363749564,-0.3480741195022691,0.3514299662446184,0.14635094097585155,0.05508455801856438,50.0,5.0,10.0,-0.7816216379333731,0.17437677693112738,-0.7848401165143235,-0.003218478580950368,0.02463544098092984,0.03100097262472845,0.857083223062422,-0.15102287608602996,-0.718798672756365,-0.7849668636102091,0.0553097010391179,-0.7848401165143235,0.00012674709588555988,0.026559244627126683,0.03100097262472845,0.0,-0.02554971684776511,-0.13119019716025138,-0.7872771686912596,0.13247027920005286,-0.7848401165143235,0.0024370521769361275,0.010624260524106912,0.03100097262472845,-0.028052028655057137,0.01646071772130416,0.19306119460454602
8.790000000000001,-0.9187713525248669,3.4327033577583905,-0.7844061714355232,0.1343651810893437,0.06656634734849122,0.04339450788003463,50.0,0.515248815847105,1.2208891338129348,-0.37944729966716007,6.344817594664342,-0.5221111792534036,-0.1426638795862435,0.28379964334628677,0.0650649939099357,50.0,-5.0,-5.679397343737094,-0.6861178642692423,1.3386221477645206,-0.3473034228477941,0.3388144414214482,0.14960522317528957,0.07706966544749894,50.0,5.0,10.0,-0.7798075797844186,0.1814058148954562,-0.7844061714355232,-0.004598591651104544,0.02457131448292925,0.04339450788003463,2.9813400268566976,-0.15662889065559477,-1.4116376202724492,-0.7841534714600101,0.0813392150198951,-0.7844061714355232,-0.0002526999755130266,0.026548583705869565,0.04339450788003463,0.004620552326353385,-0.0573905640193962,-0.3212469956448021,-0.7856716453180734,0.1605523373186187,-0.7844061714355232,0.001265473882550272,0.010620860029200553,0.04339450788003463,0.0,0.028143070330773907,0.017123087156099573
8.8,-0.8806423560869151,3.812899643795176,-0.7838483595291282,0.09679399655778687,0.06715299734968957,0.05578119063949227,46.107544068912745,0.31921679998773833,1.0665579639603646,-0.32428251651794743,5.5164783149212635,-0.5212750256984094,-0.19699250918046202,0.28127807042299,0.08361535549941124,50.0,-5.0,-7.052667001748086,-0.6375046860490723,4.861317822017,-0.34631336190755485,0.29119132414151744,0.15203100463450306,0.09900609402392346,50.0,5.0,10.0,-0.7780048617817458,0.18027180026728298,-0.7838483595291282,-0.0058434977473824645,0.0244948523254287,0.05578119063949227,5.308105040612128,-0.21171417234006865,-1.9687541515404459,-0.7829773534317316,0.11761180282785638,-0.7838483595291282,-0.0008710060973966538,0.02652811246461281,0.05578119063949227,0.2165800928263577,-0.06951071989099647,-0.6418706434238644,-0.7837973078302203,0.18743374878531738,-0.7838483595291282,-5.105169890795569e-05,0.010601606137332941,0.05578119063949227,0.026323111962385723,-0.027441515386511784,-0.4202127599350964
8.81,-0.8390961377983392,4.154621828857591,-0.7831667688801055,0.055929368918233746,0.06729682885598616,0.06815906490227341,9.951220923608613,0.11317644383961849,0.47710437688595164,-0.2778567391669682,4.642577735097925,-0.5202536656088974,-0.24239692644192923,0.2783898433850609,0.10213600895120356,50.0,-5.0,-7.8547092573571575,-0.5575210382432733,7.998364780579903,-0.34510456202526235,0.2124164762180109,0.15335533291862516,0.12087998822924995,50.0,5.0,10.0,-0.7762942125529046,0.17106492288411307,-0.7831667688801055,-0.006872556327200852,0.02440902026986828,0.06815906490227341,6.716043668647824,-0.23253724094031927,-2.6862400825762736,-0.7813466780707816,0.1630675360949928,-0.7831667688801055,-0.0018200908093238821,0.026493604802910072,0.06815906490227341,0.8481696558723312,-0.12905414750268712,-1.2690540408030626,-0.7816835858104693,0.2113722019751072,-0.7831667688801055,-0.0014831830696362402,0.010565637086439069,0.06815906490227341,0.6164655998939773,-0.046091964319298045,-1.0513894168532285
8.82,-0.7946200438494725,4.447609394886672,-0.7823615071195192,0.012258536729953251,0.06697465328379702,0.08052617605862622,-2.1478663870042367,-0.10952156777023488,-0.512083959412592,-0.23995420217887392,3.7902536988094244,-0.5190474618692438,-0.27909325969036985,0.27521988541827624,0.12062037396536329,50.0,-4.655863826896898,-8.143733321421323,-0.45342495554090023,10.4096082702373,-0.34367778670483057,0.10974716883606966,0.15341184377996211,0.14267753204317835,50.0,1.1744776741898635,4.411362857832027,-0.7747457629717632,0.1548449581141385,-0.7823615071195192,-0.0076157441477560095,0.024317378332579305,0.08052617605862622,7.885434776174536,-0.24553360571378477,-3.3792150212668726,-0.77920807933294,0.21385987378416266,-0.7823615071195192,-0.0031534277865792326,0.026440684537665862,0.08052617605862622,2.237247791444954,-0.18939084095238923,-2.224047617540837,-0.7793783051028786,0.2305280707590571,-0.7823615071195192,-0.002983202016640596,0.010512752259196756,0.08052617605862622,1.8134325168920893,-0.06242466172253007,-1.8449562279988834
8.83,-0.7478285532075741,4.679149064189834,-0.7814327014075364,-0.03360414819996227,0.06617069689537843,0.09288057119828386,19.505899665166694,-0.3560208130714303,-1.959568001900085,-0.20993837212125077,3.0015830057623134,-0.5176568430378937,-0.30771847091664295,0.2718425424085336,0.13906188313500545,50.0,-3.978363061600231,-8.210285831623981,-0.33514603325356207,11.827892228733814,-0.3420339371281325,-0.006887903874570445,0.15216017551834304,0.16438495766980532,17.156775614841795,-4.025253888033532,-10.0,-0.7734068419311557,0.13389210406075158,-0.7814327014075364,-0.008025859476380681,0.02422373052740942,0.09288057119828386,9.704780700301166,-0.24515998610592457,-3.8922181987448274,-0.7765721008174711,0.26359785154688736,-0.7814327014075364,-0.004860600590065323,0.02636571874661052,0.09288057119828386,3.7724366119328767,-0.2645491785924899,-3.555576944572554,-0.7769491804205356,0.2429124682343022,-0.7814327014075364,-0.0044835209870007775,0.010443625802503317,0.09288057119828386,4.111580285351611,-0.08240883725288721,-2.83762174399096
8.84,-0.6996657920080923,4.81627611994818,-0.7803804984133462,-0.08071470640525391,0.06488192221933106,0.10522029941901767,50.0,-0.6301923093828312,-3.9011135871818428,-0.18709967975729871,2.2838692363952053,-0.5160823031950962,-0.3289826234377975,0.26832432925051614,0.157453984279754,50.0,-3.4664492759305356,-8.142828162690702,-0.21415282698260604,12.099320627095603,-0.34017405158579417,-0.12602122460318813,0.14969003120960162,0.18598855423383465,50.0,-5.0,-10.0,-0.7722898144673798,0.11170274637759856,-0.7803804984133462,-0.00809068394596646,0.024131653413312,0.10522029941901767,8.186844993373729,-0.22592287515537302,-4.323536161312495,-0.7735347351233525,0.3037365694118652,-0.7803804984133462,-0.006845763289993756,0.026266887456769396,0.10522029941901767,8.245591084101164,-0.33359035932793835,-5.231111095954914,-0.7744877716862795,0.24614087342561733,-0.7803804984133462,-0.005892726727066755,0.010360084447890088,0.10522029941901767,5.227393314908429,-0.07898732508591887,-3.8970636382981247
8.85,-0.6515073410080148,4.815845100007757,-0.779205064291999,-0.1276977232839842,0.06312336047649043,0.11754341213472408,50.0,-0.854946294648771,-6.207231476892649,-0.17101240416157096,1.6087275595727766,-0.5143244017673606,-0.3433119976057897,0.264730336518501,0.17579014277355753,50.0,-3.1367173003426885,-8.289533131477478,-0.10176039048175264,11.23924365008534,-0.3380993048213877,-0.23633891433963508,0.14620271770119672,0.20747467644064432,50.0,-5.0,-10.0,-0.7713545498407832,0.09352646265965386,-0.779205064291999,-0.007850514451215762,0.024043795622533875,0.11754341213472408,7.3729176975863675,-0.2213438398047994,-4.53753438535553,-0.7702986827102641,0.3236052413088368,-0.779205064291999,-0.008906381581734846,0.026145463116821165,0.11754341213472408,13.738059612102383,-0.3837263485963696,-7.016750434264615,-0.7720965896023128,0.23911820839667486,-0.779205064291999,-0.007108474689686228,0.010265087880153559,0.11754341213472408,7.183162712799156,-0.11480856313269086,-4.857077978681831
8.86,-0.6049931146319313,4.65142263760835,-0.7779065846581683,-0.17291347002623703,0.06092908351246723,0.12984796338306737,50.0,-1.0241091974186842,-8.686270842415558,-0.16163002132343673,0.9382382838134219,-0.5123837633286933,-0.35075374200525655,0.26112897527006707,0.19406384386673192,50.0,-2.937114792132531,-8.66049467348344,-0.008228890848640827,9.353149963311182,-0.3358110072894385,-0.3275821164407977,0.14199158154045763,0.22882975319492016,50.0,-5.0,-10.0,-0.7705247999181167,0.08297499226664881,-0.7779065846581683,-0.007381784740051578,0.023961680275906696,0.12984796338306737,6.3819102320167564,-0.212957593996525,-4.629823938479776,-0.7671487642633864,0.3149918446877684,-0.7779065846581683,-0.010757820394781903,0.02600638572840457,0.12984796338306737,18.95439908034774,-0.44512200814132624,-8.576924604698856,-0.76987984022882,0.22167493734928534,-0.7779065846581683,-0.008026744429348365,0.010162652942125146,0.12984796338306737,8.810660006635144,-0.10095811751284402,-5.7514578662622915
8.870000000000001,-0.5618554099946725,4.313770463725877,-0.7764852645568404,-0.21462985456216788,0.05835140792047296,0.14213201013278942,50.0,-1.1343907032232179,-10.0,-0.15918685628792884,0.24431650355079115,-0.5102610773786908,-0.3510742210907619,0.25759380140880433,0.2122685950002534,50.0,-2.760602722637168,-9.190104679264872,0.05808155126428538,6.63104421129262,-0.33331060432771287,-0.39139215559199825,0.13741455556340837,0.2500402961725656,50.0,-5.0,-10.0,-0.7696966680427074,0.08281318754093524,-0.7764852645568404,-0.006788596514132994,0.02388551299201127,0.14213201013278942,5.527742523721621,-0.20892816268072484,-4.625561194085524,-0.7643902607010005,0.275850356238589,-0.7764852645568404,-0.012095003855839948,0.025857850654222306,0.14213201013278942,21.3346143918442,-0.4434623755638609,-9.998936011287169,-0.7679337307509756,0.19461094778442994,-0.7764852645568404,-0.00855153380586482,0.010057676509288056,0.14213201013278942,9.260366367400724,-0.13015147640888827,-6.25209849331543
8.88,-0.5236922338512843,3.8163176143388293,-0.7749413284309367,-0.2512490945796524,0.05545728521324256,0.15439361259037554,50.0,-1.19602043649132,-10.0,-0.163954368366253,-0.47675120783241665,-0.5079570980975643,-0.3440027297313113,0.25420144923227445,0.2303979281126467,50.0,-2.6771160015180233,-9.690816841065631,0.09137738988556114,3.3295838621275764,-0.33059967524431505,-0.4219770651298762,0.13286182652589687,0.2710929083397817,50.0,-5.0,-10.0,-0.7687489051027829,0.0947762939924455,-0.7749413284309367,-0.006192423328153729,0.02381411112933049,0.15439361259037554,4.944064592699507,-0.1694899341704817,-4.657381664635534,-0.7622846100489299,0.2105650652070567,-0.7749413284309367,-0.01265671838200677,0.025710226963881533,0.15439361259037554,21.645769978065548,-0.43272993145094013,-10.0,-0.7663114397128183,0.16222910381572248,-0.7749413284309367,-0.008629888718118317,0.009955154711725301,0.15439361259037554,9.022055115059596,-0.10508461091776847,-6.549906205065283
8.89,-0.4917909147079366,3.190131914334763,-0.7732750200858687,-0.28148410537793206,0.052323430968029765,0.16663083450679794,50.0,-1.216892366952782,-10.0,-0.1759730055241251,-1.2018637157872116,-0.5054726440781809,-0.32949963855405584,0.25102663921831264,0.2484454019383353,50.0,-2.4981970361990227,-9.963655106424703,0.08887009926818933,-0.2507290617371809,-0.327679932320157,-0.41655003158834636,0.1287213991161871,0.2919742924158031,50.0,-5.0,-10.0,-0.767559053708519,0.1189851394264012,-0.7732750200858687,-0.005715966377349724,0.023745052951614356,0.16663083450679794,3.8816966899200662,-0.1584932479981124,-4.771021229678786,-0.7608860027404065,0.13986073085233508,-0.7732750200858687,-0.012389017345462161,0.02557235071734168,0.16663083450679794,19.207214126735856,-0.39341952462965785,-10.0,-0.7650284312365072,0.12830084763111546,-0.7732750200858687,-0.00824658884936147,0.009859858738468575,0.16663083450679794,7.380037982921074,-0.07996581585836524,-6.364983192439809
8.9,-0.4670211025517312,2.4769812156205457,-0.7714866026510409,-0.30446550009930967,0.04903107784547461,0.1788417434827827,50.0,-1.1192559614301865,-10.0,-0.1948775890854818,-1.8904583561356698,-0.5028085980352248,-0.307931008949743,0.24813637496442872,0.2664046042956114,50.0,-2.374060155108491,-10.0,0.050974263804753894,-3.789583546343543,-0.3245532197274513,-0.3755274835322052,0.1253450826354994,0.3126712592705694,50.0,-5.0,-10.0,-0.7660134387655548,0.15456149429641144,-0.7714866026510409,-0.005473163885486021,0.023674865163329853,0.1788417434827827,3.7315977295265386,-0.16642323824215943,-5.159922436974536,-0.7601257242900563,0.07602784503502082,-0.7714866026510409,-0.011360878360984539,0.025451139149228332,0.1788417434827827,14.875538271769935,-0.3549450944848038,-9.681216512555455,-0.7640311206290437,0.09973106074635206,-0.7714866026510409,-0.007455482021997195,0.009775330812173966,0.1788417434827827,6.572303377046171,-0.09577109489424884,-5.849711987128098
8.91,-0.4497673064880138,1.7253796063717415,-0.7695763585382981,-0.3198090520502843,0.045660449364334596,0.1910244112742765,50.0,-0.9876313724497153,-10.0,-0.21989232757469596,-2.5014738489214143,-0.49996590649156925,-0.2800735789168733,0.24558578656015215,0.28426915436555733,50.0,-2.2723932286837756,-10.0,-0.018743743395045268,-6.971800719979916,-0.3212215123648868,-0.3024777689698415,0.123017485017799,0.3331707362564551,50.0,-5.0,-10.0,-0.7640400053754162,0.19734333901386805,-0.7695763585382981,-0.005536353162881924,0.023599767297799647,0.1910244112742765,3.9813934863977534,-0.17075115644493788,-5.81233874376325,-0.7597938041715642,0.03319201184921268,-0.7695763585382981,-0.00978255436673392,0.02534999440437607,0.1910244112742765,11.210707940236276,-0.2857386548901038,-8.514896267950169,-0.7632155040513016,0.08156165777420571,-0.7695763585382981,-0.0063608544869965256,0.00970356610152658,0.1910244112742765,4.096848161283657,-0.05363878267050672,-5.031758645058551
8.92,-0.4399071707878316,0.9860135700182172,-0.7675445893973298,-0.32763741860949824,0.04228547382123779,0.20317691409682537,50.0,-0.8595374532343937,-10.0,-0.25000122122702045,-3.010889365232448,-0.4969455794419839,-0.24694435821496347,0.24341743191452578,0.3020327049585325,50.0,-2.275274790633978,-10.0,-0.1138624244067252,-9.511868101167993,-0.31768691461024345,-0.20382449020351825,0.12193042692588062,0.35345977546433205,50.0,-2.7008090999602246,-10.0,-0.7616202812377716,0.24197241376445847,-0.7675445893973298,-0.005924308159558245,0.023516326974827622,0.20317691409682537,5.002647839907393,-0.1973834818771254,-6.794405507811506,-0.7595230371988966,0.02707669726676139,-0.7675445893973298,-0.008021552198433257,0.025267071212665065,0.20317691409682537,7.393689034515543,-0.2257473636665322,-7.356719394410512,-0.7624201539519652,0.07953500993363662,-0.7675445893973298,-0.005124435445364672,0.00964436824607957,0.20317691409682537,3.0466772823062804,-0.052889107437751055,-4.133312359518155
8.93,-0.43687233123013014,0.30348395577014387,-0.7653916160680365,-0.3285192848379064,0.038969932577281714,0.21529733292933173,50.0,-0.7240998418460205,-10.0,-0.28423599617396333,-3.4234774946942874,-0.4937486899942873,-0.20951269382032395,0.24166465272579196,0.3196889447696638,50.0,-2.412977794531422,-10.0,-0.22558907274114554,-11.172664833442035,-0.31395165899122157,-0.08836258625007604,0.12216406754672406,0.3735255619021882,-50.0,1.3389827582566245,10.0,-0.758811017202064,0.28092640357075377,-0.7653916160680365,-0.006580598865972509,0.02342242834581082,0.21529733292933173,6.111437757336344,-0.21312714051839488,-8.041148826413876,-0.7589211416623385,0.06018955365581011,-0.7653916160680365,-0.0064704744056980346,0.0251963475132425,0.21529733292933173,5.159218307676196,-0.18267128869200489,-6.684500216707169,-0.7614647034245495,0.09554505274156008,-0.7653916160680365,-0.0039269126434869905,0.009595544614370543,0.21529733292933173,1.628085841798856,-0.03521002278135821,-3.2653592440410413
8.94,-0.439766813261859,-0.2894482031728879,-0.7631177785298651,-0.32335096526800605,0.03576536774491894,0.22738375381714526,50.0,-0.5942546679211161,-10.0,-0.3221356253892987,-3.7899629215335335,-0.49037637398807893,-0.16824074859878024,0.2403612415319575,0.33723160062083535,50.0,-2.59694625838305,-10.0,-0.3416381426794352,-11.604906993828966,-0.3100181047753294,0.031620037904105835,0.12364075862514802,0.3933554215892199,50.0,5.0,10.0,-0.7557370930955284,0.3073924106535656,-0.7631177785298651,-0.007380685434336676,0.023317882250402096,0.22738375381714526,7.217648552148078,-0.24057842831414109,-9.338612749350926,-0.7577031428015641,0.12179988607743825,-0.7631177785298651,-0.0054146357283009205,0.02513002116735175,0.22738375381714526,3.819287960512607,-0.19123318955623025,-6.689622572497102,-0.7601639178113571,0.13007856131924794,-0.7631177785298651,-0.0029538607185080057,0.009552998151053538,0.22738375381714526,0.923522460965252,-0.030503409063409776,-2.7476616057006167
8.950000000000001,-0.4477596716605394,-0.7992858398680402,-0.7607234358481213,-0.31296376418758187,0.03271565868702992,0.23943426817437663,50.0,-0.4891668995311862,-10.0,-0.36343779141758314,-4.130216602828447,-0.4868298295911769,-0.12339203817359373,0.2395403428105044,0.35465443969020516,50.0,-2.734213940900621,-10.0,-0.45191750791703783,-11.02793652376026,-0.30588873647971787,0.14602877143731996,0.12620383999189724,0.4129368295611502,50.0,5.0,10.0,-0.7525750244842914,0.31620686112370666,-0.7607234358481213,-0.008148411363829933,0.023204777450651425,0.23943426817437663,9.021534059467077,-0.2572922553493969,-10.0,-0.7557330324810694,0.19701103204947124,-0.7607234358481213,-0.004990403367051921,0.025060416030476287,0.23943426817437663,3.5966567163326837,-0.1947336163687573,-7.3973563461603336,-0.7583770849228888,0.17868328884682153,-0.7607234358481213,-0.0023463509252324988,0.00951166631291653,0.23943426817437663,0.6920408832491778,-0.027696055811395278,-2.6974530878038188
8.96,-0.4601557392501364,-1.2396067589596997,-0.7582089661172718,-0.2980532268671354,0.029859087094254538,0.25144697308494557,50.0,-0.40449839930544673,-10.0,-0.4082835364605436,-4.484574504296043,-0.48311031687391953,-0.07482678041337593,0.23924053245680027,0.3719512717257345,50.0,-2.707803625054942,-10.0,-0.5457655630645492,-9.384805514751136,-0.30156616230191124,0.2441994007626379,0.12958431455099872,0.4322574177806626,50.0,5.0,10.0,-0.7494427050082458,0.31323194760455775,-0.7582089661172718,-0.008766261109026008,0.02308579164480071,0.25144697308494557,9.778334513279333,-0.27706795441675486,-10.0,-0.753071687843015,0.26613446380543865,-0.7582089661172718,-0.005137278274256807,0.024982429801353172,0.25144697308494557,4.297792642727817,-0.20969675218449843,-8.632242593958125,-0.7560349335080787,0.2342151414810137,-0.7582089661172718,-0.002174032609193133,0.0094665044726765,0.25144697308494557,0.49762727368393583,-0.02885314432854065,-3.1522522063017147
8.97,-0.47651277272230513,-1.6357033472168703,-0.7555747664012353,-0.2790619936789302,0.02723203749218692,0.26341997160365116,50.0,-0.34319579424008345,-10.0,-0.45686586612331986,-4.858232966277624,-0.47921915736146364,-0.02235329123814378,0.23950282284104657,0.38911595124558884,21.699144735123145,-2.3883123158025086,-10.0,-0.6139991610781771,-6.823359801362789,-0.2970531124724066,0.31694604860577047,0.13343611101719272,0.4513049829504623,50.0,5.0,10.0,-0.746366094902928,0.30766101053177825,-0.7555747664012353,-0.009208671498307286,0.02296293882876446,0.26341997160365116,10.684812169108802,-0.27784226988218624,-10.0,-0.7499460854135772,0.3125602429437825,-0.7555747664012353,-0.005628680987658119,0.024894886967182214,0.26341997160365116,4.974434528870221,-0.2339375856358786,-9.962185788088242,-0.7531555866828907,0.28793468251879345,-0.7555747664012353,-0.0024191797183445996,0.009413519207241173,0.26341997160365116,0.9167859810195119,-0.04058314399205052,-4.054188273027075
8.98,-0.49661836981570534,-2.010559709340021,-0.7528212526706836,-0.2562028828549782,0.02487106463457114,0.2753513730551771,50.0,-0.27172981839728266,-10.0,-0.5090781880116972,-5.221232188837735,-0.47515773356425506,0.03392045444744218,0.24036415060440477,0.40614237972085854,-23.48734586946894,-1.6482110635806773,-10.0,-0.6499720677429541,-3.5972906664777065,-0.2923524375302062,0.35761963021274795,0.13737203638596795,0.47006749422004446,50.0,5.0,10.0,-0.7433578323128293,0.3008262590098772,-0.7528212526706836,-0.009463420357854302,0.022838221999284928,0.2753513730551771,11.52489917161137,-0.2753206567811924,-10.0,-0.7466544171963004,0.3291668217276781,-0.7528212526706836,-0.0061668354743831255,0.024800301930265615,0.2753513730551771,6.669235458934174,-0.25820686859497083,-10.0,-0.7498456833001319,0.3309903382758837,-0.7528212526706836,-0.002975569370551656,0.009350664479708068,0.2753513730551771,1.4029154714104208,-0.0591783788795213,-5.256208416291869
8.99,-0.5203984191815499,-2.3780049365844595,-0.7499488597373538,-0.22955044055580387,0.02281336072267155,0.2872392933329748,50.0,-0.24590154220917002,-10.0,-0.5643378271569808,-5.525963914528353,-0.47092748848683147,0.0934103386701493,0.2418508503825591,0.4230245077423589,-23.86860822045382,-0.603201338269028,-4.303672109070279,-0.6503090774868673,-0.03370097439131703,-0.2874671065223536,0.3628419709645137,0.14100382619305224,0.48853310078526,50.0,5.0,10.0,-0.7404145496666245,0.2943282646204775,-0.7499488597373538,-0.009534310070729357,0.022713446072115586,0.2872392933329748,11.478129650916044,-0.277429066040489,-10.0,-0.7433018858096266,0.33525313866737616,-0.7499488597373538,-0.006646973927727173,0.024700306877121606,0.2872392933329748,7.143092028051748,-0.28704837259616606,-10.0,-0.7462817731050985,0.3563910195033461,-0.7499488597373538,-0.0036670866322553453,0.009278354511435181,0.2872392933329748,2.1305694057960003,-0.043478962307684194,-6.383310745308005
9.0,-0.5478319275294381,-2.7433508347888167,-0.7469580411853891,-0.199126113655951,0.021096434669590918,0.29908185519647024,50.0,-0.18837079375287993,-10.0,-0.6213333602113732,-5.69955330543924,-0.46652992511512537,0.15480343509624783,0.2439688400640655,0.43975633717061036,48.71605871475204,0.7831484489722529,5.557957843546185,-0.6153742115975247,3.4934865889342626,-0.28240020512862535,0.33297400646889935,0.1439842175988478,0.5066901393728229,50.0,5.0,10.0,-0.7375123871680134,0.29021624986110434,-0.7469580411853891,-0.009445654017375738,0.02258996790695572,0.29908185519647024,11.151817172554049,-0.24608639682405176,-10.0,-0.7399562616474723,0.33456241621543786,-0.7469580411853891,-0.007001779537916808,0.024596832840120895,0.29908185519647024,7.8995868369192905,-0.2777921716160004,-10.0,-0.7426514528379325,0.36303202671658924,-0.7469580411853891,-0.004306588347456564,0.009198985425288955,0.29908185519647024,2.5796509084356773,-0.04493631784557772,-7.328509421683764
9.01,-0.5789145712701125,-3.108264374067443,-0.7438492692997087,-0.16493469802959626,0.019757914126701703,0.31087718856803725,50.0,-0.15419140313747354,-9.915204951299096,-0.6777568783812528,-5.64235181698796,-0.4619666058824632,0.21579027249878957,0.24669097797075218,0.45633192326621774,50.0,2.3574126542338125,10.0,-0.5493526619879793,6.602154960954545,-0.2771549337125413,0.272197728275438,0.14604597938550673,0.5245271416084052,50.0,5.0,10.0,-0.7346112020147552,0.2901185153258257,-0.7438492692997087,-0.009238067284953577,0.022468575382573602,0.31087718856803725,10.302180464769236,-0.2501905645215409,-10.0,-0.7366485601813175,0.3307701466154735,-0.7438492692997087,-0.007200709118391213,0.024491748734275433,0.31087718856803725,8.109938527200567,-0.2607542909188457,-10.0,-0.7391250236715649,0.3526429166367693,-0.7438492692997087,-0.004724245628143886,0.00911647867734384,0.31087718856803725,3.206088013528876,-0.05648782963579446,-7.7449701882888045
9.02,-0.6135923668608018,-3.4677795590689273,-0.7406230349914313,-0.12703066813062958,0.0188343854013023,0.3226234308277398,50.0,-0.11970296599490066,-8.537396892102688,-0.7309266380517833,-5.31697596705305,-0.45723915211443955,0.2736874859373437,0.24995955042683093,0.4727453768023637,50.0,3.983739738073871,10.0,-0.45934089718369686,9.001176480428239,-0.2717346052999519,0.18760629188374495,0.14702192465630134,0.5420328412589381,50.0,2.072160440511361,10.0,-0.731661144835379,0.29500571793761476,-0.7406230349914313,-0.00896189015605231,0.02234945590921932,0.3226234308277398,9.085212404209974,-0.24850386809664957,-10.0,-0.7333640668652828,0.3284493316034703,-0.7406230349914313,-0.007258968126148568,0.024386314119853602,0.3226234308277398,7.990062336377375,-0.2711530504628805,-10.0,-0.7357883534013644,0.3336670270200462,-0.7406230349914313,-0.004834681590066947,0.009034765158741166,0.3226234308277398,3.5505307984347048,-0.0621768528770692,-7.724610906127371
9.03,-0.65174289848938,-3.8150531628578324,-0.7372798477203546,-0.08553694923097455,0.018360521225278335,0.3343187271076742,42.95442321603514,-0.08529900490341889,-6.730464072388124,-0.7778799809957393,-4.695334294395607,-0.4523492434528668,0.3255307375428725,0.2536843912316992,0.48899086615727394,50.0,5.0,10.0,-0.3545603533577261,10.478054382597074,-0.2661426434864586,0.08841770987126751,0.1468582963167543,0.5591961813493307,-50.0,-2.254075571904088,-10.0,-0.7286093068055844,0.3051838029794563,-0.7372798477203546,-0.008670540914770153,0.02223223211977367,0.3343187271076742,9.37341389974531,-0.24761093346805077,-10.0,-0.7300516160366306,0.3312450828652172,-0.7372798477203546,-0.007228231683723996,0.02428090729472984,0.3343187271076742,8.35074075905747,-0.2557936719387533,-10.0,-0.7326426679817369,0.3145685419627494,-0.7372798477203546,-0.004637179738617658,0.008956936507158715,0.3343187271076742,2.4763100501284243,-0.04777123977906171,-7.267883173958522
9.040000000000001,-0.6931891677427371,-4.1446269253357055,-0.7338202354145033,-0.04063106767176616,0.018368673241094247,0.3459612305851345,12.844521658004073,-0.04722683374601822,-4.243020820387716,-0.8154008884632085,-3.7520907467469113,-0.4472986172590096,0.36810227120419886,0.25774062301841594,0.5050626193857211,50.0,5.0,10.0,-0.24750752488215538,10.705282847557076,-0.26038258027499583,-0.012875055392840451,0.14565901747807017,0.5760063211462774,50.0,-5.0,-10.0,-0.7254206291248654,0.318867768071908,-0.7338202354145033,-0.008399606289637873,0.022116349280070103,0.3459612305851345,9.561066379742975,-0.2279475545225187,-10.0,-0.7266266873162621,0.34249287203684364,-0.7338202354145033,-0.0071935480982411315,0.024174722526543742,0.3459612305851345,7.6959848268106175,-0.25373177703354854,-10.0,-0.72959358384638,0.3049084135356933,-0.7338202354145033,-0.004226651568123296,0.008884179150123912,0.3459612305851345,1.9452382868332383,-0.05150207342236074,-6.656229663948495
9.05,-0.7374732295665543,-4.42840618238172,-0.7302447443867658,0.007228485179788469,0.018883798711130304,0.3575491027737465,-0.6090946015351305,-0.038604992950340054,-0.9339445121517311,-0.8410292056960529,-2.562831723284444,-0.4420890679963063,0.39894013769974657,0.2619863075677418,0.5209549262703284,50.0,5.0,10.0,-0.14704652704528598,10.04609978368694,-0.254458053844949,-0.10741152679966304,0.14358029223170485,0.5924526430046817,50.0,-5.0,-10.0,-0.7220600895186353,0.3360539606230053,-0.7302447443867658,-0.00818465486813047,0.022000897335326498,0.3575491027737465,8.882203728509488,-0.23831204022756242,-10.0,-0.7230170693832423,0.36096179330198236,-0.7302447443867658,-0.007227675003523504,0.02406634959717831,0.3575491027737465,7.8419117245391305,-0.25429611194382723,-10.0,-0.7265042904059511,0.30892934404288674,-0.7302447443867658,-0.003740453980814684,0.008815881675911477,0.3575491027737465,1.2374048947749448,-0.012923757634756856,-6.1233219920208946
9.06,-0.7839523779668317,-4.64791484002774,-0.7265539392486247,0.057398438718207045,0.01992257458231515,0.3690805138141129,13.171949058198727,0.05080371862446185,3.352065820682413,-0.8528042859106836,-1.1775080214630647,-0.4367224465928033,0.4160818393178803,0.26626487676306687,0.5366621403503025,50.0,5.0,10.0,-0.0618921131738016,8.515441387148439,-0.24837280625419247,-0.1864806930803909,0.14086394116218612,0.6085247590756515,50.0,-5.0,-10.0,-0.7185017723388694,0.35583171797659124,-0.7265539392486247,-0.008052166909755298,0.021884792494431288,0.3690805138141129,8.955489369681224,-0.23363114685352696,-10.0,-0.719157845881898,0.3859223501344319,-0.7265539392486247,-0.0073960933667266415,0.0239537964284976,0.3690805138141129,8.147324978714872,-0.26056630044320983,-10.0,-0.7232409601554951,0.32633302504560396,-0.7265539392486247,-0.0033129790931295533,0.008750118582475621,0.3690805138141129,1.0966834262473064,-0.0313957617248919,-5.7603306193595945
9.07,-0.8316129039519511,-4.7660525985119415,-0.7227484028209957,0.10886450113095536,0.021487824853475897,0.38055364276289305,50.0,0.13654791919383671,8.591768365024807,-0.8495513098779903,0.3252976032693258,-0.4312006597835314,0.41835065009445893,0.2704158535036845,0.55217868092719,50.0,5.0,10.0,0.0010163115596925482,6.290842473349414,-0.24213068107553212,-0.24314699263522466,0.13780338698849892,0.6242125178660352,50.0,-5.0,-10.0,-0.714734699929283,0.37670724095864017,-0.7227484028209957,-0.00801370289171277,0.021766984741418294,0.38055364276289305,8.165747732292585,-0.22892928497922962,-10.0,-0.7150076302339493,0.41502156479487345,-0.7227484028209957,-0.007740772587046418,0.02383488654614765,0.38055364276289305,8.803586612850285,-0.29228261597386745,-10.0,-0.7197005874342441,0.3540372721250947,-0.7227484028209957,-0.0030478153867515845,0.008684236701395596,0.38055364276289305,1.7413199594619124,-0.020140466544669177,-5.770973059950729
9.08,-0.8789406017271241,-4.732769777517302,-0.7188287360421954,0.16011186568492863,0.02356222048807691,0.39196667788002904,50.0,0.21656666398302213,10.0,-0.8309487101119519,1.8602599766038443,-0.42552566943305004,0.4054230406789019,0.2742840579128132,0.5674990350481357,50.0,5.0,10.0,0.03698167118815037,3.5965359628457825,-0.23573562096901887,-0.2727172921571692,0.13471656047064265,0.6395060106513251,50.0,-5.0,-10.0,-0.710755820311308,0.39788796179749075,-0.7188287360421954,-0.00807291573088742,0.02164646678792967,0.39196667788002904,9.793984485724145,-0.22971448375208958,-10.0,-0.7105589724575622,0.4448657776387093,-0.7188287360421954,-0.008269763584633272,0.023707702332537443,0.39196667788002904,10.343528313802631,-0.32313213881792935,-10.0,-0.7158590338158803,0.38415536183637977,-0.7188287360421954,-0.0029697022263150963,0.008616124142948807,0.39196667788002904,1.4235998260384777,-0.035779371216468875,-6.112429297007251
9.09,-0.92421065051597,-4.5270048788845925,-0.7147955578730477,0.20941509264292224,0.02610907190239459,0.4033178169147722,50.0,0.3222913003113131,10.0,-0.7974690185345202,3.3479691577431723,-0.419699491838411,0.37776952669610925,0.27772695626399996,0.5826177594639048,50.0,5.0,10.0,0.043809430737486596,0.6827759549336228,-0.22919166519168754,-0.27300109592917415,0.13191827191585753,0.6543955777331301,50.0,-5.0,-10.0,-0.7065787138436012,0.417710646770685,-0.7147955578730477,-0.008216844029446557,0.02152252728295814,0.4033178169147722,9.528381769824817,-0.21821991363301146,-10.0,-0.7058425539361625,0.4716418521399687,-0.7147955578730477,-0.008953003936885251,0.023571008107954594,0.4033178169147722,12.295625059442566,-0.33269468846151895,-10.0,-0.7117677630732345,0.4091270742645784,-0.7147955578730477,-0.0030277947998131882,0.008544933487524218,0.4033178169147722,0.9296972554891019,-0.01567587099691846,-6.561814535070152
9.1,-0.9655682743660593,-4.135762385008931,-0.7106495051991387,0.2549187691669206,0.02907183583256469,0.41460526739089953,50.0,0.46600580354619014,10.0,-0.7502890209320027,4.717999760251754,-0.41372419701277036,0.3365648239192323,0.2806208045271671,0.5975294825640631,50.0,5.0,10.0,0.021944667366507343,-2.1864763370979254,-0.22250294704626453,-0.24444761441277188,0.12969244340543962,0.6688718145423017,50.0,-5.0,-10.0,-0.7022121674631601,0.436654638044111,-0.7106495051991387,-0.008437337735978656,0.021394488441793938,0.41460526739089953,9.478877872405063,-0.24130906166043262,-10.0,-0.7009237559112924,0.49187980248700436,-0.7106495051991387,-0.009725749287846308,0.02342456263482743,0.41460526739089953,14.93303316984886,-0.3563306139594165,-10.0,-0.7075116683821173,0.4256094691117171,-0.7106495051991387,-0.0031378368170214,0.008470994172442833,0.41460526739089953,1.049958556740896,-0.03457974910390284,-6.894891137161271
9.11,-1.0012256024183064,-3.565732805224711,-0.7063912327302484,0.294834369688058,0.03237675280996774,0.4258272468890323,50.0,0.6138302318660499,10.0,-0.6911715342170212,5.911748671498156,-0.4076019079499278,0.28356962626709337,0.2828653259226882,0.6122289062842567,50.0,3.9325064912047827,10.0,-0.025559743384137346,-4.750441075064469,-0.21567369127049238,-0.19011394788635502,0.1282663480340825,0.6829255775772147,50.0,-4.414066162247066,-10.0,-0.6976668754652591,0.4545291997900946,-0.7063912327302484,-0.008724357264989324,0.021261791949165037,0.4258272468890323,10.10855164928392,-0.2707222559405667,-10.0,-0.6958976412497127,0.5026114661579795,-0.7063912327302484,-0.010493591480535747,0.023269365573406274,0.4258272468890323,16.905007993664995,-0.38173053007852065,-10.0,-0.7031601088968964,0.4351559485220974,-0.7063912327302484,-0.003231123833352001,0.008395167339257104,0.4258272468890323,1.2495223711674797,-0.03260463890488458,-7.1339050646864575
9.120000000000001,-1.0296629352702609,-2.843733285195454,-0.7020214128969618,0.327641522373299,0.03593754136222028,0.4369819833286548,50.0,0.7818365516623974,10.0,-0.6223559953986282,6.881553881839296,-0.40133479987003395,0.22102119552859423,0.2843873824897902,0.6267108079893835,50.0,2.2289997644678667,10.0,-0.09323871125822387,-6.767896787408652,-0.2087082113686914,-0.11546950011046751,0.12778844271171869,0.6965479901800992,50.0,-1.0896383709755633,-10.0,-0.6929554111391157,0.4711464326143285,-0.7020214128969618,-0.00906600175784611,0.02112401728832514,0.4369819833286548,11.403377936133722,-0.2786268603852432,-10.0,-0.6908684572951489,0.5029183954563717,-0.7020214128969618,-0.011152955601812953,0.023107544177842505,0.4369819833286548,18.77002564081994,-0.4140119848831666,-10.0,-0.6987650158052601,0.43950930916362835,-0.7020214128969618,-0.0032563970917017793,0.008318652437423722,0.4369819833286548,1.3046135395793785,-0.027786539447455454,-7.206631006127001
9.13,-1.0497617171187694,-2.0098781848508613,-0.6975407357444897,0.3522209813742797,0.039660738994448164,0.44806771524721345,50.0,0.9139295798360231,10.0,-0.5464518856990204,7.590410969960784,-0.3949250994467493,0.15152678625227106,0.28514360925531684,0.6409700423284648,19.690829319016437,0.38942328648741625,3.521797252016248,-0.17357053736353226,-8.033182610530838,-0.20161090688726527,-0.02804036952373301,0.12831135727753445,0.709730448142612,-50.0,2.2607532385295688,10.0,-0.68809134301011,0.4864068129005753,-0.6975407357444897,-0.009449392734379725,0.02098088267969129,0.44806771524721345,10.545762946929655,-0.2789565382883569,-10.0,-0.6859367065736902,0.49317507214586687,-0.6975407357444897,-0.011604029170799501,0.022942186378919923,0.44806771524721345,19.15951204025528,-0.42846182703858476,-10.0,-0.6943399406032886,0.4425075201971454,-0.6975407357444897,-0.003200795141201085,0.008242393733991996,0.44806771524721345,1.5930093079130827,-0.02433004799965758,-7.1233542277175195
9.14,-1.0607694412170403,-1.1007724098270941,-0.6929499088236941,0.3678195323933462,0.04344901155936433,0.4590826920795599,50.0,1.0169346796915966,10.0,-0.4667115809141778,7.9740304784842575,-0.3883750840161149,0.07833649689806288,0.28512957117644905,0.6550015430634382,-39.70402487164073,-1.438735155759688,-10.0,-0.25558641512153896,-8.201587775800672,-0.194386260635842,0.06120015448569696,0.1297435175999715,0.7224646251423272,50.0,5.0,10.0,-0.6830727938790505,0.5018549131059512,-0.6929499088236941,-0.009877114944643606,0.02083192603893426,0.4590826920795599,12.940781766858697,-0.29155791923633956,-10.0,-0.6811824355505249,0.47542710231652896,-0.6929499088236941,-0.011767473273169182,0.022776968935956578,0.4590826920795599,20.196926273102097,-0.401899861652904,-10.0,-0.6898596005373112,0.44803400659773696,-0.6929499088236941,-0.0030903082863829034,0.008166687250468393,0.4590826920795599,1.1086269885230382,-0.03488094875748972,-6.98430157862195
9.15,-1.0624083949562462,-0.1638953739205895,-0.6882496570793657,0.3741587378768805,0.047206988475525194,0.4700251744328421,50.0,1.0858366855656605,10.0,-0.3863333856267753,8.037819528740247,-0.38168708076742347,0.0046463048593518574,0.28437225227216856,0.6688003248691454,-4.830350987332165,-3.1248705704109625,-10.0,-0.32995050196842074,-7.436408684688179,-0.18703883585584263,0.1429116661125781,0.13191627512956608,0.7347424779999362,50.0,5.0,10.0,-0.6779211209638607,0.5151672915189791,-0.6882496570793657,-0.010328536115504994,0.02067712394862731,0.4700251744328421,14.29187551696953,-0.30973339293025093,-10.0,-0.6766368221655464,0.4545613384978485,-0.6882496570793657,-0.011612834913819259,0.0226153844529686,0.4700251744328421,19.544417631259215,-0.38857125423620453,-10.0,-0.6852803234954798,0.4579277041831311,-0.6882496570793657,-0.002969333583885847,0.00809120114421122,0.4700251744328421,1.5031426363090343,-0.03339981973294456,-6.9466454701465095
9.16,-1.054691832697666,0.7716562258580127,-0.6834407227357414,0.37125110996192456,0.05084233395255863,0.48089343436242826,50.0,1.1224872897995342,10.0,-0.3080515731082891,7.828181251848621,-0.37486346591638336,-0.06681189280809424,0.28292131521890274,0.6823614851040105,50.0,-4.489103144334022,-10.0,-0.3876673706860835,-5.771686871766276,-0.1795732733382385,0.20809409734784498,0.13457438479022116,0.7465562517604135,50.0,5.0,10.0,-0.6726541304915444,0.5266990472316229,-0.6834407227357414,-0.01078659224419698,0.02051658812146218,0.48089343436242826,14.631963105292726,-0.3082940621936121,-10.0,-0.6722769330394048,0.43598891261415534,-0.6834407227357414,-0.011163789696336579,0.02246014766474382,0.48089343436242826,17.037781818498438,-0.36695742424632133,-10.0,-0.6805822553662445,0.469806812923538,-0.6834407227357414,-0.0028584673694969087,0.008015635789223898,0.48089343436242826,1.0478050687646983,-0.03519987157295114,-6.876297617403884
9.17,-1.037776908471718,1.6914924225947878,-0.6785238651793009,0.35925304329241725,0.05426571514322333,0.4916857556440557,50.0,1.1364090242800626,10.0,-0.23446847489764586,7.358309821064326,-0.3679066638608585,-0.13343818896321266,0.28085110234716415,0.6956802055524847,50.0,-5.0,-10.0,-0.42109773628771663,-3.3430365601633127,-0.1719942884923282,0.24910344779538843,0.13739972292419136,0.7578984845910297,50.0,5.0,10.0,-0.6672881588685932,0.5365971622951256,-0.6785238651793009,-0.011235706310707694,0.02035057134212559,0.4916857556440557,16.974693943246045,-0.30443880408727186,-10.0,-0.6680155087854107,0.42614242539940933,-0.6785238651793009,-0.01050835639389014,0.022312449858264978,0.4916857556440557,15.471321999641265,-0.31587748221669926,-10.0,-0.6757362397546776,0.48460156115669356,-0.6785238651793009,-0.0027876254246232968,0.007939299378861996,0.4916857556440557,1.18275951660238,-0.027790552541189416,-6.940391614659042
9.18,-1.0118886780269132,2.588823044480497,-0.6734998608388497,0.33838881718806346,0.05739072101065591,0.5024004340451138,50.0,1.1128216662710309,10.0,-0.16770759105825767,6.676088383938818,-0.3608191463194962,-0.19311155526123852,0.2782523779561579,0.7087517541362331,50.0,-5.0,-10.0,-0.4249640373397651,-0.38663010520484775,-0.16430666836738156,0.26065736897238356,0.1400449596244357,0.7687620124946615,50.0,5.0,10.0,-0.661854353279691,0.543380558890217,-0.6734998608388497,-0.011645507559158719,0.02017977821064498,0.5024004340451138,18.31864311692403,-0.2977769773786617,-10.0,-0.6637268331237661,0.4288675661644556,-0.6734998608388497,-0.009773027715083593,0.022171832824497698,0.5024004340451138,13.192158226107106,-0.28586115317580646,-10.0,-0.6707492942325437,0.4986945522133904,-0.6734998608388497,-0.0027505666063060152,0.007861924257577597,0.5024004340451138,0.8754810284422321,-0.04578337464982834,-6.961632874273031
9.19,-0.97727604131252,3.4612636714393137,-0.6683695030629146,0.30890653824960534,0.06013366002600803,0.5130357775935068,50.0,1.0089177067508488,10.0,-0.10925825654403971,5.844933451421795,-0.35360343145352957,-0.24434517490948987,0.2752244328619209,0.7215714865966616,50.0,-5.0,-10.0,-0.39706327702409516,2.790076031566993,-0.15651526862904572,0.24054800839504945,0.1421714321052295,0.7791399738335841,50.0,5.0,10.0,-0.6563780692007889,0.5476284078902108,-0.6683695030629146,-0.011991433862125755,0.0200051010312347,0.5130357775935068,18.964689088220606,-0.32769520923276746,-10.0,-0.6592487436716736,0.4478089452092546,-0.6683695030629146,-0.009120759391241018,0.02203584433606436,0.5130357775935068,11.598486843515463,-0.2862990323755887,-10.0,-0.6656192297926781,0.5130064439865581,-0.6683695030629146,-0.0027502732702365806,0.007783120880476575,0.5130357775935068,1.0130530316796924,-0.028701151102714137,-7.219405550966161
9.200000000000001,-0.9342267738803723,4.30492674321477,-0.6631336019944595,0.27109317188591286,0.06241409907054569,0.5235901068455173,50.0,0.8683688555589844,10.0,-0.05991821270534588,4.934004383869383,-0.3462620829720906,-0.28634387026674474,0.2718675937208665,0.734134848143897,50.0,-5.0,-10.0,-0.3386076401160258,5.8455636908069355,-0.14862501049238716,0.18998262962363863,0.1434867020323852,0.7890258136658557,50.0,5.0,10.0,-0.6508755364250945,0.550253277569435,-0.6631336019944595,-0.012258065569364929,0.019827495047784107,0.5235901068455173,19.584014809701266,-0.31894183855744934,-10.0,-0.654409681692168,0.4839061979505698,-0.6631336019944595,-0.008723920302291521,0.02190021451324639,0.5235901068455173,11.092874445110535,-0.2677638032156959,-10.0,-0.6604089227022638,0.5210307090414201,-0.6631336019944595,-0.002724679292195664,0.007703771016650476,0.5235901068455173,0.9055211097283681,-0.04588986059295287,-7.228995035007508
9.21,-0.8831507937760709,5.107598010430148,-0.6577929844429622,0.22535780933310867,0.06415691736283376,0.5340617551497284,50.0,0.6525462410866764,10.0,-0.019853965752096525,4.006424695324935,-0.3387977092213408,-0.31894374346924426,0.2682775138166415,0.746437375074982,50.0,-5.0,-10.0,-0.25412414446456955,8.448349565145623,-0.14064087761356453,0.11348326685100502,0.14377669974438068,0.7984132878822631,50.0,2.3284911701714837,10.0,-0.6453518852604745,0.5523651164620019,-0.6577929844429622,-0.012441099182487703,0.019647847544313028,0.5340617551497284,20.15725422418198,-0.3242824464382706,-10.0,-0.6490528489598154,0.5356832732352551,-0.6577929844429622,-0.008740135483146783,0.021759244831091398,0.5340617551497284,11.637440264498826,-0.29315264546755304,-10.0,-0.655115436938176,0.5293485764087824,-0.6577929844429622,-0.002677547504786215,0.0076240606839617356,0.5340617551497284,0.9985225261013013,-0.024615810508640673,-7.212781486405545
9.22,-0.8247207892851025,5.8430004490968415,-0.6523484937538433,0.1723722955312592,0.06529634027323666,0.5444490689118897,50.0,0.37830382483241426,10.0,0.011218995515407608,3.107296126750413,-0.3312129622577285,-0.3424319577731361,0.2645424646262351,0.7584746963612277,50.0,-4.774375783716485,-10.0,-0.15096439245436818,10.315975201020136,-0.132567912942029,0.018396479512339192,0.14292906701940206,0.8072964671535537,-24.357151799917453,-1.8872745185462565,-10.0,-0.6397980848520137,0.5553800408460731,-0.6523484937538433,-0.012550408901829568,0.019466805451210125,0.5444490689118897,21.05370871032833,-0.3187279136774709,-10.0,-0.6430623383042158,0.5990510655599635,-0.6523484937538433,-0.00928615544962752,0.021606478170039127,0.5444490689118897,13.69490687777617,-0.32018675194158547,-10.0,-0.6497276263774255,0.5387810560750493,-0.6523484937538433,-0.002620867376417757,0.007543973904590053,0.5444490689118897,0.7174222209431226,-0.0222050775333499,-7.19379175606592
9.23,-0.7600755553875461,6.464523389755636,-0.646800989675297,0.11327456571224914,0.06578263359138359,0.5547504078546317,10.137418814400755,0.061166378010635764,1.9757852255055814,0.03394938771032377,2.273039219491616,-0.32351053690573706,-0.3574599246160608,0.26074056145812535,0.7702425351991504,50.0,-4.333918752676774,-10.0,-0.040370815539500074,11.059357691486811,-0.12441121553529819,-0.08404039999579811,0.14098272725029537,0.8156697406730806,50.0,-5.0,-10.0,-0.6341973421319557,0.5600742720058024,-0.646800989675297,-0.012603647543341312,0.01928476154857613,0.5547504078546317,20.874501216392634,-0.31662690815952266,-10.0,-0.6363782477452946,0.668409055892116,-0.646800989675297,-0.010422741930002366,0.02143540984514989,0.5547504078546317,17.811982120880423,-0.3647689406116544,-10.0,-0.6442320429388216,0.5495583438603864,-0.646800989675297,-0.0025689467364753416,0.007463328602839261,0.5547504078546317,0.7752659553765051,-0.021074922362676034,-7.208300756140577
9.24,-0.69101216412906,6.906339125848612,-0.6411513482225252,0.049860815906534794,0.06559060783786408,0.5649641452771803,-20.52557238615273,-0.2738111571257764,-9.485524943176435,0.04862581825958938,1.4676430549265607,-0.3156931698004166,-0.364318988060006,0.2569506072720326,0.7817367105320439,50.0,-3.9703706932324585,-10.0,0.06785328871691686,10.822410425641692,-0.11617593733827992,-0.18402922605519678,0.13806019394717925,0.8235278197018248,50.0,-5.0,-10.0,-0.6285113242034711,0.5686017928484586,-0.6411513482225252,-0.012640024019054064,0.019101501129100747,0.5649641452771803,21.05737273690472,-0.31274303826241284,-10.0,-0.6290549213770842,0.7323326368210472,-0.6411513482225252,-0.012096426845440988,0.021241212313013378,0.5649641452771803,24.10130495880735,-0.42451850225272203,-10.0,-0.6386251657970491,0.560687714177257,-0.6411513482225252,-0.0025261824254760867,0.007381998007166775,0.5649641452771803,0.8823903719248934,-0.02325036809680335,-7.219781845812482
9.25,-0.6196401480512493,7.1372016077810585,-0.6354004615394077,-0.015760313488158317,0.0647192845422044,0.5750886683117518,14.323533946928148,-0.6141224643540999,-10.0,0.055335381747977905,0.6709563488388527,-0.30776363841507637,-0.3630990201630543,0.2532525214355182,0.7929531385340249,50.0,-3.692529698062096,-10.0,0.164152451271454,9.629916255453715,-0.1078672799291935,-0.2720197312006475,0.13437700500962738,0.8308657409086428,50.0,-5.0,-10.0,-0.6227081451883828,0.5803179015088326,-0.6354004615394077,-0.012692316351024857,0.018916546175439617,0.5750886683117518,21.262700387152357,-0.32637473620960605,-10.0,-0.6212578343450526,0.7797087032031687,-0.6354004615394077,-0.014142627194355106,0.02102181517074951,0.5750886683117518,32.1829551640442,-0.49551833099359793,-10.0,-0.6329031406204235,0.5722025176625518,-0.6354004615394077,-0.002497320918984136,0.007299804546210678,0.5750886683117518,0.9472610258541209,-0.02072964555217548,-7.294023877368817
9.26,-0.5480197895707919,7.162035848045743,-0.6295492377576173,-0.08152944818682539,0.06318778647553157,0.5851223781790371,50.0,-0.8823303016280394,-10.0,0.0540149869185979,-0.13203948293800027,-0.2997247600744602,-0.3537397469930581,0.2497283279138814,0.8038878340616173,50.0,-3.4555755786995084,-10.0,0.24021044769897185,7.6057996427517836,-0.09949049123414122,-0.33970093893311304,0.13021941565602108,0.8376788695052317,50.0,-5.0,-10.0,-0.6167704901641285,0.5937655024254298,-0.6295492377576173,-0.012778747593488737,0.01872938214926219,0.5851223781790371,20.864094861059684,-0.3034871827665815,-10.0,-0.6132565507641676,0.8001283580884965,-0.6295492377576173,-0.016292686993449657,0.020778875465006164,0.5851223781790371,42.060269389306335,-0.5282072697673963,-10.0,-0.6270815470115434,0.5821593608880163,-0.6295492377576173,-0.0024676907460738917,0.007216911702661138,0.5851223781790371,0.5394821538272065,-0.024081979668766577,-7.326495438476469
9.27,-0.47829828694937904,6.972150262141288,-0.6235986008532178,-0.1453003139038388,0.061037568310279046,0.5950636904399453,50.0,-1.101682698889029,-10.0,0.04462295390165884,-0.9392033016939063,-0.29157939095376284,-0.33620234485542166,0.24646022479549656,0.8145369120697354,50.0,-3.132911471584873,-10.0,0.2895844502528107,4.9374002553838885,-0.09105086221240358,-0.3806353124652143,0.12591932250583054,0.8439629021737616,50.0,-5.0,-10.0,-0.6106886179862874,0.6081872177841172,-0.6235986008532178,-0.012909982866930458,0.018539463598814473,0.5950636904399453,23.170109447010137,-0.31506026478329124,-10.0,-0.6053964141501614,0.7860136614006199,-0.6235986008532178,-0.0182021867030564,0.02051825223183554,0.5950636904399453,50.0,-0.5700846127073262,-10.0,-0.6211637142303885,0.5917832781154906,-0.6235986008532178,-0.002434886622829313,0.007133384508621296,0.5950636904399453,0.9512296335631291,-0.017152179621862773,-7.3221096788392535
9.28,-0.4124310136403977,6.586727330898137,-0.6175494905007601,-0.20511847686036244,0.058327710808585606,0.6049110352457698,50.0,-1.245572784936722,-10.0,0.027366005458796902,-1.7256948442861937,-0.28333042506385087,-0.3106964305226478,0.2435258299746987,0.8248965889911974,50.0,-2.773102889864783,-10.0,0.3082396343343361,1.8655184081525378,-0.08255372351456543,-0.3907933578489015,0.12182483708652628,0.8497138697838136,50.0,-5.0,-10.0,-0.6044807540912863,0.6207863895001018,-0.6175494905007601,-0.013068736409473813,0.018346697595769724,0.6049110352457698,23.263460533976545,-0.317698671645085,-10.0,-0.5980130792778295,0.7383334872331926,-0.6175494905007601,-0.019536411222930594,0.020249054770882915,0.6049110352457698,50.0,-0.5789814546020533,-10.0,-0.6151431677763104,0.6020546454078085,-0.6175494905007601,-0.0024063227244497387,0.007049115816836018,0.6049110352457698,0.6882456724852944,-0.030419272280753716,-7.380672170435729
9.290000000000001,-0.3521121470373688,6.03188666030289,-0.6114028619248908,-0.259290714887522,0.05513161499368009,0.614662857586934,50.0,-1.3186017157080199,-10.0,0.002861593521882772,-2.4504411936914128,-0.2749807932230233,-0.2778423867449061,0.24099245022661878,0.8349631840827543,50.0,-2.3566936412683903,-10.0,0.29486387943181536,-1.3375754902520733,-0.07400444211554849,-0.3688683215473638,0.11826991142007784,0.854928139901695,50.0,-5.0,-10.0,-0.5981498225997333,0.6330931491553072,-0.6114028619248908,-0.013253039325157534,0.018150857887602616,0.614662857586934,23.01085923158248,-0.3128974860079691,-10.0,-0.5912979782830055,0.6715100994824089,-0.6114028619248908,-0.02010488364188534,0.01998085492451582,0.614662857586934,50.0,-0.5660986038592966,-10.0,-0.6090327995859091,0.6110368190401342,-0.6114028619248908,-0.0023700623389817377,0.006964311511542187,0.614662857586934,-0.18023494860898046,-0.02179837458099747,-7.3670750343790745
9.3,-0.2987189349996879,5.339321203768096,-0.6051596857495165,-0.3064407507498286,0.051533275365805,0.6243176175374288,50.0,-1.3046144980070264,-10.0,-0.027817422403087686,-3.0679015924970456,-0.26653346201571876,-0.23871603961263108,0.23891207998974218,0.8447331207304565,50.0,-1.9282644853748052,-10.0,0.25097331456154076,-4.389056487027461,-0.06540841792472213,-0.3163817324862629,0.11554499974391796,0.859602419082639,50.0,-5.0,-10.0,-0.5916884380999274,0.6461384499805772,-0.6051596857495165,-0.013471247649589069,0.017951531566108667,0.6243176175374288,23.11852255427914,-0.32095680353860684,-10.0,-0.5853412549706405,0.5956723312364913,-0.6051596857495165,-0.019818430778876017,0.01972310338360341,0.6243176175374288,50.0,-0.5356862724537476,-10.0,-0.6028223443098303,0.6210455276078762,-0.6051596857495165,-0.0023373414396862247,0.006878833544384537,0.6243176175374288,1.0017873630867073,-0.018609699181538725,-7.382121532959279
9.31,-0.25324717695776977,4.547175804191809,-0.5988209478445298,-0.34557377088676,0.04762282007651822,0.6338737904986735,50.0,-1.2360965223373417,-10.0,-0.06323788466689197,-3.5420462263804273,-0.25799143273849057,-0.19475354807159861,0.2373187491316642,0.8542029277228191,50.0,-1.548508084790432,-10.0,0.18079928613197613,-7.017402842956463,-0.05677108037521216,-0.2375703665071883,0.11387103636314172,0.863733754950996,50.0,-4.407819622674531,-10.0,-0.5850815463111598,0.6606891788767618,-0.5988209478445298,-0.013739401533369944,0.01774806863288729,0.6338737904986735,24.748931992034436,-0.3187790791073285,-10.0,-0.5801157026952588,0.5225552275381683,-0.5988209478445298,-0.018705245149270966,0.019483795409356883,0.6338737904986735,45.34020153049932,-0.47264974306200824,-10.0,-0.5965135934296748,0.630875088015553,-0.5988209478445298,-0.0023073544148549674,0.006792672491434433,0.6338737904986735,0.6497165011944842,-0.02332972552731245,-7.404132349628182
9.32,-0.21624203686218318,3.7005140095586597,-0.5923876491701258,-0.3761456123079426,0.043491312552482925,0.6433298674404009,50.0,-1.126307805606461,-10.0,-0.10182496196810978,-3.8587077301217807,-0.24935774033366537,-0.1475327783655556,0.23622929212102084,0.86336924048252,50.0,-1.284475910380739,-10.0,0.090973615787782,-8.982567034419413,-0.04809788499453994,-0.13907150078232194,0.11337857805876045,0.8673195380672211,50.0,-1.109505185010606,-10.0,-0.5783183498243887,0.6763196486771167,-0.5923876491701258,-0.014069299345737085,0.017539743674562208,0.6433298674404009,26.08856032058683,-0.3241566933358757,-10.0,-0.5754288503994159,0.46868522958429193,-0.5923876491701258,-0.016958798770709826,0.019267338898691356,0.6433298674404009,36.40094670405998,-0.4126694945080678,-10.0,-0.5901093381872942,0.6404255242380639,-0.5923876491701258,-0.0022783109828315995,0.00670584682918231,0.6433298674404009,0.6977247583691182,-0.022164413872140663,-7.451360039414421
9.33,-0.1877720799569929,2.846995690519026,-0.5858608056187413,-0.3980887256617484,0.039225725726813536,0.6526843551384442,50.0,-0.9676537324340378,-10.0,-0.14214539475705545,-4.032043278894567,-0.2406354523110476,-0.09849005755399215,0.23564759587337036,0.8722288022617763,45.43671511655428,-1.107332663218738,-10.0,-0.009960988512409993,-10.0934604300192,-0.03939430995880395,-0.029433321446393955,0.11409359088729842,0.8703575035735989,-50.0,2.214365207687569,10.0,-0.571387733234214,0.6930616590174642,-0.5858608056187413,-0.01447307238452733,0.017325706784815185,0.6526843551384442,28.134039839443712,-0.32353010683609834,-10.0,-0.5709705742444986,0.44582761549173555,-0.5858608056187413,-0.014890231374242724,0.019073853823399756,0.6526843551384442,28.299872240064495,-0.35679984663777164,-10.0,-0.5836217230544642,0.6487615132829958,-0.5858608056187413,-0.002239082564277073,0.00661857985221124,0.6526843551384442,0.5974888646687498,-0.014067403466220051,-7.401973455889887
9.34,-0.1674299031380566,2.034217681893631,-0.5792414478546367,-0.4118115447165801,0.03490418851145837,0.6619357764104605,50.0,-0.8375299037283541,-10.0,-0.18332557713396364,-4.1180182376908165,-0.2318276676580378,-0.04850209052407417,0.23557437679189872,0.8807784653009798,20.388400736082378,-1.0031276056355136,-10.0,-0.11003094719048635,-10.006995867807635,-0.03066585263254399,0.07936509455794236,0.11588794141965862,0.8728457326259959,50.0,5.0,10.0,-0.5642915968577604,0.709613637645354,-0.5792414478546367,-0.01494985099687629,0.017105246911081888,0.6619357764104605,29.343377912449284,-0.3474981710691373,-10.0,-0.5664393441440964,0.45312301004022465,-0.5792414478546367,-0.012802103710540358,0.01890052048529033,0.6619357764104605,20.75847044112529,-0.3150480849582276,-10.0,-0.5770305042450481,0.6591218809416169,-0.5792414478546367,-0.0022109436095886226,0.006530558228021193,0.6619357764104605,0.724893126348616,-0.03503933546757025,-7.430259923337014
9.35,-0.15467189692428068,1.2758006213775936,-0.572530621151136,-0.41785872422685527,0.030598021207052063,0.6710826703500761,50.0,-0.6875623122746639,-10.0,-0.2247773152181286,-4.145173808416495,-0.22293751573858397,0.0018397994795446293,0.23600729216753583,0.8890151919453831,-1.0799576959208828,-0.864461664248192,-10.0,-0.19971880152865673,-8.968785433817036,-0.02191802609648782,0.1778007754321689,0.11856282771736201,0.8747826536056158,50.0,5.0,10.0,-0.5570477461301525,0.7243850727607861,-0.572530621151136,-0.015482875020983444,0.016877979653595974,0.6710826703500761,31.870728744677187,-0.3423919462618869,-10.0,-0.5615446195472299,0.4894724596866407,-0.572530621151136,-0.01098600160390606,0.018741713223282604,0.6710826703500761,15.874774714437494,-0.2726623419048678,-10.0,-0.57034235117319,0.6688153071858084,-0.572530621151136,-0.002188269977945967,0.006441793997523151,0.6710826703500761,0.6900414844349334,-0.020943041412536244,-7.470299264575039
9.36,-0.14893088674802937,0.5741010176251313,-0.56572938522557,-0.4167984984775407,0.026372626120514144,0.6801235925565918,50.0,-0.5604662388760245,-10.0,-0.2663092532891562,-4.1531938071027605,-0.21396815518132978,0.052341098107826445,0.23694602252932437,0.8969360557254197,-14.380617025366329,-0.5958087504963743,-9.185797045137283,-0.2700208555953314,-7.03020540666747,-0.0131563556653713,0.2568644999299601,0.12183449325732836,0.8761670431116503,50.0,5.0,10.0,-0.5497013556536534,0.7346390476499138,-0.56572938522557,-0.016028029571916624,0.016644235453111816,0.6801235925565918,33.38485028256638,-0.36799446110207124,-10.0,-0.5560707938874857,0.5473825659744227,-0.56572938522557,-0.009658591338084332,0.01859038905330432,0.6801235925565918,12.992503015734526,-0.24144388542108275,-10.0,-0.5635682427113375,0.677410846185241,-0.56572938522557,-0.0021611425142324947,0.006352441487762301,0.6801235925565918,0.4886355902385388,-0.0029418900273997114,-7.471439895215189
9.370000000000001,-0.1497554902249101,-0.08246034768807342,-0.5588388140719319,-0.40908332384702184,0.02229003891681273,0.6890571153638114,50.0,-0.45984916967550094,-10.0,-0.3078098441583445,-4.1500590869188265,-0.2049227727573743,0.1028870714009702,0.23838989915202594,0.9045382423955473,-5.5488694775227865,-0.1287011760935727,-1.8737859795539018,-0.31370521967538045,-4.3684364080049045,-0.004386375398028612,0.30931884427735185,0.12536452534090237,0.8769980267342714,50.0,5.0,10.0,-0.5423011669273157,0.7400188726337686,-0.5588388140719319,-0.016537647144616252,0.016404857094402276,0.6890571153638114,35.6821895574189,-0.3349898097574036,-10.0,-0.5498812438944465,0.6189549993039256,-0.5588388140719319,-0.008957570177485441,0.018438917851599075,0.6890571153638114,11.738910052755763,-0.25029969868605295,-10.0,-0.5567053404597853,0.6862902251552258,-0.5588388140719319,-0.0021334736121466635,0.006262477729125313,0.6890571153638114,0.546436166601318,0.025207125299476454,-7.466100064529519
9.38,-0.1568567201392708,-0.7101229914360687,-0.5518599957912886,-0.39500327565201787,0.018411018459436157,0.6978818280643284,50.0,-0.3135797394035503,-10.0,-0.34877673528446457,-4.096689112612008,-0.19580458224802377,0.1529721530364408,0.24032928959365155,0.9118190509350532,38.75616269599499,0.6106188930893818,9.425808118856995,-0.3262160825293948,-1.2510862854014393,0.004386375398027929,0.33060245792742277,0.12879565854871675,0.877275079605655,50.0,5.0,10.0,-0.5349047849878013,0.7396381939514389,-0.5518599957912886,-0.016955210803487386,0.016161341166972258,0.6978818280643284,37.21140068028862,-0.34840386996758177,-10.0,-0.5429197297652942,0.6961514129152256,-0.5518599957912886,-0.008940266025994403,0.01827990005004761,0.6978818280643284,12.800059083635649,-0.27957237179284244,-10.0,-0.5497485336052175,0.6956806854567823,-0.5518599957912886,-0.002111462186071167,0.006171795038718923,0.6978818280643284,0.553875035592743,0.03292952684095257,-7.484742872543574
9.39,-0.1700910575750548,-1.3234337435784012,-0.544794032419945,-0.3747029748448901,0.014796332085345096,0.7065963371343686,50.0,-0.27303913962528975,-10.0,-0.3880239441404222,-3.9247208855957596,-0.18661682330294715,0.20140712083747503,0.24273583289058587,0.9187758945076618,50.0,1.5990694603510305,10.0,-0.3062285282138155,1.9987554315579303,0.013156355665370616,0.3193848838791861,0.13178963184435283,0.8769980267342659,50.0,5.0,10.0,-0.5275569796647142,0.7347805323087142,-0.544794032419945,-0.017237052755230797,0.015915492586189076,0.7065963371343686,38.66045460681436,-0.35397454217802127,-10.0,-0.5352104229415651,0.7709306823729145,-0.544794032419945,-0.009583609478379884,0.018106970887026518,0.7065963371343686,14.411980964103146,-0.30039979713178855,-10.0,-0.5427013428600966,0.704719074512084,-0.544794032419945,-0.0020926895598483153,0.006080396235669231,0.7065963371343686,0.2695990468178024,-0.023780101132359007,-7.553110642882135
9.4,-0.1893944383355753,-1.9303380760520494,-0.5376420397554305,-0.34824760141985517,0.011506889878751748,0.7151992664514495,50.0,-0.2087647563527072,-10.0,-0.4240883643905368,-3.606442025011464,-0.17736276028914902,0.2467256041013878,0.2455637331341009,0.9254063013798136,50.0,2.7376607016612473,10.0,-0.2554948977007517,5.073363051306385,0.02191802609648714,0.2774129237972388,0.13405642477719457,0.876167043111653,50.0,5.0,10.0,-0.5202887791318664,0.7268200532847701,-0.5376420397554305,-0.017353260623564015,0.015669277974624963,0.7151992664514495,38.704317344443666,-0.3480367704110931,-10.0,-0.5268365608553719,0.8373862086193166,-0.5376420397554305,-0.010805478900058563,0.017915177477163997,0.7151992664514495,20.472941804944554,-0.34159337129821526,-10.0,-0.5355853572608795,0.7115985599217063,-0.5376420397554305,-0.002056682494550932,0.005988669554731551,0.7151992664514495,0.6202644396986156,0.0042521353681510225,-7.487375383738274
9.41,-0.2147388593360663,-2.534442100049101,-0.5304051471802942,-0.3156662878442279,0.00860367121031438,0.7236892575136267,50.0,-0.1499250973489258,-10.0,-0.4550493126489024,-3.096094825836561,-0.16804568113115215,0.28700363151775027,0.24874337893186207,0.9317079157996899,50.0,3.9242605186329413,10.0,-0.17870832637823664,7.678657132251504,0.030665852632543306,0.20937417901077995,0.1353823008540772,0.8747826536056186,50.0,3.1540386905071007,10.0,-0.5131007053326259,0.7188073799240551,-0.5304051471802942,-0.017304441847668328,0.015424352818155873,0.7236892575136267,38.304700996198356,-0.3411583139406786,-10.0,-0.517958340103103,0.8878220752268848,-0.5304051471802942,-0.012446807077191147,0.0177019271988694,0.7236892575136267,26.536551525429388,-0.38825386978836723,-10.0,-0.5283726697444913,0.7212687516388311,-0.5304051471802942,-0.0020324774358029263,0.005896217905209639,0.7236892575136267,0.2962888504092938,-0.015489801661662566,-7.500763237491526
9.42,-0.246093744644233,-3.135488530816673,-0.5230844974837667,-0.2769907528395337,0.00614731253500071,0.7320649696527459,50.0,-0.09936628821952291,-10.0,-0.4786438866050821,-2.359457395617972,-0.15866889614282045,0.31997499046226163,0.2521790745760465,0.9376784988331666,50.0,5.0,10.0,-0.0829541244660876,9.575420191214903,0.039394309958803275,0.12234843442489088,0.13564824317920463,0.8728457326259972,-35.80312101236655,-0.33030055032517347,-10.0,-0.5059719298120234,0.7128775520602382,-0.5230844974837667,-0.017112567671743295,0.015181939386232416,0.7320649696527459,37.06898598093232,-0.30088353398365436,-10.0,-0.5087774911738402,0.9180848929262848,-0.5230844974837667,-0.01430700630992654,0.017467048646477506,0.7320649696527459,33.765697145158946,-0.3826739751519044,-10.0,-0.5210641876550525,0.7308482089438815,-0.5230844974837667,-0.002020309828714262,0.005802929986028109,0.7320649696527459,0.383808326219551,0.04935150772985058,-7.565044350125958
9.43,-0.283468722225739,-3.7374977581505977,-0.5156812466812977,-0.23221252445555868,0.004198937066260183,0.7403250802469064,50.0,-0.054021828073148356,-10.0,-0.4922579062206709,-1.3614019615588793,-0.14923573685120992,0.34302216936946095,0.255745436465897,0.9433159291610482,50.0,5.0,10.0,0.020016895192419906,10.29710196585075,0.04809788499453926,0.02808098980211935,0.13489934288064076,0.8703575035735982,-50.0,-3.759462092461948,-10.0,-0.49886443623738963,0.7107493574633778,-0.5156812466812977,-0.016816810443908037,0.014942696346046998,0.7403250802469064,35.587744906620735,-0.3182722590991733,-10.0,-0.4995040685969777,0.9273422576862498,-0.5156812466812977,-0.016177178084319954,0.01721254263986568,0.7403250802469064,41.60953182688713,-0.4795459367605181,-10.0,-0.5136807227816985,0.7383464873353934,-0.5156812466812977,-0.0020005238995991492,0.005709090098298578,0.7403250802469064,0.3110743180732201,-0.02759889883226527,-7.557199731827623
9.44,-0.326557992052198,-4.3089269826458985,-0.5081965638320121,-0.18163857177981407,0.002813444046726633,0.7484682849285607,50.0,-0.029921168588473164,-10.0,-0.49400520507820794,-0.17472988575370407,-0.13974955481289972,0.35425565026530825,0.2593054659571254,0.9486182038310198,50.0,5.0,10.0,0.12213943214876427,10.212253695634436,0.05677108037521149,-0.06536835177355278,0.13322443399334177,0.8673195380672224,50.0,-5.0,-10.0,-0.49172717158057294,0.7137264656816691,-0.5081965638320121,-0.01646939225143912,0.01470662977696444,0.7484682849285607,34.71980599828308,-0.30446088014206185,-10.0,-0.4903955131000469,0.910855549693082,-0.5081965638320121,-0.01780105073196514,0.01694344657757672,0.7484682849285607,48.8163091420438,-0.4636457544762517,-10.0,-0.506216259103768,0.7464463677930543,-0.5081965638320121,-0.0019803047282440644,0.005614642414236832,0.7484682849285607,0.44513487908559646,-0.016076395661572224,-7.558005252335519
9.450000000000001,-0.3747719545368946,-4.821396248469662,-0.5006316308540938,-0.1258596763171992,0.0020369869084016076,0.7564932977918271,50.0,-0.007232376741459769,-10.0,-0.4825162964567601,1.148890862144787,-0.1302137204231967,0.3523025760335634,0.2627136026312466,0.9535834389703068,50.0,5.0,10.0,0.21523427511865326,9.309484296988899,0.06540841792472389,-0.14982585719392938,0.1307952269917036,0.8637337549512403,50.0,-5.0,-10.0,-0.4845150843113832,0.7212087269189745,-0.5006316308540938,-0.016116546542710608,0.014473343438845437,0.7564932977918271,33.18559664302914,-0.292294692538083,-10.0,-0.48167629690775066,0.871921619229626,-0.5006316308540938,-0.018955333946343134,0.016666701076190324,0.7564932977918271,50.0,-0.46514265639104446,-10.0,-0.4986681029835858,0.7548156120182146,-0.5006316308540938,-0.001963527870507964,0.005519525574329931,0.7564932977918271,0.3987083004613443,-0.017164940887370316,-7.573534021365694
9.46,-0.42712340012150174,-5.235144558460716,-0.4929876423381598,-0.06586424221665804,0.0019018589420810982,0.7643988515934008,25.132499257090632,0.00032012723812463787,-10.0,-0.45714808933208634,2.5368207124673767,-0.12063162171865531,0.336516467613431,0.26582508523613413,0.9582098704541409,50.0,5.0,10.0,0.29189770125911363,7.666342614046037,0.07400444211554782,-0.2178932591435658,0.12784966013886337,0.859602419082392,50.0,-5.0,-10.0,-0.4771829783493901,0.7332105961993091,-0.4929876423381598,-0.015804663988769674,0.01424197573933781,0.7643988515934008,32.16264157214908,-0.2909136797094068,-10.0,-0.4734487166514158,0.822758025633485,-0.4929876423381598,-0.01953892568674398,0.016389036016759534,0.7643988515934008,50.0,-0.45705733957104255,-10.0,-0.49103956066437193,0.7628542319213897,-0.4929876423381598,-0.0019480816737878492,0.005423759334399913,0.7643988515934008,0.40629553503511623,-0.018715401798086288,-7.5781902707934
9.47,-0.4821332065176737,-5.500980639617197,-0.4852658053586065,-0.0031325988409327543,0.0024206310176334905,0.7721836979553309,-0.02479565867187168,0.0024994753050889733,1.2534242234879414,-0.41807664244747134,3.9071446884614978,-0.1110066631733208,0.30706997927415053,0.2685050705600295,0.9624958545334517,50.0,5.0,10.0,0.3463645315872845,5.446683032817084,0.08255372351456476,-0.2638108080727197,0.12466688375485444,0.8549281399016895,50.0,-5.0,-10.0,-0.46969877849329206,0.7484199856098046,-0.4852658053586065,-0.015567026865314415,0.014011463472123686,0.7721836979553309,31.377699186851864,-0.28130401065160426,-10.0,-0.46572762380294747,0.7721092848468312,-0.4852658053586065,-0.019538181555659007,0.016116443272718262,0.7721836979553309,50.0,-0.43898565725103067,-10.0,-0.48333019750694745,0.7709363157424487,-0.4852658053586065,-0.001935607851659027,0.005327309624309078,0.7721836979553309,0.49199785356712217,-0.013111750443045748,-7.613987680339358
9.48,-0.5377932621176892,-5.5660055600015435,-0.4774673392830075,0.06032592283468169,0.003580490801980462,0.7798466075598975,30.59203087548244,0.0025680901338112527,10.0,-0.3662468294219721,5.182981302549921,-0.10134226448913211,0.26490456493284,0.27063581807910286,0.9664398684188669,50.0,4.5717910832618545,10.0,0.37495424315698606,2.8589711569701595,0.09105086221240291,-0.2839033809445831,0.12154195282971159,0.8497138697838191,50.0,-5.0,-10.0,-0.4620421659024081,0.7656612590883959,-0.4774673392830075,-0.0154251733805994,0.013780645612408852,0.7798466075598975,32.25608574759689,-0.25528331278367417,-10.0,-0.4584547194929886,0.7272904309958853,-0.4774673392830075,-0.019012619790018892,0.015853588031718484,0.7798466075598975,48.537784171516265,-0.4121984232365346,-10.0,-0.4755525148878409,0.7777682619106552,-0.4774673392830075,-0.0019148243951666033,0.005230384554166347,0.7798466075598975,0.4878374556758122,-0.022144279413708216,-7.576477093574258
9.49,-0.5919297947761311,-5.413653265844187,-0.46959347557955755,0.1223363191965735,0.005345219320530616,0.7873863703449946,50.0,0.04895875082519524,10.0,-0.3032332686641552,6.301356075781693,-0.0916418593809236,0.21159140928323156,0.272121596564357,0.9700405108208493,50.0,3.4139449743403607,10.0,0.3763238005554695,0.13695573984834608,0.09949049123414057,-0.27683330932132894,0.11875992416251346,0.8439629021737616,50.0,-5.0,-10.0,-0.4542121671267535,0.782999877565462,-0.46959347557955755,-0.015381308452804054,0.013548532540124267,0.7873863703449946,31.03190812561062,-0.26846270435715186,-10.0,-0.4514932741010477,0.6961445391940897,-0.46959347557955755,-0.018100201478509825,0.015602971563013978,0.7873863703449946,44.20170506744373,-0.3781996583918582,-10.0,-0.46768956658604977,0.7862948301791116,-0.46959347557955755,-0.0019039089935077858,0.0051327159812133575,0.7873863703449946,0.4630993739673432,-0.009997924688306395,-7.62910195527894
9.5,-0.6424845913587756,-5.055479658264447,-0.46164545762261444,0.18083913373616112,0.007659158623718672,0.794801795694311,50.0,0.1111422884531228,10.0,-0.2310757888451891,7.215747981896608,-0.08190889435643876,0.1491668944887503,0.2728916907110549,0.9732965024484841,50.0,2.0886320047872844,10.0,0.3515644291975535,-2.475937135791601,0.10786727992919284,-0.24369714926836064,0.11657054638340902,0.837678869505229,50.0,-5.0,-10.0,-0.4461945072993537,0.8017659827399753,-0.46164545762261444,-0.015450950323260715,0.013313846438617662,0.794801795694311,31.83137928608053,-0.27283878143722257,-10.0,-0.4446377101305704,0.6855563970477333,-0.46164545762261444,-0.017007747492044034,0.015364338448388764,0.794801795694311,39.29964668757441,-0.35871029925348674,-10.0,-0.45976122103069866,0.792834555535109,-0.46164545762261444,-0.0018842365919157777,0.005034590159740689,0.794801795694311,0.3716640316486531,0.00010847704117007174,-7.629440249797495
9.51,-0.687606242761454,-4.512165140267841,-0.45362454049634887,0.23398170226510512,0.010450192160396509,0.802091712626557,50.0,0.18844842434025902,10.0,-0.15212140164821103,7.895438719697804,-0.07214682749180977,0.07997457415640126,0.2729018925806491,0.9762066864628993,18.76941666271277,0.6445609643506015,9.23874307703807,0.304145183993369,-4.74192452041845,0.11617593733827929,-0.18796924665508968,0.11516504636889997,0.8308657409086456,50.0,-3.326660987618992,-10.0,-0.43799726388550825,0.8197243413845454,-0.45362454049634887,-0.015627276610840624,0.013075601238370801,0.802091712626557,32.36994614661348,-0.26687833967048996,-10.0,-0.43767377550886416,0.6963934621706257,-0.45362454049634887,-0.01595076498748471,0.015135191452296855,0.802091712626557,34.86113616500471,-0.33337174786475987,-10.0,-0.45176587571738314,0.7995345313315544,-0.45362454049634887,-0.0018586647789657351,0.004936050058817876,0.802091712626557,0.328339534079058,-0.010644218498687477,-7.604042727316361
9.52,-0.725719716050971,-3.811347328951702,-0.44553199079655526,0.2801877252544157,0.013633204145835836,0.8092549699793616,50.0,0.27684553659805694,10.0,-0.06897679034579084,8.31446113024202,-0.06235912720290858,0.006617663142882257,0.2721366230990538,0.9787700288901191,-1.9221952315193502,-0.8282796064805298,-10.0,0.23971843248369773,-6.442675150967124,0.12441121553529755,-0.11530721694840018,0.11465624171451269,0.8235278197018261,50.0,-0.525492544855482,-10.0,-0.4296339216299954,0.8363342255512852,-0.44553199079655526,-0.015898069166559836,0.012832987124150076,0.8092549699793616,33.61829229952932,-0.2639098880428519,-10.0,-0.43041830750882354,0.7255468000040647,-0.44553199079655526,-0.015113683287731716,0.014911499939419131,0.8092549699793616,32.21010382570728,-0.32063428514722986,-10.0,-0.44369110079898433,0.8074774918398796,-0.44553199079655526,-0.001840889997570927,0.004836893409658178,0.8092549699793616,0.4077887607329636,-0.009228114206685564,-7.607044579044465
9.53,-0.7555646497004507,-2.9844933649479697,-0.43736908643064526,0.3181955632698054,0.017113609115028686,0.8162904365909995,50.0,0.3864417684500615,10.0,0.015345965141486492,8.432275548727732,-0.05254927101304254,-0.06789523615452903,0.2706144431826357,0.9809856189866045,50.0,-2.3269056165374,-10.0,0.1657720030763983,-7.394642940729942,0.13256791294202838,-0.033204090134369924,0.11506366510724199,0.8156697406730834,-50.0,2.1668106621585825,10.0,-0.4211322877579882,0.8501633872007195,-0.43736908643064526,-0.016236798672657038,0.012585602798703433,0.8162904365909995,35.65753373383046,-0.2743961109929434,-10.0,-0.42274932017592454,0.7668987332899002,-0.43736908643064526,-0.014619766254720723,0.014688612403542934,0.8162904365909995,30.724034838048418,-0.3094108030683397,-10.0,-0.43553658213749047,0.815451866149385,-0.43736908643064526,-0.0018325042931547908,0.004737023180111692,0.8162904365909995,0.4081117650056959,-0.010584862155730703,-7.654779080455731
9.540000000000001,-0.7761002613863497,-2.0535611685898982,-0.4291371164158435,0.3469631449705062,0.02078859668159274,0.8231970014801748,50.0,0.5156045800145058,10.0,0.09809207334969892,8.274610820821243,-0.042720744317403275,-0.14081281766710219,0.2683788539238826,0.9828526695639273,50.0,-3.695396521355398,-10.0,0.09296538108402683,-7.280662199237147,0.14064087761356617,0.04767549652953934,0.1162684862924611,0.8072964671537786,50.0,4.687722015528397,10.0,-0.4125320938817191,0.8600193876269147,-0.4291371164158435,-0.016605022534124436,0.012333550634599497,0.8231970014801748,37.2789085034027,-0.2740667301654345,-10.0,-0.41463301004699216,0.8116310128932372,-0.4291371164158435,-0.014504106368851355,0.014462408238565096,0.8231970014801748,31.691214533682157,-0.31656863892256115,-10.0,-0.4273213204241811,0.8215261713309366,-0.4291371164158435,-0.0018157959916624278,0.004636712603061974,0.8231970014801748,0.15617589090695286,-0.012548804025734295,-7.637982449117142
9.55,-0.7866283641960881,-1.0528102809738362,-0.42083738067564436,0.3657909835204437,0.024551787544894562,0.8299735740199154,50.0,0.5963253877784719,10.0,0.1767596001253916,7.866752677569268,-0.03287703914472789,-0.2096366392701195,0.26549581226342445,0.9843705172675382,50.0,-4.852422083898264,-10.0,0.02957515212244151,-6.339022896158531,0.14862501049238877,0.11904985836994726,0.11809288716577643,0.7984132878822603,50.0,5.0,10.0,-0.40387560729560046,0.8656486586118615,-0.42083738067564436,-0.0169617733800439,0.012077368034937872,0.8299735740199154,38.50841474022291,-0.255778368392655,-10.0,-0.40608521506792944,0.8547794979062723,-0.42083738067564436,-0.014752165607714918,0.01422940863269732,0.8299735740199154,33.273036569506466,-0.33211033606139373,-10.0,-0.41903646870612227,0.8284851718058812,-0.42083738067564436,-0.0018009119695220899,0.004535854966186165,0.8299735740199154,0.5562480515049647,-0.002385502098093467,-7.682974388308047
9.56,-0.7866446019475423,-0.0016237751454204474,-0.41247118983453607,0.3741734121130062,0.028293684043539165,0.836619084110829,50.0,0.7200895711060601,10.0,0.24901268331301135,7.225308318761973,-0.02302165291659415,-0.2720343362296055,0.26205293806925223,0.9855386228133756,50.0,-5.0,-10.0,-0.01650150730818587,-4.607665943062738,0.15651526862904508,0.17301677593723094,0.120283821519455,0.7890258136656308,50.0,5.0,10.0,-0.3951995503463472,0.8676056949253282,-0.41247118983453607,-0.017271639488188884,0.01181789107056345,0.836619084110829,39.24415240369825,-0.27414712844024525,-10.0,-0.39717177316102203,0.8913441906907386,-0.41247118983453607,-0.015299416673514032,0.013987280046893107,0.836619084110829,36.23075794425921,-0.34102221397577254,-10.0,-0.4107001155294381,0.833635317668418,-0.41247118983453607,-0.001771074305097986,0.004434780691368343,0.836619084110829,0.5994888639431681,-0.024261985115257997,-7.5945469666917464
9.57,-0.7758455785828012,1.0799023364741043,-0.4040398650110351,0.3718057135717661,0.03190375094560942,0.8431324823500952,50.0,0.7626745543470353,10.0,0.3128416673135209,6.382898400050959,-0.013158087204799458,-0.32599975451832036,0.2581546506840639,0.9863565711794697,50.0,-5.0,-10.0,-0.038981588395016115,-2.2480081086830244,0.16430666836738095,0.20328825676239706,0.12254150489794728,0.7791399738335869,50.0,5.0,10.0,-0.3865292416076589,0.8670308738688304,-0.4040398650110351,-0.017510623403376224,0.011556081749142804,0.8431324823500952,41.145281890847734,-0.2916531659252362,-10.0,-0.3879979164518068,0.9173856709215222,-0.4040398650110351,-0.016041948559228303,0.01373512199420867,0.8431324823500952,40.02121333835472,-0.3339552300596514,-10.0,-0.40227204836799235,0.8428067161445749,-0.4040398650110351,-0.0017678166430427633,0.004332821853323458,0.8431324823500952,0.5655349049499009,-0.0172834242183649,-7.65549517054877
9.58,-0.7541583367986302,2.1687241784171007,-0.39554473760906905,0.35861359918956115,0.03527301451966332,0.8495127401966063,50.0,0.8232297269706931,10.0,0.36668351278159816,5.384184546807722,-0.0032898464872746862,-0.36997335926887287,0.2539164986366944,0.9868240717524734,50.0,-5.0,-10.0,-0.03396741368095348,0.5014174714062634,0.1719942884923276,0.20596170217328108,0.12455098017253946,0.7687620124946642,50.0,5.0,10.0,-0.37788871545194486,0.8640526155714051,-0.39554473760906905,-0.017656022157124196,0.011293116266014423,0.8495127401966063,40.597566938291855,-0.25001001629100206,-10.0,-0.3786859493734528,0.9311967078354024,-0.39554473760906905,-0.016858788235616262,0.013473414441068967,0.8495127401966063,44.06927876173172,-0.34664190728773653,-10.0,-0.39377749221710107,0.8494556150891279,-0.39554473760906905,-0.0017672453919679865,0.0042302038378948656,0.8495127401966063,0.5313500266467632,-0.0019441059640356159,-7.688624664318671
9.59,-0.721805315255233,3.235302154339723,-0.3869871491077357,0.33481816614749726,0.03829766596570432,0.8557588501333369,50.0,0.774619860230747,10.0,0.4095012162229843,4.281770344138613,0.006579563097042021,-0.4029216531259423,0.2494591050710211,0.9869409584316702,50.0,-5.0,-10.0,-0.0004686428091593073,3.3498770871794172,0.17957327333823792,0.18004191614739723,0.1260164116252955,0.7578984845910325,50.0,5.0,10.0,-0.36926307012518134,0.8625645326763537,-0.3869871491077357,-0.017724078982554348,0.011029619022921244,0.8557588501333369,40.81539086173545,-0.256402315105562,-10.0,-0.36935198580418094,0.933396356927186,-0.3869871491077357,-0.017635163303554746,0.013203723172340701,0.8557588501333369,47.370987909485116,-0.3519230404765493,-10.0,-0.38522990409597574,0.8547588121125322,-0.3869871491077357,-0.0017572450117599447,0.004127155506566012,0.8557588501333369,1.049312412596249,-0.014028189549539442,-7.692458507055255
9.6,-0.6793884401807734,4.241687507445956,-0.37836845084946086,0.3010199893313125,0.040883697108272846,0.8618698258274826,50.0,0.6869435976827529,10.0,0.4407833762424179,3.128216001943364,0.01644663499392158,-0.42433674124849635,0.2449029160583418,0.9867071896879576,50.0,-5.0,-10.0,0.05943258343364974,5.990122624280905,0.18703883585584205,0.1276062524221923,0.12669346188708933,0.7465562517604135,50.0,3.298224224812147,10.0,-0.3606293867653069,0.8633683359874389,-0.37836845084946086,-0.017739064084153933,0.010765891548480962,0.8618698258274826,42.814000757399256,-0.31420672032494595,-10.0,-0.3600800036589932,0.9271982145187752,-0.37836845084946086,-0.018288447190467683,0.012928118878984148,0.8618698258274826,48.84496382288299,-0.30873177275846064,-10.0,-0.3766299422737177,0.8599961822258055,-0.37836845084946086,-0.0017385085757431473,0.0040237708025860006,0.8618698258274826,0.6251873005836902,-0.006569782359450122,-7.648099052364743
9.61,-0.6279527167394906,5.143572344128279,-0.36969000382661066,0.25826271291287994,0.042951967002988825,0.86784470228502,50.0,0.5253449637936292,10.0,0.46045560206716474,1.967222582474682,0.02630786347969852,-0.4341477385874662,0.2403647164142197,0.9861228485776974,50.0,-5.0,-10.0,0.14078314221343077,8.135055877978104,0.1943862606358414,0.05360311842241064,0.12641598748351562,0.7347424779999362,3.4036736832026797,0.08036725551628589,1.8238643563215589,-0.3519701048097239,0.8659281955582993,-0.36969000382661066,-0.017719899016886753,0.010502099738756264,0.86784470228502,40.41003836350518,-0.2467769595461909,-10.0,-0.3509004232778478,0.9179580381145365,-0.36969000382661066,-0.01878958054876284,0.012648427269685066,0.86784470228502,50.0,-0.35910263502083706,-10.0,-0.3679553426329877,0.8674599640730025,-0.36969000382661066,-0.0017346611936229772,0.00391967819424247,0.86784470228502,0.5646471031960549,-0.016561989199559615,-7.691538079584154
9.620000000000001,-0.5690000115261666,5.895270521332391,-0.36095317846657127,0.20804683305959537,0.04444290828145154,0.8736825360039391,50.0,0.3422847624937227,10.0,0.4687921090791234,0.8336507011958647,0.03615974490685099,-0.4326323641722724,0.23595502770237736,0.9851881427152431,50.0,-5.0,-10.0,0.23539975480820413,9.461661259477335,0.20161090688726674,-0.03378884792093739,0.12513193287835853,0.7224646251425326,50.0,-3.2179875700710023,-10.0,-0.3432214286959503,0.8748676113773617,-0.36095317846657127,-0.017731749770620975,0.010237295479912317,0.8736825360039391,41.39118124917071,-0.22984485103427132,-10.0,-0.3417994696189461,0.9100953658901715,-0.36095317846657127,-0.019153708847625184,0.012365880644619796,0.8736825360039391,50.0,-0.34757865620947614,-10.0,-0.359223771412855,0.8731571220132708,-0.36095317846657127,-0.0017294070537162698,0.0038150684115039806,0.8736825360039391,0.5064186348594925,-0.002408407726962958,-7.68210769160507
9.63,-0.5043398206832008,6.4660190842965815,-0.3521593544153525,0.1521804662678483,0.04531811103570036,0.8793824051218757,43.28480958694619,0.1503938832525736,9.999999999985784,0.4661388332895496,-0.2653275789573819,0.045998778948815086,-0.4201400543407345,0.23178015991686576,0.9839034041964123,50.0,-4.7094584211213935,-10.0,0.3340057973871955,9.860604257899135,0.20870821136869283,-0.12529758601850266,0.12289289659238359,0.7097304481426092,50.0,-5.0,-10.0,-0.3343595467020214,0.8861881993928916,-0.3521593544153525,-0.017799807713331117,0.009970678582839718,0.8793824051218757,42.27462436171692,-0.21159320466619094,-10.0,-0.3327309829432375,0.9068486675708585,-0.3521593544153525,-0.019428371472115014,0.01208091206314156,0.8793824051218757,50.0,-0.3396875071224928,-10.0,-0.3504291794744674,0.8794591938387607,-0.3521593544153525,-0.0017301749408851208,0.003709820742711253,0.8793824051218757,0.5158358606554997,-0.005967632347798667,-7.739269315894269
9.64,-0.43592657759613174,6.841324308706909,-0.3433099203197096,0.09261665727642215,0.045560145177593894,0.8849434095642927,-17.711486351151784,-0.06313428097832409,-6.708425305420555,0.4528187785344118,-1.3320054755137738,0.05582146984364728,-0.39699730869076455,0.2279433873775095,0.9822690894832176,50.0,-4.21445202013343,-10.0,0.42758603035890264,9.358023297170714,0.21567369127049188,-0.21191233908841076,0.11983797087178241,0.6965479901799049,50.0,-5.0,-10.0,-0.3253762367974224,0.8983309904598981,-0.3433099203197096,-0.01793368352228719,0.009701508648570854,0.8849434095642927,42.668952338414144,-0.20462222844165304,-10.0,-0.3236484568194385,0.9082526123798985,-0.3433099203197096,-0.019661463500271092,0.011793472166900859,0.8849434095642927,50.0,-0.33078423224660786,-10.0,-0.3415961359359332,0.8833043538534199,-0.3433099203197096,-0.0017137843837763955,0.003604352463488147,0.8849434095642927,0.07877380483771308,-0.013456069292721484,-7.68683217921129
9.65,-0.36625814285707226,6.966843473905945,-0.33440627360787456,0.031851869249197695,0.04518197952269527,0.8903646711835023,-20.07283037562567,-0.17987062320914948,-10.0,0.429178068379701,-2.364071015471082,0.0656243276360464,-0.3635537407436546,0.22454425707162004,0.9802857792399144,50.0,-3.650644364372872,-10.0,0.5075295533910147,7.994352303211208,0.22250294704626397,-0.28502660634475074,0.11618826957801379,0.6829255775772092,50.0,-5.0,-10.0,-0.31627596691131776,0.9100269886104616,-0.33440627360787456,-0.018130306696556797,0.009429202882744242,0.8903646711835023,43.43521255911786,-0.1096189396272099,-10.0,-0.3145121602464845,0.9136296572954002,-0.33440627360787456,-0.019894113361390076,0.011503168067557419,0.8903646711835023,50.0,-0.3763987636443646,-10.0,-0.3326984070857984,0.8897728850134766,-0.33440627360787456,-0.0017078665220761624,0.0034982965097660377,0.8903646711835023,0.41873617536103047,-0.031997935206287284,-7.721476188320111
9.66,-0.2970090953583485,6.9249047498723755,-0.3254498202688763,-0.028440724910527793,0.044205081798602754,0.8956453338998249,29.68704324428678,-0.46691318911541674,-10.0,0.395849123614698,-3.3328944765003046,0.07540386941731257,-0.3204452541973854,0.22167309397729623,0.9779541781266166,50.0,-3.036285160724102,-10.0,0.566495274654903,5.896572126388833,0.22919166519168702,-0.337303609463216,0.11222557627074274,0.6688718145423045,50.0,-5.0,-10.0,-0.30708932689328133,0.9186640018036418,-0.3254498202688763,-0.018360493375594977,0.009153731548807928,0.8956453338998249,44.28522965029942,-0.22315279356550027,-10.0,-0.3052989210949779,0.9213239151506556,-0.3254498202688763,-0.020150899173898396,0.01120952668430337,0.8956453338998249,50.0,-0.3244031106441398,-10.0,-0.32375106282661825,0.8947344259180121,-0.3254498202688763,-0.0016987574422580587,0.0033918354927516556,0.8956453338998249,0.09569843587040254,-0.01248684275773642,-7.724601294938479
9.67,-0.22960415800867337,6.740493734967515,-0.31644197463052365,-0.08683781662185028,0.0426626542588875,0.9007845638352663,50.0,-0.5961933050046472,-10.0,0.35383141111772576,-4.201771249697225,0.08515662056281918,-0.26867479055490656,0.21940652319671688,0.9752751145506611,50.0,-2.3348213581962445,-10.0,0.5990204266858348,3.2525152030931777,0.23573562096901837,-0.36328480571681643,0.10826747669326525,0.6543955777331356,50.0,-5.0,-10.0,-0.29785940530957145,0.9229921583709891,-0.31644197463052365,-0.018582569320952202,0.008875606639761308,0.9007845638352663,45.113082491593445,-0.22655181013343897,-10.0,-0.29600814884618853,0.9290772248789381,-0.31644197463052365,-0.020433825784335113,0.010912280703972125,0.9007845638352663,50.0,-0.3278937610992979,-10.0,-0.3147542684427895,0.8996794383828755,-0.31644197463052365,-0.0016877061877341726,0.0032849904870360263,0.9007845638352663,0.20999861918624213,-0.015237022672935627,-7.745069379064595
9.68,-0.16539633736623494,6.420782064243841,-0.3073841591360638,-0.14198782176982888,0.040600697834764825,0.9057815494459831,50.0,-0.690070783037397,-10.0,0.3045811691484184,-4.925024196930738,0.09487911596652315,-0.20970205318189522,0.217802005084591,0.9722495403703957,50.0,-1.5505867696025986,-10.0,0.6019917055424967,0.29712788566619386,0.24213068107553162,-0.3598610244669651,0.10463915366002899,0.6395060106513251,50.0,-5.0,-10.0,-0.28862772506902656,0.9231680240544888,-0.3073841591360638,-0.018756434067037253,0.008595725496685485,0.9057815494459831,45.948890710918725,-0.2185037520104576,-10.0,-0.286666048785062,0.9342100061126521,-0.3073841591360638,-0.020718110351001795,0.010611678599850842,0.9057815494459831,50.0,-0.3046508207946467,-10.0,-0.3057167305799024,0.90375378628871,-0.3073841591360638,-0.001667428556161421,0.003177940822845541,0.9057815494459831,0.24410555545996274,-0.003028650646034807,-7.7057224053286895
9.69,-0.10557091638874336,5.982542097749159,-0.29827780411956745,-0.1927068877308241,0.03807537474768167,0.910635501649637,50.0,-0.7366131088685719,-10.0,0.25003869918234645,-5.454246996607191,0.10456790127210412,-0.1454707979102423,0.21689272180514932,0.9688785305580982,48.35526817059183,-0.7284867961295742,-10.0,0.5749155325689314,-2.707617297356532,0.248372806254192,-0.32654272631473935,0.10164448812661725,0.6242125178660407,50.0,-5.0,-10.0,-0.2794251871466934,0.9202537922333165,-0.29827780411956745,-0.018852616972874048,0.008315173947733413,0.910635501649637,46.90644896027063,-0.1958257432384834,-10.0,-0.277323313622593,0.9342735162469012,-0.29827780411956745,-0.020954490496974454,0.010308706343256407,0.910635501649637,50.0,-0.3075669652747009,-10.0,-0.2966188358382597,0.9097894741642704,-0.29827780411956745,-0.0016589682813077378,0.003070372192616037,0.910635501649637,0.404186889572277,-0.0036726910069083685,-7.72715211299086
9.700000000000001,-0.05116259644200643,5.440831994673693,-0.28912434758005207,-0.23796175113804563,0.03515167403683384,0.9153456539515381,50.0,-0.7429605152765669,-10.0,0.19254116677528682,-5.749753240705964,0.11421953410027552,-0.0783216326750113,0.2166844808024698,0.9651632828171399,-1.3236570699051582,0.03929460735563931,0.7472722099473827,0.5199416428101177,-5.497388975881369,0.25445805384495024,-0.26548358896516744,0.0995393911345537,0.6085247590758236,50.0,-5.0,-10.0,-0.2702650060432529,0.9160181103440503,-0.28912434758005207,-0.01885934153679919,0.008034978721331016,0.9153456539515381,45.769629646034026,-0.19417611352420774,-10.0,-0.26804888942475263,0.9274424197840372,-0.28912434758005207,-0.02107545815529943,0.010005207519725008,0.9153456539515381,50.0,-0.299975476695097,-10.0,-0.28746998035551846,0.9148855482741245,-0.28912434758005207,-0.0016543672245336039,0.002962339965543288,0.9153456539515381,0.32714813108293456,-0.006460369071045369,-7.72753765370659
9.71,-0.002993033265463192,4.8169563176543235,-0.2799252349544205,-0.2769322016889573,0.03190065638817884,0.9199112625631556,50.0,-0.7212205815976687,-10.0,0.13496837604966772,-5.757279072561912,0.12383058527184906,-0.011137790777818651,0.2171488308019478,0.9611051171573542,-3.464233168424666,0.7022643450280355,10.0,0.441611925094207,-7.832971771591065,0.26038258027499706,-0.18122934481920994,0.09851039486352071,0.5924526430046817,50.0,-2.468219493414305,-10.0,-0.2611176258054552,0.9147380237797653,-0.2799252349544205,-0.018807609148965287,0.007755428827463386,0.9199112625631556,45.259550850217614,-0.19618324883111984,-10.0,-0.2589205507945748,0.9128338630177791,-0.2799252349544205,-0.021004684159845688,0.009703877291824774,0.9199112625631556,50.0,-0.29087705391092683,-10.0,-0.27826965876137894,0.9200321594139546,-0.2799252349544205,-0.0016555761930415747,0.0028537809876714774,0.9199112625631556,0.46781056056262704,-0.0025339570607018917,-7.781685642979838
9.72,0.03834871887594908,4.134175214141227,-0.27068191888919346,-0.30903063776514256,0.02839693248911329,0.9243316065227047,50.0,-0.632514140973041,-10.0,0.07988159227899977,-5.508678377066794,0.1333976400261095,0.05351604774710972,0.21823485911712556,0.9567054754260423,29.451342901034145,1.2068433451058092,10.0,0.3466371728201545,-9.497475227405248,0.26614264348645816,-0.08049452933369633,0.09865519709292428,0.5760063211461108,-21.6058203423507,0.26665341165526424,6.265297780035173,-0.25194231667715,0.917530912830524,-0.27068191888919346,-0.01873960221204346,0.0074762797140598995,0.9243316065227047,45.32820754948883,-0.17360844061725983,-10.0,-0.25000610510412685,0.8914445690447983,-0.27068191888919346,-0.02067581378506661,0.009407974697069627,0.9243316065227047,50.0,-0.2694583314437023,-10.0,-0.2690432390470101,0.92264197143688,-0.27068191888919346,-0.0016386798421833548,0.0027451299921059553,0.9243316065227047,0.3737049454005131,-0.0037033528395885498,-7.724829418480229
9.73,0.07262877987001345,3.4280060994064363,-0.2613958590111295,-0.334024638881143,0.02471388549036122,0.9286059878063968,50.0,-0.5510900595825926,-10.0,0.02917222103962975,-5.070937123937002,0.14291729923405722,0.11374507819442747,0.21987940361146355,0.9519659207947728,50.0,1.5387509919345566,10.0,0.24500478526277905,-10.163238755737543,0.2717346052999515,0.026729820037172475,0.09993881916886975,0.5591961813493362,50.0,2.9893138245457487,10.0,-0.24269659148158193,0.9245725195568082,-0.2613958590111295,-0.018699267529547564,0.007196829786808743,0.9286059878063968,44.28376680600063,-0.17959434058471505,-10.0,-0.24136362939126135,0.8642475712865488,-0.2613958590111295,-0.02003222961986814,0.009121227643742291,0.9286059878063968,50.0,-0.2619238117385422,-10.0,-0.2597623733714816,0.9280865675528487,-0.2613958590111295,-0.0016334856396478803,0.0026359864789541917,0.9286059878063968,0.16630205379248852,-0.009420127796889416,-7.77364571481326
9.74,0.09987856832342733,2.7249788453413872,-0.2520685216967294,-0.3519470900201567,0.02092191670562551,0.9327337314400108,50.0,-0.4870123137205669,-10.0,-0.015748856109061772,-4.492107714869152,0.15238618060610645,0.16813503671516822,0.22200996475010215,0.9468881372049237,50.0,1.6786425168560668,10.0,0.14542441503282,-9.958037022995907,0.2771549337125409,0.1317305186797209,0.10225192805796655,0.5420328412589381,50.0,5.0,10.0,-0.233332682357123,0.9363909124458911,-0.2520685216967294,-0.018735839339606375,0.00691583230216809,0.9327337314400108,46.12315537190136,-0.20536782867352038,-10.0,-0.23298947355478136,0.8374155836479987,-0.2520685216967294,-0.019079048141948024,0.00884669560395801,0.9327337314400108,50.0,-0.29808210814762814,-10.0,-0.25044958408524787,0.9312789286233767,-0.2520685216967294,-0.001618937611481519,0.002526669209977039,0.9327337314400108,0.31254330496659555,-0.09620263092091869,-7.706425746731486
9.75,0.12036800139771285,2.0489433074285524,-0.24270137984068368,-0.36306938123839655,0.017086328562498688,0.9367141856045702,50.0,-0.33437699986505603,-10.0,-0.05417275557582771,-3.842389946676594,0.16180091989378936,0.21597367546961707,0.22455394049946595,0.9414739287682911,50.0,1.8205324943967,10.0,0.05706014116105575,-8.836427387176425,0.28240020512862496,0.22534006396756923,0.10538897143635989,0.5245271416084052,50.0,5.0,10.0,-0.22384721575450445,0.9485466602618555,-0.24270137984068368,-0.018854164086179237,0.0066324359952801126,0.9367141856045702,46.183430972431275,-0.16012070135936626,-10.0,-0.2248354723897524,0.8154001165028953,-0.24270137984068368,-0.01786590745093128,0.008586496517798407,0.9367141856045702,44.528106260413516,-0.2242506570718359,-10.0,-0.24107188975120294,0.9377694334044911,-0.24270137984068368,-0.0016294900894807396,0.0024165973657417823,0.9367141856045702,0.17825655146537397,0.01433297691738462,-7.793896194607338
9.76,0.13447015722980782,1.4102155832094971,-0.23329591262327748,-0.3677660698530853,0.013267646305646884,0.9405467217406205,50.0,-0.25783879522196296,-10.0,-0.0859087510883346,-3.1735995512506894,0.1711581720850682,0.2570669231734028,0.22744196968632505,0.9357252191278836,50.0,1.9554193519802194,10.0,-0.011740709149658898,-6.880085031071465,0.2874671065223532,0.2992078156720121,0.10906905809618715,0.5066901393728229,50.0,5.0,10.0,-0.21423774525939962,0.9609470495104833,-0.23329591262327748,-0.01905816736387786,0.006345759616690285,0.9405467217406205,46.74063038512662,-0.17601246465053555,-10.0,-0.21674722745532704,0.8088244934425373,-0.23329591262327748,-0.01654868516795044,0.00834012721677465,0.9405467217406205,38.08564127798503,-0.1937388642945504,-10.0,-0.23167159421173023,0.9400295539472705,-0.23329591262327748,-0.0016243184115472542,0.002306351226231583,0.9405467217406205,0.21697527692519986,-0.010720506416903844,-7.756017068416102
9.77,0.1425483145017718,0.8078157271963978,-0.22385360527681472,-0.3664019197785865,0.00952284553514138,0.9442307346462786,50.0,-0.15757805217119725,-10.0,-0.11100771506525485,-2.509896397692026,0.18045461259279505,0.2914623276580499,0.23060758260267475,0.9296440507726877,50.0,2.1787273765420268,10.0,-0.05428412870626472,-4.254341955660582,0.2923524375302058,0.3466365662364705,0.11296085795411792,0.48853310078526,50.0,5.0,10.0,-0.20452469422029024,0.9713051039109396,-0.22385360527681472,-0.019328911056524484,0.0060553399957339465,0.9442307346462758,48.334466927945755,-0.16691871391728927,-10.0,-0.208537115649367,0.8210111805960042,-0.22385360527681472,-0.015316489627447721,0.008104861202440571,0.9442307346462758,33.204948513369786,-0.21113604962237653,-10.0,-0.22223015892749254,0.9441435284237678,-0.22385360527681472,-0.001623446349322183,0.0021957024098959842,0.9442307346462758,0.6424576641849645,0.0439580351728747,-7.825848499582419
9.78,0.1448960585426743,0.23477440409024886,-0.21437594885108674,-0.35927200739376103,0.005906648020794745,0.9477656425728009,50.0,-0.11199381768189935,-10.0,-0.12945223068018155,-1.8444515614926695,0.1896869384359236,0.3191391691161052,0.2339834194499851,0.9232325843128608,50.0,2.5545295122157996,10.0,-0.0662676552318636,-1.1983526525598887,0.29705311247240623,0.36332076770426985,0.11671390089641662,0.47006749422004446,50.0,5.0,10.0,-0.19475179880755863,0.9772895412731597,-0.21437594885108674,-0.019624150043528105,0.00576136954117135,0.9477656425727982,48.296741744929605,-0.14487652032746529,-10.0,-0.20002995046097669,0.8507165188390325,-0.21437594885108674,-0.014345998390110054,0.007876329566655568,0.9477656425727982,32.180660960432824,-0.17339160483497093,-10.0,-0.21278172831863656,0.9448430608855964,-0.21437594885108674,-0.0015942205324501746,0.0020852758984829223,0.9477656425727982,0.5140307009087,0.0110575713022096,-7.645416575691447
9.790000000000001,0.14172799619076631,-0.3168062351907971,-0.20486443997790904,-0.34659243616867536,0.0024724042826270707,0.9511508873177699,50.0,-0.014678127953248722,-10.0,-0.14091398264239466,-1.1461751962213116,0.19885186941304608,0.33976585205544074,0.23749569549016164,0.9164930977122454,50.0,3.113774753060526,10.0,-0.04627373504688624,1.999392018497737,0.3015661623019109,0.34783989734879717,0.11999236066805483,0.45130498295046784,50.0,5.0,10.0,-0.18495185885883755,0.9799939948721094,-0.20486443997790904,-0.019912581119071487,0.0054642443304934235,0.9511508873177699,50.0,-0.15126701722941355,-10.0,-0.1910971481256042,0.8932802335372487,-0.20486443997790904,-0.013767291852304853,0.007649328624778793,0.9511508873177699,28.954692491815447,-0.13719888291492843,-10.0,-0.20323661992509343,0.9545108393543139,-0.20486443997790904,-0.001627820052815615,0.0019735466140193346,0.9511508873177699,0.3080781129392079,0.015166647752697757,-7.873252063438125
9.8,0.13319499180191388,-0.8533004388852439,-0.19532058063479488,-0.32851557243670876,-0.0007274213978514924,0.9543859343114136,50.0,0.04759956961804466,-10.0,-0.1446410014113021,-0.37270187689074274,0.2079461492678193,0.3525871506791214,0.24105883718464194,0.909427985477318,50.0,3.7150217739244566,10.0,0.004070173094446329,5.034390814133257,0.30588873647971876,0.3018185633852724,0.12250710722049422,0.43225741778078475,50.0,5.0,10.0,-0.17517567221101799,0.9776186647819571,-0.19532058063479488,-0.02014490842377689,0.005165033379777459,0.9543859343114164,50.0,-0.11712015623203784,-10.0,-0.18161727376009526,0.9479874365508937,-0.19532058063479488,-0.013703306874699617,0.007417496812376708,0.9543859343114164,30.20087528353367,-0.16941966782777884,-10.0,-0.19370765929240252,0.9528960632690907,-0.19532058063479488,-0.0016129213423923539,0.0018621277942685022,0.9543859343114164,0.05884643311913276,-0.013591021806226853,-7.775345201225109
9.81,0.11940429166676544,-1.3790700135148435,-0.18574587790777183,-0.3051501695745373,-0.0036410160922453806,0.9574702727023043,50.0,0.061204333891706326,-10.0,-0.13949984955323658,0.5141151858065521,0.2169665468459178,0.35646639639915434,0.24457208963005284,0.9020397578098471,50.0,4.279712318289364,10.0,0.08029184292213498,7.6221669827688645,0.3100181047753291,0.2297262618531941,0.12404215314074928,0.4129368295610336,50.0,3.4891732625954357,10.0,-0.1654500355119265,0.9725636699091484,-0.18574587790777183,-0.020295842395845337,0.004864818588828091,0.9574702727023043,50.0,-0.12504540638526174,-10.0,-0.17154641801852274,1.0070855741572504,-0.18574587790777183,-0.014199459889249089,0.0071747936560684926,0.9574702727023043,32.39330259499089,-0.16312438445407346,-10.0,-0.1841457268705505,0.9561932421852011,-0.18574587790777183,-0.0016001510372213312,0.0017505069596777687,0.9574702727023043,0.3447621461314878,-0.00036415634113998684,-7.783459744680001
9.82,0.10044621380950336,-1.8958077857262083,-0.17614184375339262,-0.27658805756289595,-0.00621731588930172,0.9604034154379271,50.0,0.1046763331767261,-10.0,-0.12416401782151162,1.5335831731724956,0.22590985724303378,0.3500738750645454,0.24791947006338105,0.8943310397115989,50.0,4.6866993091259905,10.0,0.1755694186396975,9.52775757175625,0.3139516589912213,0.1383822403515238,0.12447319978708889,0.3933554215892199,21.71855974894127,0.1937532910463796,2.393717054484496,-0.1557929613704304,0.9657074141496101,-0.17614184375339262,-0.02034888238296223,0.004564759023583507,0.9604034154379215,50.0,-0.11743943118341456,-10.0,-0.160898229945231,1.0648188073291744,-0.17614184375339262,-0.01524361380816161,0.006915875637253959,0.9604034154379215,37.55371285725394,-0.16377811259624,-10.0,-0.17455420189688345,0.9591524973667046,-0.17614184375339262,-0.0015876418565091699,0.0016387152913760064,0.9604034154379215,0.2854959831004303,-0.010031026325516472,-7.778950973116085
9.83,0.07641993748303358,-2.4026276326469778,-0.16650999475998235,-0.24292993224301593,-0.008406352448467182,0.9631848993410269,50.0,0.117080089732386,-10.0,-0.09736274200648037,2.680127581503125,0.23477290294356773,0.3321356449500481,0.2509728137547312,0.8863045700533978,50.0,4.782862104490719,10.0,0.28070345378682754,10.513403514713003,0.3176869146102432,0.03698346082341564,0.12379169404385174,0.3735255619021882,-50.0,-3.0590192834551164,-10.0,-0.1462128607944948,0.9580100575935573,-0.16650999475998235,-0.020297133965487546,0.004265986678169277,0.9631848993410269,50.0,-0.10380333171547976,-10.0,-0.1497608696690596,1.1137360276171413,-0.16650999475998235,-0.016749125090922745,0.0066370107835830175,0.9631848993410269,45.34316759044294,-0.18330620570350162,-10.0,-0.1649300545775053,0.962414731937815,-0.16650999475998235,-0.0015799401824770631,0.0015266744163574542,0.9631848993410269,0.8842135179363612,-0.03676471790062287,-7.788917269765339
9.84,0.04756388725306623,-2.885605022996735,-0.15685185190815576,-0.204415739161222,-0.010161949337779728,0.965814285182659,50.0,0.11990952306509581,-10.0,-0.058331055248919836,3.9031686757560538,0.24355253494958642,0.30188359019850625,0.25360133278914065,0.8779632006018667,50.0,4.531881408690048,10.0,0.3860918542911628,10.538840050433521,0.3212215123648865,-0.06487034192627628,0.12208910661954561,0.35345977546433205,50.0,-5.0,-10.0,-0.13670927643010036,0.9503584364394445,-0.15685185190815576,-0.020142575478055397,0.003969525079744778,0.965814285182659,50.0,-0.10431688983751872,-10.0,-0.13830978354774928,1.145108612131032,-0.15685185190815576,-0.018542068360406477,0.00633707923876585,0.965814285182659,50.0,-0.18769666709186433,-10.0,-0.15527836784292737,0.9651686734577919,-0.15685185190815576,-0.0015734840652283921,0.001414422708359391,0.965814285182659,0.1980127511799192,-0.00647749477328734,-7.7851978514245
9.85,0.0143821575954629,-3.3181729657603323,-0.14716894033062852,-0.16155109792609143,-0.01144564302046461,0.9682911577527237,50.0,0.10419043516945391,-10.0,-0.007108798854092664,5.122225639482717,0.25224563389963994,0.2593544327537326,0.25568265455272976,0.869309895005349,50.0,3.9291211688682033,10.0,0.48320582952566266,9.711397523449987,0.3245532197274511,-0.15865260979821155,0.1195314407692185,0.33317073625646065,50.0,-5.0,-10.0,-0.12727346425855213,0.9435812171548242,-0.14716894033062852,-0.019895476072076396,0.003676212197308532,0.9682911577527237,50.0,-0.09396837690506331,-10.0,-0.1267475377907707,1.1562245756978584,-0.14716894033062852,-0.02042140253985783,0.006017242755797485,0.9682911577527237,50.0,-0.18903016856382812,-10.0,-0.14559660634931948,0.9681761493607894,-0.14716894033062852,-0.0015723339813090431,0.0013018817536102217,0.9682911577527237,0.5566633905200088,-0.004055631752015389,-7.800899109335463
9.86,-0.02234355393519582,-3.6725711530658716,-0.1374627890713866,-0.11511923513619077,-0.01222957825651993,0.970615125924193,50.0,0.08301058018820984,-10.0,0.05544935589410172,6.255815474819439,0.2608491111770664,0.20539975528296467,0.25711107055807747,0.8603477277426441,50.0,3.0308460972470117,10.0,0.5639705269738327,8.076469744816995,0.3276799323201568,-0.23629059465367586,0.11636088784820003,0.3126712592705694,50.0,-5.0,-10.0,-0.11788758630489944,0.9385877953652686,-0.1374627890713866,-0.01957520276648715,0.003386601390107133,0.970615125924193,48.808690317059224,-0.08684583762831495,-10.0,-0.11524357182544794,1.150396596532276,-0.1374627890713866,-0.022219217245938658,0.005680010923684871,0.970615125924193,50.0,-0.19053150931377338,-10.0,-0.1358932118072787,0.9703394542040776,-0.1374627890713866,-0.0015695772641078909,0.001189152035548735,0.970615125924193,0.3087977021904247,0.003235437116638617,-7.811434219562406
9.870000000000001,-0.06154934837706933,-3.920579444187351,-0.12773493084422835,-0.06618558246715903,-0.012499376136772787,0.9727858227158243,21.2271015223219,0.04339569140443033,-10.0,0.12769347823102717,7.224412233692545,0.269359910007357,0.14166643177632982,0.2578052936524715,0.85107988302906,50.0,1.901618598047235,10.0,0.6217821100229456,5.781158304911298,0.33059967524431483,-0.29118243477863076,0.1128709476699226,0.2919742924158031,50.0,-5.0,-10.0,-0.10851157435336047,0.9376011951538972,-0.12773493084422835,-0.019223356490867885,0.003100607705683065,0.9727858227158243,47.21366760058113,-0.07848073167842998,-10.0,-0.10396761184922237,1.1275959976225565,-0.12773493084422835,-0.023767318995005976,0.005329578133972555,0.9727858227158243,50.0,-0.19198192369379452,-10.0,-0.12617358322978375,0.971962857749494,-0.12773493084422835,-0.001561347614444597,0.0010763422736293396,0.9727858227158243,0.05656921629413985,-0.003490557721862826,-7.78955477064026
9.88,-0.1019198784166341,-4.037053003956476,-0.11798690179074227,-0.016067023374108175,-0.01225634107011822,0.9748029053486081,-0.7053533047201088,-0.003186889756790901,1.3066257340698482,0.2073643556132059,7.967087738217873,0.2777750065442094,0.07041065093100349,0.25771269138795977,0.8415096536852407,17.72984261538308,0.6570231167398641,8.659878336465338,0.6520471471214085,3.0265037098462937,0.33331060432771265,-0.3187365427936959,0.10938093187100101,0.2710929083397817,50.0,-5.0,-10.0,-0.09909357673081468,0.941799762254579,-0.11798690179074227,-0.018893325059927593,0.0028174944788583313,0.9748029053486081,45.789759142320825,-0.07461780750079992,-10.0,-0.09307278747723298,1.0894824371989391,-0.11798690179074227,-0.02491411431350929,0.004971488747117569,0.9748029053486081,50.0,-0.17893721376757396,-10.0,-0.11642660065009774,0.9746982579686005,-0.11798690179074227,-0.0015603011406445239,0.0009632694364260342,0.9748029053486081,0.2731254372082687,-0.00971510790437529,-7.797522954585676
9.89,-0.1418353215824299,-3.9915443165795796,-0.10822024123771448,0.033615080344715415,-0.011521035835013108,0.9766660553027786,12.746850392433632,-0.047783751032162834,10.0,0.29176314251447544,8.439878690126953,0.2860914109438967,-0.005671731570578764,0.2568119862032413,0.8316404399687283,1.5175489120480468,-0.6092272653046226,-7.857844328932418,0.6526104444851344,0.056329736372584094,0.3358110072894383,-0.3167994371956961,0.10620730452540679,0.2500402961725656,50.0,-5.0,-10.0,-0.08958137773834997,0.9512198992464708,-0.10822024123771448,-0.018638863499364514,0.002535983853940039,0.9766660553027786,44.90787966983941,-0.060094174986129886,-10.0,-0.08267874171489073,1.0394045762342246,-0.10822024123771448,-0.025541499522823752,0.0046121332942659085,0.9766660553027786,50.0,-0.1705219861952704,-10.0,-0.10665675467771127,0.9769845972386472,-0.10822024123771448,-0.0015634865600032133,0.0008499361111021373,0.9766660553027786,0.31097454018959886,-0.002329842425833308,-7.826558213630712
9.9,-0.17982014260891527,-3.798482102648538,-0.09843649145406778,0.08138365115484748,-0.01032735111319978,0.9783749783646697,50.0,-0.07993329478919867,10.0,0.3778620996484532,8.609895713397776,0.29430616842753204,-0.08355593122092114,0.25511543731969233,0.8214757483635371,50.0,-1.8433234683628632,-10.0,0.6239725377941362,-2.8637906690998145,0.33809930482138756,-0.28587323297274864,0.10363495126258929,0.2288297531949257,50.0,-5.0,-10.0,-0.07993076360426919,0.965061413408077,-0.09843649145406778,-0.018505727849798592,0.0022544204341012454,0.9783749783646697,44.5500575561036,-0.05370736587682132,-10.0,-0.07285719229484008,0.9821549420050645,-0.09843649145406778,-0.0255792991592277,0.004258124808473125,0.9783749783646697,50.0,-0.15120642612494942,-10.0,-0.09687906163326486,0.9777693044446413,-0.09843649145406778,-0.0015574298208029247,0.0007365848824496439,0.9783749783646697,0.3078520974373257,-0.005904861696822156,-7.800945494327634
9.91,-0.21463590758049017,-3.48157649715749,-0.08863719740730851,0.12599871017318165,-0.008719206361752215,0.9799294046759263,50.0,-0.08732286287381455,10.0,0.46292489955310684,8.506279990465366,0.3024163603308987,-0.16050853922220815,0.2526597239284237,0.8110191903366648,50.0,-3.0107322312541416,-10.0,0.569273007428733,-5.469953036540325,0.340174051585794,-0.229098955842939,0.10189095700781392,0.20747467644064432,50.0,-3.8223346703709074,-10.0,-0.07011360842927754,0.9817155174991653,-0.08863719740730851,-0.01852358897803097,0.001971012992571019,0.9799294046759277,45.087158983791234,-0.04612069498204189,-10.0,-0.06362409747602794,0.9233094818812139,-0.08863719740730851,-0.025013099931280564,0.003915662860972198,0.9799294046759277,50.0,-0.13641063843186851,-10.0,-0.08708042240627772,0.9798639226987135,-0.08863719740730851,-0.001556775001030783,0.0006230307401694647,0.9799294046759277,0.36185950725882204,0.0005791915635207441,-7.823792660166852
9.92,-0.24520110109249724,-3.0565193512007074,-0.07882390651956363,0.1663771945729336,-0.006749782480902808,0.9813290887744852,50.0,-0.08331720218642749,10.0,0.5444458858272766,8.152098627416974,0.310419105141431,-0.2340267806858456,0.24950424625882353,0.8002744810532314,50.0,-4.094039129568513,-10.0,0.4941344269159368,-7.513858051279618,0.34203393712813235,-0.15210048978780444,0.10112133791506385,0.18598855423383465,50.0,-1.2362464636020605,-9.132531444449,-0.060129029398315034,0.9984579030962505,-0.07882390651956363,-0.018694877121248593,0.0016842184310489079,0.981329088774488,46.19463036234391,-0.036595207439691746,-10.0,-0.054933907572937264,0.8690189903090682,-0.07882390651956363,-0.023889998946626363,0.003589860972475028,0.981329088774488,50.0,-0.11428388984038554,-10.0,-0.07727244910880328,0.9807973297474439,-0.07882390651956363,-0.0015514574107603485,0.0005094364330871168,0.981329088774488,0.30098378007021304,0.0012693508135931185,-7.815680084065676
9.93,-0.27055120598003685,-2.535010488753959,-0.06899816842322219,0.20155303755681464,-0.004480751056459266,0.9825738096341408,50.0,-0.07146717480704153,10.0,0.6201437475952779,7.569786176800126,0.3183115595220052,-0.3018321880732727,0.2457289457604108,0.7892454380574176,50.0,-5.0,-10.0,0.4062600178014725,-8.787440911446431,0.3436777867048304,-0.06258223109664207,0.10137425969524207,0.16438495766980532,-50.0,1.4168999648019858,9.172434050088814,-0.05000357540642627,1.0125453991888764,-0.06899816842322219,-0.018994593016795923,0.0013930179609620609,0.9825738096341435,47.8868074963423,-0.03655718800998457,-10.0,-0.0466807938284597,0.8253113744477562,-0.06899816842322219,-0.02231737459476249,0.0032841560890826274,0.9825738096341435,50.0,-0.10509949116779438,-10.0,-0.06745083661353472,0.9821612495268557,-0.06899816842322219,-0.0015473318096874689,0.0003957469900375565,0.9825738096341435,0.18933049533214402,-0.0017319112062616027,-7.8222031230646
9.94,-0.2898119688009156,-1.9260762820878736,-0.059161534716235996,0.23065043408467958,-0.001981639087403683,0.9836633706986203,50.0,-0.0359499317817891,10.0,0.6879003582268468,6.775661063156885,0.32609091932115786,-0.36180943890568895,0.2414332852650382,0.7779359799152674,50.0,-5.0,-10.0,0.31572590865207173,-9.053410914940077,0.34510456202526224,0.02937865337319051,0.10257338732046799,0.1426775320431839,50.0,3.9724583236084903,10.0,-0.03979007845216433,1.0213496954261934,-0.059161534716235996,-0.019371456264071663,0.001097168428778725,0.9836633706986196,50.0,-0.03132226966995116,-10.0,-0.038716652862688994,0.7964140965770709,-0.059161534716235996,-0.020444881853547002,0.00300006586088945,0.9836633706986196,50.0,-0.08169548919003321,-10.0,-0.05761876818101298,0.9832068432521742,-0.059161534716235996,-0.0015427665352230127,0.00028199864036010895,0.9836633706986196,0.5164735029443712,0.0,-7.8118986859685275
9.950000000000001,-0.30224839907972156,-1.2436430278805999,-0.04931555871709305,0.25293284036262853,0.0006720536190106623,0.984597599914297,50.0,-0.01916965524059898,10.0,0.7458727170657982,5.797235883895131,0.3337544205693975,-0.41211829649640064,0.2367323787116847,0.7663501248239668,50.0,-5.0,-10.0,0.23135521322508049,-8.437069542699124,0.3463133619075551,0.11495814868247459,0.10456667576156264,0.12087998822928325,50.0,5.0,10.0,-0.029559892292300487,1.0230186159863845,-0.04931555871709305,-0.01975566642479256,0.0007973099029321607,0.9845975999142949,50.0,-0.019269023152259986,-10.0,-0.030834607016332786,0.7882045846356207,-0.04931555871709305,-0.01848095170076026,0.0027364358854182853,0.9845975999142949,46.651039869104835,-0.08078105269867576,-10.0,-0.04777129969362115,0.9847468487391836,-0.04931555871709305,-0.0015442590234718973,0.00016808136525147164,0.9845975999142949,-0.02738023774642514,0.0,-7.8425858255933845
9.96,-0.30725831001346593,-0.5009910933744355,-0.03946179521954735,0.2677965147939186,0.0034001178762872912,0.9853763497545687,50.0,0.0805384284852256,10.0,0.7923797651456305,4.650704807983229,0.34129934046121846,-0.451080424684412,0.23175650398404227,0.7544919891820934,50.0,-5.0,-10.0,0.1621626943134296,-6.919251891165086,0.34730342284779403,0.18514072853436442,0.1071100082360228,0.09900609402389571,50.0,5.0,10.0,-0.019366755312287633,1.0193136980012851,-0.03946179521954735,-0.02009503990725972,0.000494428134059435,0.9853763497545693,50.0,-0.010575531492851625,-10.0,-0.022779875171106016,0.8054731845226771,-0.03946179521954735,-0.016681920048441337,0.0024890693664816046,0.9853763497545693,39.90872636719796,-0.044441706788956,-10.0,-0.03792393875466361,0.9847360938957541,-0.03946179521954735,-0.0015378564648837467,5.422919121305873e-05,0.9853763497545693,-0.03971866965720283,0.0,-7.8250075456847465
9.97,-0.3044327065699241,0.28256034435418176,-0.029601800247080857,0.27483090632284324,0.006120170905080305,0.9859994972466479,50.0,0.12089224733029577,10.0,0.8260095983141451,3.3629833168514596,0.3487229983225107,-0.4772865999916344,0.22664733965244077,0.7423657861292232,50.0,-5.0,-10.0,0.11570772704592011,-4.645496726750951,0.3480741195022691,0.23236639245634896,0.10989822183326138,0.07706966544750449,50.0,5.0,10.0,-0.009258971891882671,1.010778342040496,-0.029601800247080857,-0.020342828355198184,0.0001899220163034035,0.98599949724665,50.0,-0.0023751445605853447,-10.0,-0.014282458032652044,0.8497417138453972,-0.029601800247080857,-0.015319342214428813,0.0022509017729527765,0.9859994972466495,34.710279582033806,-0.04135015675773633,-10.0,-0.028067735990262032,0.9856202764401575,-0.029601800247080857,-0.0015340642568188248,-5.967347899914526e-05,0.9859994972466496,-0.5895115980141827,0.0,-7.808383922500841
9.98,-0.2936064139476163,1.0826292622307854,-0.019737130807200392,0.27386928314041586,0.008750600810261387,0.9864669439880458,50.0,0.17430807992637587,10.0,0.8457446905115742,1.9735092197429065,0.356022756562986,-0.4897219339485882,0.22155276939098056,0.7299758240475296,50.0,-5.0,-10.0,0.09720409401924204,-1.8503633026678075,0.34862496508245466,0.25142087106321265,0.11259746687416029,0.05508455801855883,50.0,5.0,10.0,0.000728730847196853,0.9987702739079525,-0.019737130807200392,-0.020465861654397247,-0.00011461362763136426,0.9864669439880465,50.0,-0.00916979559874068,-10.0,-0.005140838195779703,0.914161983687234,-0.019737130807200392,-0.014596292611420689,0.002013522648469846,0.9864669439880465,32.695205071482484,-0.039295512724346164,-10.0,-0.018193885598716417,0.9873850391545618,-0.019737130807200392,-0.0015432452084839753,-0.00017384443499944118,0.9864669439880465,0.34362914514201914,-0.0010842679567562782,-7.856558969953189
9.99,-0.27489176673162946,1.8714647215986833,-0.009869344645563995,0.26502242208606547,0.011213678558962173,0.9867786161636416,50.0,0.18986330463016124,10.0,0.8510884782651901,0.5343787753615834,0.3631960216132975,-0.48789245665189257,0.2166204069469255,0.7173265050311517,50.0,-5.0,-10.0,0.1088517888587421,1.1647694839500047,0.34895561166247596,0.24010382280373388,0.11488202815380262,0.033064658002129876,50.0,5.0,8.59232545379856,0.010581020042840816,0.9852289195643963,-0.009869344645563995,-0.02045036468840481,-0.000417640166471852,0.9867786161636395,50.0,0.0070414776829343766,-10.0,0.004747847388369291,0.9888685584148994,-0.009869344645563995,-0.014617192033933286,0.0017684638722890234,0.9867786161636397,33.19489622482971,-0.04637711821123702,-10.0,-0.008328278368366186,0.9865607230350231,-0.009869344645563995,-0.0015410662771978088,-0.00028791117007492156,0.9867786161636397,-0.009855189548159934,-0.00017054834615907438,-7.834684015419988
